JvmtiExport can_access_local_variables 0
JvmtiExport can_hotswap_or_post_breakpoint 0
JvmtiExport can_post_on_exceptions 0
# 430 ciObject found
instanceKlass io/mola/galimatias/URLParser
ciInstanceKlass java/lang/Cloneable 1 0 5 1 100 1 100
instanceKlass net/sf/saxon/str/Slice24$1
instanceKlass net/sf/saxon/str/LargeTextBuffer$Segment24
instanceKlass java/util/regex/Pattern$1
instanceKlass jdk/internal/access/foreign/MemorySegmentProxy
instanceKlass org/idpf/epubcheck/util/css/CssGrammar$1
instanceKlass org/idpf/epubcheck/util/css/CssGrammar$CssConstructFactory$5
instanceKlass org/idpf/epubcheck/util/css/CssGrammar$CssConstructFactory$4
instanceKlass org/idpf/epubcheck/util/css/CssGrammar$CssConstructFactory$3
instanceKlass org/idpf/epubcheck/util/css/CssGrammar$CssConstructFactory$2
instanceKlass org/idpf/epubcheck/util/css/CssGrammar$CssConstructFactory$1
instanceKlass org/idpf/epubcheck/util/css/CssGrammar$CssConstructFactory$CssTokenTransform
instanceKlass org/idpf/epubcheck/util/css/CssGrammar$CssConstructFactory
instanceKlass org/idpf/epubcheck/util/css/CssParser$ContextRestrictions$5
instanceKlass org/idpf/epubcheck/util/css/CssParser$ContextRestrictions$4
instanceKlass org/idpf/epubcheck/util/css/CssParser$ContextRestrictions$3
instanceKlass org/idpf/epubcheck/util/css/CssParser$ContextRestrictions$2
instanceKlass org/idpf/epubcheck/util/css/CssParser$ContextRestrictions$1
instanceKlass org/idpf/epubcheck/util/css/CssParser$ContextRestrictions
instanceKlass org/idpf/epubcheck/util/css/CssToken$Matchers$18
instanceKlass org/idpf/epubcheck/util/css/CssToken$Matchers$17
instanceKlass org/idpf/epubcheck/util/css/CssToken$Matchers$16
instanceKlass org/idpf/epubcheck/util/css/CssToken$Matchers$15
instanceKlass org/idpf/epubcheck/util/css/CssToken$Matchers$14
instanceKlass org/idpf/epubcheck/util/css/CssToken$Matchers$13
instanceKlass org/idpf/epubcheck/util/css/CssToken$Matchers$12
instanceKlass org/idpf/epubcheck/util/css/CssToken$Matchers$11
instanceKlass org/idpf/epubcheck/util/css/CssToken$Matchers$10
instanceKlass org/idpf/epubcheck/util/css/CssToken$Matchers$9
instanceKlass org/idpf/epubcheck/util/css/CssToken$Matchers$8
instanceKlass org/idpf/epubcheck/util/css/CssToken$Matchers$7
instanceKlass org/idpf/epubcheck/util/css/CssToken$Matchers$6
instanceKlass org/idpf/epubcheck/util/css/CssToken$Matchers$5
instanceKlass org/idpf/epubcheck/util/css/CssToken$Matchers$4
instanceKlass org/idpf/epubcheck/util/css/CssToken$Matchers$3
instanceKlass org/idpf/epubcheck/util/css/CssToken$Matchers$2
instanceKlass org/idpf/epubcheck/util/css/CssToken$Matchers$1
instanceKlass org/idpf/epubcheck/util/css/CssToken$Matchers
instanceKlass org/idpf/epubcheck/util/css/CssTokenList$CssTokenIterator
instanceKlass org/idpf/epubcheck/util/css/CssTokenList$Filters$3
instanceKlass org/idpf/epubcheck/util/css/CssTokenList$Filters$2
instanceKlass org/idpf/epubcheck/util/css/CssTokenList$Filters$1
instanceKlass org/idpf/epubcheck/util/css/CssTokenList$Filters
instanceKlass org/idpf/epubcheck/util/css/CssReader$1
instanceKlass org/idpf/epubcheck/util/css/CssLocation
instanceKlass org/idpf/epubcheck/util/css/CssToken
instanceKlass org/idpf/epubcheck/util/css/CssEscape
instanceKlass com/google/common/primitives/IntsMethodsForWeb
instanceKlass org/idpf/epubcheck/util/css/CssReader$Mark
instanceKlass org/idpf/epubcheck/util/css/CssToken$TokenBuilder
instanceKlass org/idpf/epubcheck/util/css/CssScanner$CssEscapeMemoizer
instanceKlass org/idpf/epubcheck/util/css/CssReader
instanceKlass org/idpf/epubcheck/util/css/CssParser$1
instanceKlass org/idpf/epubcheck/util/css/CssGrammar
instanceKlass org/idpf/epubcheck/util/css/CssGrammar$CssSelectorConstructFactory
instanceKlass org/idpf/epubcheck/util/css/CssToken$CssTokenConsumer
instanceKlass org/idpf/epubcheck/util/css/CssParser
instanceKlass com/google/common/primitives/Bytes
instanceKlass org/idpf/epubcheck/util/css/CssScanner
instanceKlass com/google/common/io/ByteArrayDataInput
instanceKlass com/google/common/io/ByteArrayDataOutput
instanceKlass com/google/common/io/ByteStreams
instanceKlass org/idpf/epubcheck/util/css/CssSource
instanceKlass java/util/BitSet
instanceKlass org/idpf/epubcheck/util/css/CssGrammar$CssConstruct
instanceKlass com/adobe/epubcheck/css/CSSHandler
instanceKlass org/idpf/epubcheck/util/css/CssErrorHandler
instanceKlass org/idpf/epubcheck/util/css/CssContentHandler
instanceKlass net/sf/saxon/z/IntRangeToIntMap
instanceKlass net/sf/saxon/str/ToLower
instanceKlass org/w3c/epubcheck/core/references/Reference
instanceKlass com/adobe/epubcheck/util/SourceSet$Builder
instanceKlass com/adobe/epubcheck/util/SourceSet$Parser
instanceKlass com/adobe/epubcheck/util/SourceSet$1
instanceKlass com/adobe/epubcheck/util/SourceSet
instanceKlass com/thaiopensource/validate/nvdl/IntSet
instanceKlass com/thaiopensource/validate/nvdl/ContextMap$Enumerator
instanceKlass com/thaiopensource/validate/nvdl/ValidatorImpl$PrefixMapping
instanceKlass org/apache/xerces/util/SymbolHash$Entry
instanceKlass org/apache/xerces/util/SymbolHash
instanceKlass org/apache/xerces/impl/dtd/XMLContentSpec
instanceKlass org/apache/xerces/impl/dtd/DTDGrammar$QNameHashtable
instanceKlass org/apache/xerces/impl/dtd/models/MixedContentModel
instanceKlass org/apache/xerces/impl/dtd/models/CMNode
instanceKlass org/apache/xerces/impl/dtd/models/ContentModelValidator
instanceKlass com/thaiopensource/validate/nvdl/ValidatorImpl$Program
instanceKlass com/thaiopensource/validate/nvdl/ValidatorImpl$Section
instanceKlass com/thaiopensource/validate/nvdl/SectionState
instanceKlass com/adobe/epubcheck/vocab/AltStylesheetVocab
instanceKlass com/adobe/epubcheck/vocab/MagazineNavigationVocab
instanceKlass com/adobe/epubcheck/vocab/ComicsVocab
instanceKlass com/adobe/epubcheck/vocab/IndexVocab
instanceKlass com/adobe/epubcheck/vocab/DictVocab
instanceKlass com/adobe/epubcheck/vocab/DataNavVocab
instanceKlass com/adobe/epubcheck/vocab/StagingEdupubVocab
instanceKlass java/util/JumboEnumSet$EnumSetIterator
instanceKlass com/adobe/epubcheck/vocab/StructureVocab
instanceKlass org/w3c/epubcheck/util/microsyntax/ViewportMeta$ErrorHandler
instanceKlass com/google/common/base/Predicates$NotPredicate
instanceKlass com/adobe/epubcheck/opf/ValidationContext$ValidationContextPredicates$3
instanceKlass com/adobe/epubcheck/bitmap/BitmapChecker$ImageHeuristics
instanceKlass com/twelvemonkeys/imageio/plugins/jpeg/Scan$Component
instanceKlass com/twelvemonkeys/imageio/plugins/jpeg/Frame$Component
instanceKlass com/twelvemonkeys/imageio/plugins/jpeg/Segment
instanceKlass com/twelvemonkeys/imageio/metadata/jpeg/JPEGSegment
instanceKlass com/twelvemonkeys/imageio/metadata/jpeg/JPEGSegmentUtil
instanceKlass com/twelvemonkeys/imageio/plugins/jpeg/JPEGSegmentImageInputStream$ComponentIdSet
instanceKlass com/twelvemonkeys/imageio/plugins/jpeg/JPEGImageReader$JPEGSegmentWarningDelegate
instanceKlass com/twelvemonkeys/imageio/plugins/jpeg/JPEGSegmentImageInputStream$Segment
instanceKlass com/sun/imageio/stream/CloseableDisposerRecord
instanceKlass javax/imageio/ImageIO$ContainsFilter
instanceKlass sun/java2d/DisposerTarget
instanceKlass sun/awt/util/ThreadGroupUtils
instanceKlass sun/java2d/Disposer$1
instanceKlass sun/java2d/Disposer
instanceKlass com/sun/imageio/plugins/jpeg/JPEGImageReader$JPEGReaderDisposerRecord
instanceKlass sun/java2d/DisposerRecord
instanceKlass com/sun/imageio/plugins/jpeg/JPEGImageReader$CallBackLock
instanceKlass javax/imageio/plugins/jpeg/JPEGHuffmanTable
instanceKlass javax/imageio/plugins/jpeg/JPEGQTable
instanceKlass com/sun/imageio/plugins/jpeg/JPEGImageReader$1
instanceKlass java/awt/geom/Point2D
instanceKlass javax/imageio/metadata/IIOMetadata
instanceKlass com/twelvemonkeys/imageio/plugins/jpeg/JPEGSegmentWarningListener
instanceKlass javax/imageio/event/IIOReadUpdateListener
instanceKlass java/awt/image/Raster
instanceKlass com/twelvemonkeys/imageio/util/ProgressListenerBase
instanceKlass javax/imageio/event/IIOWriteProgressListener
instanceKlass javax/imageio/event/IIOReadProgressListener
instanceKlass javax/imageio/event/IIOReadWarningListener
instanceKlass java/util/EventListener
instanceKlass javax/imageio/IIOParam
instanceKlass javax/imageio/ImageIO$ImageReaderIterator
instanceKlass sun/nio/ch/IOStatus
instanceKlass java/nio/DirectByteBuffer$Deallocator
instanceKlass sun/nio/ch/Util$BufferCache
instanceKlass sun/nio/ch/Util
instanceKlass sun/nio/ch/NativeThread
instanceKlass java/nio/channels/spi/AbstractInterruptibleChannel$1
instanceKlass sun/nio/ch/Interruptible
instanceKlass javax/imageio/ImageIO$CanDecodeInputFilter
instanceKlass sun/nio/ch/FileChannelImpl$Closer
instanceKlass sun/nio/ch/NativeDispatcher
instanceKlass sun/nio/ch/NativeThreadSet
instanceKlass sun/nio/ch/IOUtil
instanceKlass sun/nio/fs/WindowsChannelFactory$2
instanceKlass sun/nio/fs/WindowsChannelFactory$Flags
instanceKlass sun/nio/fs/WindowsChannelFactory$1
instanceKlass sun/nio/fs/WindowsChannelFactory
instanceKlass sun/nio/fs/WindowsSecurityDescriptor
instanceKlass java/nio/file/attribute/FileAttribute
instanceKlass java/nio/channels/spi/AbstractInterruptibleChannel
instanceKlass java/nio/channels/InterruptibleChannel
instanceKlass java/nio/channels/ScatteringByteChannel
instanceKlass java/nio/channels/GatheringByteChannel
instanceKlass com/twelvemonkeys/imageio/stream/BufferedChannelImageInputStream$1
instanceKlass javax/imageio/stream/ImageInputStreamImpl
instanceKlass javax/imageio/ImageIO$CacheInfo
instanceKlass java/awt/image/RenderedImage
instanceKlass javax/imageio/ImageTypeSpecifier
instanceKlass javax/imageio/metadata/IIOMetadataFormat
instanceKlass javax/imageio/ImageWriter
instanceKlass javax/imageio/ImageTranscoder
instanceKlass javax/imageio/ImageReader
instanceKlass com/twelvemonkeys/imageio/util/IIOUtil
instanceKlass java/awt/image/ColorConvertOp
instanceKlass java/awt/image/RasterOp
instanceKlass java/awt/image/BufferedImageOp
instanceKlass com/twelvemonkeys/imageio/color/ProfileDeferralActivator
instanceKlass com/twelvemonkeys/imageio/stream/BufferedInputStreamImageInputStreamSpi$InputStreamFilter
instanceKlass com/twelvemonkeys/imageio/stream/Cache
instanceKlass java/nio/channels/SeekableByteChannel
instanceKlass java/nio/channels/ByteChannel
instanceKlass java/nio/channels/WritableByteChannel
instanceKlass java/nio/channels/ReadableByteChannel
instanceKlass java/nio/channels/Channel
instanceKlass com/twelvemonkeys/imageio/stream/BufferedRAFImageInputStreamSpi$RAFInputFilter
instanceKlass javax/imageio/spi/FilterIterator
instanceKlass javax/imageio/spi/PartialOrderIterator
instanceKlass com/twelvemonkeys/imageio/stream/BufferedFileImageInputStreamSpi$FileInputFilter
instanceKlass com/twelvemonkeys/lang/Validate
instanceKlass javax/imageio/spi/ServiceRegistry$Filter
instanceKlass com/twelvemonkeys/imageio/spi/ProviderInfo
instanceKlass javax/imageio/spi/IIORegistry$1
instanceKlass sun/java2d/cmm/ProfileDeferralInfo
instanceKlass java/awt/color/ICC_Profile$BuiltInProfile
instanceKlass java/awt/color/ICC_Profile
instanceKlass java/awt/color/ColorSpace$BuiltInSpace
instanceKlass java/awt/color/ColorSpace
instanceKlass com/sun/imageio/plugins/jpeg/JPEG
instanceKlass javax/imageio/stream/ImageOutputStream
instanceKlass javax/imageio/spi/DigraphNode
instanceKlass javax/imageio/spi/SubRegistry
instanceKlass java/util/Vector$Itr
instanceKlass sun/awt/PostEventQueue
instanceKlass sun/awt/MostRecentKeyValue
instanceKlass java/awt/Queue
instanceKlass java/awt/EventQueue$3
instanceKlass java/awt/EventQueue$2
instanceKlass sun/awt/AWTAccessor$EventQueueAccessor
instanceKlass java/awt/EventQueue$1
instanceKlass java/awt/EventQueue
instanceKlass sun/awt/AppContext$1
instanceKlass sun/awt/WeakIdentityHashMap
instanceKlass java/util/concurrent/locks/AbstractQueuedSynchronizer$ConditionObject
instanceKlass java/util/concurrent/locks/Condition
instanceKlass java/awt/GraphicsEnvironment
instanceKlass java/awt/Insets
instanceKlass java/awt/Toolkit$1
instanceKlass java/awt/Toolkit$2
instanceKlass java/util/ResourceBundle$3
instanceKlass java/awt/Toolkit$4
instanceKlass sun/awt/AWTAccessor
instanceKlass java/awt/Toolkit$3
instanceKlass sun/awt/AWTAccessor$ToolkitAccessor
instanceKlass java/awt/Toolkit
instanceKlass sun/awt/KeyboardFocusManagerPeerProvider
instanceKlass sun/awt/InputMethodSupport
instanceKlass sun/awt/ComponentFactory
instanceKlass sun/awt/AppContext$2
instanceKlass sun/awt/AppContext$3
instanceKlass sun/awt/AppContext$6
instanceKlass jdk/internal/access/JavaAWTAccess
instanceKlass sun/awt/AppContext$GetAppContextLock
instanceKlass sun/util/logging/PlatformLogger
instanceKlass sun/awt/AppContext
instanceKlass javax/imageio/spi/IIOServiceProvider
instanceKlass javax/imageio/spi/RegisterableService
instanceKlass javax/imageio/spi/ServiceRegistry
instanceKlass javax/imageio/ImageIO
instanceKlass java/io/FileOutputStream$1
instanceKlass java/io/File$TempDirectory
instanceKlass javax/imageio/stream/ImageInputStream
instanceKlass org/w3c/epubcheck/core/references/Resource$Builder
instanceKlass net/sf/saxon/tree/iter/RangeIterator
instanceKlass net/sf/saxon/regex/ATokenIterator
instanceKlass net/sf/saxon/expr/GeneralComparison$1
instanceKlass net/sf/saxon/expr/sort/DocumentOrderIterator
instanceKlass net/sf/saxon/regex/OpChoice$1
instanceKlass net/sf/saxon/tree/tiny/TinyTextualElement$TinyTextualElementText
instanceKlass net/sf/saxon/tree/tiny/DescendantIteratorSansText
instanceKlass net/sf/saxon/regex/OpCapture$1
instanceKlass net/sf/saxon/z/IntStepIterator
instanceKlass net/sf/saxon/regex/Operation$ForceProgressIterator
instanceKlass net/sf/saxon/regex/OpRepeat$1
instanceKlass net/sf/saxon/tree/tiny/AncestorIterator
instanceKlass net/sf/saxon/expr/FilterIterator
instanceKlass net/sf/saxon/expr/ContextMappingFunction
instanceKlass net/sf/saxon/expr/ContextMappingIterator
instanceKlass net/sf/saxon/expr/ItemCheckingIterator
instanceKlass com/adobe/epubcheck/opf/OPFItems$1
instanceKlass com/adobe/epubcheck/opf/FallbackChainResolver
instanceKlass com/adobe/epubcheck/opf/OPFItems
instanceKlass com/google/common/collect/Collections2
instanceKlass com/adobe/epubcheck/vocab/Property$1
instanceKlass com/adobe/epubcheck/opf/OPFItem$Builder
instanceKlass com/adobe/epubcheck/opf/MetadataSet$4
instanceKlass com/google/common/collect/ImmutableMultimap$Builder
instanceKlass com/google/common/collect/AbstractMapBasedMultimap$WrappedCollection$WrappedIterator
instanceKlass com/google/common/collect/AbstractMapBasedMultimap$AsMap$AsMapIterator
instanceKlass com/google/common/collect/SortedIterable
instanceKlass com/adobe/epubcheck/opf/MetadataSet$2
instanceKlass com/google/common/base/Suppliers$MemoizingSupplier
instanceKlass com/google/common/base/Suppliers$NonSerializableMemoizingSupplier
instanceKlass com/google/common/base/Suppliers
instanceKlass com/adobe/epubcheck/opf/MetadataSet$1
instanceKlass com/adobe/epubcheck/opf/MetadataSet$5
instanceKlass java/text/DontCareFieldPosition$1
instanceKlass java/text/Format$FieldDelegate
instanceKlass java/text/DigitList
instanceKlass java/text/FieldPosition
instanceKlass java/lang/StringUTF16$CharsSpliterator
instanceKlass java/util/stream/Sink$ChainedInt
instanceKlass java/util/OptionalInt
instanceKlass java/util/stream/Sink$OfInt
instanceKlass java/util/function/IntConsumer
instanceKlass java/util/stream/IntStream
instanceKlass java/lang/StringLatin1$CharsSpliterator
instanceKlass java/text/DecimalFormatSymbols
instanceKlass java/text/DateFormatSymbols
instanceKlass java/util/Calendar$Builder
instanceKlass java/text/AttributedCharacterIterator$Attribute
instanceKlass java/text/Format
instanceKlass sun/util/resources/Bundles$CacheKeyReference
instanceKlass java/util/ResourceBundle$ResourceBundleProviderHelper
instanceKlass sun/util/resources/Bundles$CacheKey
instanceKlass sun/util/resources/Bundles
instanceKlass sun/util/resources/LocaleData$LocaleDataStrategy
instanceKlass sun/util/resources/Bundles$Strategy
instanceKlass sun/util/resources/LocaleData$1
instanceKlass sun/util/resources/LocaleData
instanceKlass sun/util/locale/provider/LocaleResources
instanceKlass sun/util/locale/provider/AvailableLanguageTags
instanceKlass sun/util/resources/cldr/provider/CLDRLocaleDataMetaInfo
instanceKlass jdk/internal/module/ModulePatcher$PatchedModuleReader
instanceKlass sun/util/locale/BaseLocale$Key
instanceKlass sun/util/cldr/CLDRBaseLocaleDataMetaInfo
instanceKlass sun/util/locale/provider/LocaleDataMetaInfo
instanceKlass sun/util/locale/provider/ResourceBundleBasedAdapter
instanceKlass sun/util/locale/provider/LocaleProviderAdapter$1
instanceKlass sun/util/locale/provider/LocaleProviderAdapter
instanceKlass sun/util/locale/provider/CalendarDataUtility$CalendarWeekParameterGetter
instanceKlass sun/util/locale/provider/LocaleServiceProviderPool$LocalizedObjectGetter
instanceKlass sun/util/locale/provider/LocaleServiceProviderPool
instanceKlass java/util/spi/LocaleServiceProvider
instanceKlass sun/util/locale/provider/CalendarDataUtility
instanceKlass java/util/Calendar
instanceKlass com/adobe/epubcheck/util/DateParser
instanceKlass sun/util/locale/StringTokenIterator
instanceKlass sun/util/locale/LanguageTag
instanceKlass sun/util/locale/ParseStatus
instanceKlass sun/util/locale/InternalLocaleBuilder$CaseInsensitiveChar
instanceKlass sun/util/locale/InternalLocaleBuilder
instanceKlass java/util/Locale$Builder
instanceKlass com/adobe/epubcheck/api/FeatureReport$Feature
instanceKlass com/adobe/epubcheck/vocab/DCMESVocab
instanceKlass com/adobe/epubcheck/opf/MetadataSet$Metadata
instanceKlass com/google/common/collect/Iterables$6$1
instanceKlass com/google/common/base/NullnessCasts
instanceKlass com/google/common/base/AbstractIterator$1
instanceKlass com/google/common/base/Splitter$5
instanceKlass com/adobe/epubcheck/opf/LinkedResources$Builder
instanceKlass com/adobe/epubcheck/opf/LinkedResources
instanceKlass com/adobe/epubcheck/opf/MetadataSet$Builder
instanceKlass com/adobe/epubcheck/opf/MetadataSet
instanceKlass com/adobe/epubcheck/util/ReportingLevel
instanceKlass com/adobe/epubcheck/messages/Message
instanceKlass com/adobe/epubcheck/vocab/PrefixDeclarationParser$1
instanceKlass java/util/DualPivotQuicksort
instanceKlass com/adobe/epubcheck/vocab/PrefixDeclarationParser
instanceKlass com/adobe/epubcheck/opf/ResourceCollections$Builder
instanceKlass com/adobe/epubcheck/opf/ResourceCollections
instanceKlass com/google/common/collect/Lists
instanceKlass com/adobe/epubcheck/vocab/ScriptedCompVocab
instanceKlass com/google/common/base/AbstractIterator
instanceKlass com/google/common/base/Splitter$3
instanceKlass com/google/common/base/CommonMatcher
instanceKlass com/google/common/base/Splitter$Strategy
instanceKlass com/google/common/base/Splitter
instanceKlass com/adobe/epubcheck/vocab/VocabUtil
instanceKlass com/adobe/epubcheck/vocab/RenditionVocabs
instanceKlass com/adobe/epubcheck/vocab/MediaOverlaysVocab
instanceKlass com/adobe/epubcheck/vocab/AccessibilityVocab
instanceKlass com/adobe/epubcheck/vocab/AggregateVocab
instanceKlass com/adobe/epubcheck/vocab/PackageVocabs
instanceKlass com/adobe/epubcheck/vocab/UncheckedVocab
instanceKlass com/adobe/epubcheck/vocab/ForeignVocabs
instanceKlass com/adobe/epubcheck/opf/ValidationContext$ValidationContextPredicates$2
instanceKlass org/w3c/epubcheck/core/CheckerFactory$1
instanceKlass org/w3c/epubcheck/core/CheckerFactory
instanceKlass net/sf/saxon/tree/tiny/PrecedingSiblingIterator
instanceKlass net/sf/saxon/om/FocusTrackingIterator$SiblingMemory
instanceKlass com/google/common/math/IntMath$1
instanceKlass com/google/common/math/MathPreconditions
instanceKlass com/google/common/math/IntMath
instanceKlass com/adobe/epubcheck/xml/HTMLUtils
instanceKlass com/thaiopensource/resolver/xml/transform/Transform$1
instanceKlass com/thaiopensource/resolver/xml/transform/Transform
instanceKlass com/thaiopensource/validate/schematron/ValidatorImpl
instanceKlass com/google/common/collect/NullnessCasts
instanceKlass com/google/common/collect/AbstractIterator$1
instanceKlass com/adobe/epubcheck/util/ValidatorMap$1
instanceKlass com/google/common/collect/FluentIterable
instanceKlass com/google/common/collect/LinkedListMultimap$ValueForKeyIterator
instanceKlass com/google/common/base/Predicates$OrPredicate
instanceKlass com/google/common/collect/LinkedListMultimap$DistinctKeyIterator
instanceKlass com/google/common/collect/Multimaps$AsMap$EntrySet$1
instanceKlass com/google/common/collect/Maps$9
instanceKlass com/adobe/epubcheck/util/ValidatorMap$Builder$1
instanceKlass com/adobe/epubcheck/opf/ValidationContext$ValidationContextPredicates$5
instanceKlass com/adobe/epubcheck/opf/ValidationContext$ValidationContextPredicates$1
instanceKlass com/adobe/epubcheck/vocab/PropertyStatus$3
instanceKlass com/adobe/epubcheck/vocab/PropertyStatus$2
instanceKlass com/adobe/epubcheck/vocab/PropertyStatus$1
instanceKlass com/adobe/epubcheck/vocab/PropertyStatus
instanceKlass com/adobe/epubcheck/vocab/Property
instanceKlass com/google/common/collect/TransformedIterator
instanceKlass com/google/common/collect/Maps$13
instanceKlass com/adobe/epubcheck/vocab/EnumVocab$1
instanceKlass com/google/common/base/Ascii
instanceKlass com/google/common/base/Enums
instanceKlass com/google/common/base/CharMatcher
instanceKlass com/adobe/epubcheck/vocab/EnumVocab
instanceKlass com/adobe/epubcheck/vocab/Vocab
instanceKlass com/adobe/epubcheck/vocab/EpubCheckVocab
instanceKlass com/google/common/collect/LinkedListMultimap$KeyList
instanceKlass net/sf/saxon/z/IntSingletonIterator
instanceKlass net/sf/saxon/z/IntHashSet$IntHashSetIterator
instanceKlass net/sf/saxon/z/IntArraySet$IntArrayIterator
instanceKlass net/sf/saxon/z/IntToIntHashMap
instanceKlass net/sf/saxon/z/IntToIntMap
instanceKlass net/sf/saxon/regex/CaseVariants
instanceKlass com/thaiopensource/validate/nvdl/ContextMap
instanceKlass com/thaiopensource/validate/nvdl/Path
instanceKlass com/thaiopensource/validate/nvdl/Hashset
instanceKlass com/thaiopensource/relaxng/pattern/DataDerivFailure
instanceKlass com/thaiopensource/relaxng/pattern/DatatypeValue
instanceKlass java/util/Vector$1
instanceKlass com/thaiopensource/validate/nvdl/ElementsOrAttributes
instanceKlass com/thaiopensource/validate/nvdl/SchemaImpl$Handler$ModeData
instanceKlass com/thaiopensource/validate/nvdl/AttributeActionSet
instanceKlass com/thaiopensource/validate/nvdl/NamespaceSpecification
instanceKlass com/thaiopensource/validate/nvdl/ModeUsage
instanceKlass com/thaiopensource/validate/nvdl/ActionSet
instanceKlass com/thaiopensource/validate/nvdl/Mode
instanceKlass com/thaiopensource/validate/nvdl/Action
instanceKlass com/thaiopensource/validate/nvdl/SchemaReceiverImpl
instanceKlass net/sf/saxon/expr/parser/LoopLifter$1
instanceKlass com/thaiopensource/validate/schematron/SchemaReaderImpl$SAXErrorListener
instanceKlass com/thaiopensource/relaxng/pattern/DuplicateAttributeDetector$1
instanceKlass com/thaiopensource/relaxng/pattern/NsNameExceptNameClass
instanceKlass net/sf/saxon/expr/sort/CodepointCollatingComparer
instanceKlass net/sf/saxon/str/Twine16$1
instanceKlass net/sf/saxon/str/Slice16$1
instanceKlass net/sf/saxon/str/LargeTextBuffer$Segment16
instanceKlass java/util/IdentityHashMap$EntryIterator$Entry
instanceKlass java/util/IdentityHashMap$IdentityHashMapIterator
instanceKlass net/sf/saxon/expr/sort/SimpleTypeComparison
instanceKlass net/sf/saxon/expr/sort/EqualityMatcher
instanceKlass com/thaiopensource/relaxng/pattern/SchemaBuilderImpl$Override
instanceKlass net/sf/saxon/expr/sort/ContextFreeAtomicComparer
instanceKlass net/sf/saxon/regex/OpSequence$1
instanceKlass net/sf/saxon/regex/REMatcher$State
instanceKlass net/sf/saxon/regex/History
instanceKlass net/sf/saxon/regex/REMatcher
instanceKlass net/sf/saxon/z/IntUnionPredicate
instanceKlass net/sf/saxon/regex/charclass/Categories$Category
instanceKlass net/sf/saxon/tree/iter/ListIterator
instanceKlass org/apache/xerces/util/EncodingMap
instanceKlass net/sf/saxon/regex/charclass/PredicateCharacterClass
instanceKlass net/sf/saxon/regex/charclass/InverseCharacterClass
instanceKlass net/sf/saxon/regex/charclass/Categories
instanceKlass net/sf/saxon/expr/AxisAtomizingIterator
instanceKlass net/sf/saxon/str/Slice8$1
instanceKlass net/sf/saxon/tree/wrapper/AbstractVirtualNode
instanceKlass net/sf/saxon/tree/wrapper/VirtualNode
instanceKlass net/sf/saxon/expr/sort/EmptyIntIterator
instanceKlass org/idpf/epubcheck/util/saxon/SystemIdFunction$SystemIdSequence
instanceKlass org/idpf/epubcheck/util/saxon/Int64ValueSequence
instanceKlass net/sf/saxon/expr/parser/ExpressionTool$1
instanceKlass net/sf/saxon/value/FloatingPointConverter
instanceKlass net/sf/saxon/om/MemoSequence$ProgressiveIterator
instanceKlass net/sf/saxon/om/MemoSequence$1
instanceKlass net/sf/saxon/om/MemoSequence
instanceKlass net/sf/saxon/expr/instruct/CallTemplate$CallTemplatePackage
instanceKlass net/sf/saxon/tree/iter/ManualIterator
instanceKlass net/sf/saxon/tree/iter/AtomizingIterator
instanceKlass net/sf/saxon/tree/iter/PrependSequenceIterator
instanceKlass net/sf/saxon/expr/instruct/ParameterSet
instanceKlass net/sf/saxon/value/ObjectValue
instanceKlass net/sf/saxon/value/AnyExternalObject
instanceKlass net/sf/saxon/tree/util/AttributeCollectionImpl
instanceKlass java/util/AbstractMap$SimpleImmutableEntry
instanceKlass net/sf/saxon/om/LazySequence
instanceKlass net/sf/saxon/expr/UnionIterator$Intake
instanceKlass net/sf/saxon/expr/UnionIterator$IntakeComparer
instanceKlass net/sf/saxon/expr/UnionIterator
instanceKlass net/sf/saxon/expr/instruct/ApplyTemplates$ApplyTemplatesPackage
instanceKlass net/sf/saxon/expr/instruct/Bindery
instanceKlass net/sf/saxon/om/CodedName
instanceKlass net/sf/saxon/tree/tiny/AttributeIterator
instanceKlass net/sf/saxon/expr/sort/LFUCacheEntryWithCounter
instanceKlass net/sf/saxon/lib/StandardURIChecker
instanceKlass net/sf/saxon/expr/instruct/AbstractBlockIterator
instanceKlass net/sf/saxon/tree/tiny/NamedChildIterator
instanceKlass net/sf/saxon/z/IntSetPredicate
instanceKlass net/sf/saxon/tree/tiny/SiblingIterator
instanceKlass net/sf/saxon/trans/rules/RuleSearchState
instanceKlass net/sf/saxon/expr/XPathContextMinor$LastValue
instanceKlass net/sf/saxon/expr/MappingIterator
instanceKlass net/sf/saxon/expr/SequenceMapper
instanceKlass net/sf/saxon/expr/SequenceMapper$Lambda
instanceKlass net/sf/saxon/event/ContentHandlerProxyLocator
instanceKlass net/sf/saxon/expr/StackFrame
instanceKlass net/sf/saxon/expr/XPathContextMinor
instanceKlass net/sf/saxon/event/ContentHandlerProxy
instanceKlass net/sf/saxon/s9api/AbstractDestination
instanceKlass javax/xml/transform/stream/StreamResult
instanceKlass javax/xml/transform/dom/DOMSource
instanceKlass com/thaiopensource/relaxng/pattern/IdSoundnessChecker$Entry
instanceKlass com/thaiopensource/xml/util/StringSplitter
instanceKlass net/sf/saxon/type/BuiltInListType
instanceKlass net/sf/saxon/type/ListType
instanceKlass net/sf/saxon/str/LargeTextBuffer$Segment8
instanceKlass net/sf/saxon/str/LargeTextBuffer$Segment
instanceKlass net/sf/saxon/str/LargeTextBuffer
instanceKlass net/sf/saxon/om/PrefixPool
instanceKlass net/sf/saxon/om/GenericTreeInfo
instanceKlass net/sf/saxon/tree/tiny/NodeVectorTree
instanceKlass javax/xml/transform/sax/SAXResult
instanceKlass com/thaiopensource/xml/sax/DelegatingContentHandler
instanceKlass net/sf/saxon/jaxp/TemplatesHandlerImpl$1
instanceKlass com/thaiopensource/validate/schematron/ISOSchemaReaderImpl$SAXErrorListener
instanceKlass com/thaiopensource/xml/sax/ForkContentHandler
instanceKlass com/thaiopensource/relaxng/pattern/IdSoundnessChecker
instanceKlass com/thaiopensource/relaxng/sax/IdContentHandler
instanceKlass com/thaiopensource/relaxng/pattern/PatternMemo
instanceKlass com/thaiopensource/relaxng/pattern/PatternMatcher$Shared
instanceKlass com/thaiopensource/relaxng/pattern/PatternMatcher
instanceKlass com/thaiopensource/relaxng/sax/Context$PrefixMapping
instanceKlass com/thaiopensource/relaxng/pattern/DataDerivType
instanceKlass com/thaiopensource/relaxng/pattern/NullNameClass
instanceKlass com/thaiopensource/relaxng/pattern/NormalizedNameClass
instanceKlass com/thaiopensource/relaxng/match/NameClass
instanceKlass com/thaiopensource/relaxng/pattern/AbstractNameClassNormalizer
instanceKlass com/thaiopensource/relaxng/match/Matcher
instanceKlass com/thaiopensource/relaxng/match/MatchContext
instanceKlass com/thaiopensource/validate/CombineValidator
instanceKlass net/sf/saxon/om/AllElementsSpaceStrippingRule
instanceKlass net/sf/saxon/lib/ResourceResolverWrappingURIResolver
instanceKlass net/sf/saxon/s9api/DestinationHelper
instanceKlass net/sf/saxon/lib/OutputURIResolverWrapper
instanceKlass net/sf/saxon/serialize/SerializationProperties
instanceKlass net/sf/saxon/lib/StandardMessageHandler
instanceKlass net/sf/saxon/expr/accum/AccumulatorData
instanceKlass net/sf/saxon/expr/accum/IAccumulatorData
instanceKlass net/sf/saxon/expr/accum/AccumulatorManager
instanceKlass net/sf/saxon/om/FocusTrackingIterator
instanceKlass net/sf/saxon/expr/MappingFunction
instanceKlass net/sf/saxon/s9api/AbstractXsltTransformer
instanceKlass org/xml/sax/XMLFilter
instanceKlass net/sf/saxon/Controller
instanceKlass net/sf/saxon/s9api/Destination
instanceKlass com/thaiopensource/validate/schematron/IfValidHandler
instanceKlass com/thaiopensource/xml/sax/CountingErrorHandler
instanceKlass com/thaiopensource/validate/auto/SchemaReaderSchemaReceiver
instanceKlass com/thaiopensource/relaxng/pattern/IdTypeMapBuilder$PossibleConflict
instanceKlass com/thaiopensource/relaxng/pattern/IdTypeMapBuilder$ScopedName
instanceKlass com/thaiopensource/relaxng/pattern/IdTypeMapBuilder$ElementNameClassVisitor
instanceKlass com/thaiopensource/util/VoidValue
instanceKlass com/thaiopensource/relaxng/pattern/IdTypeMapBuilder$IdTypeMapImpl
instanceKlass com/thaiopensource/relaxng/pattern/AbstractPatternFunction
instanceKlass com/thaiopensource/relaxng/pattern/IdTypeMap
instanceKlass com/thaiopensource/relaxng/pattern/PatternFunction
instanceKlass com/thaiopensource/relaxng/pattern/IdTypeMapBuilder
instanceKlass com/thaiopensource/relaxng/pattern/AnyNameClass
instanceKlass com/thaiopensource/relaxng/pattern/AnyNameExceptNameClass
instanceKlass com/thaiopensource/relaxng/pattern/NsNameClass
instanceKlass com/thaiopensource/util/Ref
instanceKlass com/thaiopensource/xml/sax/DraconianErrorHandler
instanceKlass net/sf/saxon/jaxp/TemplatesImpl
instanceKlass net/sf/saxon/s9api/XsltExecutable
instanceKlass net/sf/saxon/expr/ComponentBinding
instanceKlass net/sf/saxon/functions/ExecutableFunctionLibrary
instanceKlass java/util/TimSort
instanceKlass java/util/Arrays$LegacyMergeSort
instanceKlass net/sf/saxon/z/IntHashMap$IntHashMapKeyIterator
instanceKlass net/sf/saxon/trans/Mode$RuleAction
instanceKlass net/sf/saxon/trans/SimpleMode$RuleSorter
instanceKlass net/sf/saxon/expr/parser/LoopLifter$ExpInfo
instanceKlass net/sf/saxon/expr/sort/UntypedNumericComparer
instanceKlass net/sf/saxon/type/TypeHierarchy$1
instanceKlass java/util/Collections$1
instanceKlass net/sf/saxon/value/IntegerRange
instanceKlass net/sf/saxon/expr/parser/LoopLifter
instanceKlass net/sf/saxon/functions/Fold
instanceKlass net/sf/saxon/expr/parser/ExpressionAction
instanceKlass net/sf/saxon/expr/instruct/WithParam
instanceKlass net/sf/saxon/expr/instruct/TailCall
instanceKlass net/sf/saxon/expr/ItemMappingIterator
instanceKlass net/sf/saxon/expr/AtomicSequenceConverter$AtomicSequenceMappingFunction
instanceKlass net/sf/saxon/style/ScopedBindingElement
instanceKlass net/sf/saxon/trans/rules/Rule
instanceKlass net/sf/saxon/expr/instruct/TemplateRule
instanceKlass net/sf/saxon/expr/parser/RebindingMap
instanceKlass net/sf/saxon/expr/Calculator
instanceKlass net/sf/saxon/expr/sort/GenericAtomicComparer
instanceKlass net/sf/saxon/expr/EarlyEvaluationContext
instanceKlass net/sf/saxon/om/NamespaceMap$1
instanceKlass net/sf/saxon/expr/parser/Optimizer
instanceKlass net/sf/saxon/expr/ItemChecker$1
instanceKlass net/sf/saxon/type/PrimitiveUType$1
instanceKlass net/sf/saxon/expr/sort/GlobalOrderComparer
instanceKlass net/sf/saxon/trans/XmlProcessingIncident
instanceKlass net/sf/saxon/expr/sort/SimpleCollation
instanceKlass net/sf/saxon/expr/sort/CodepointCollator
instanceKlass net/sf/saxon/lib/SubstringMatcher
instanceKlass net/sf/saxon/expr/parser/Token
instanceKlass net/sf/saxon/type/AnyExternalObjectType
instanceKlass net/sf/saxon/expr/sort/AtomicComparer
instanceKlass net/sf/saxon/expr/sort/LFUCache
instanceKlass net/sf/saxon/lib/ConversionRules
instanceKlass net/sf/saxon/expr/AtomicSequenceConverter$ToStringMappingFunction
instanceKlass net/sf/saxon/style/AttributeValueTemplate
instanceKlass net/sf/saxon/pattern/PatternMaker
instanceKlass net/sf/saxon/pattern/NodeTest$1
instanceKlass net/sf/saxon/expr/sort/LocalOrderComparer
instanceKlass net/sf/saxon/expr/parser/RoleDiagnostic
instanceKlass net/sf/saxon/type/TypeHierarchy$ItemTypePair
instanceKlass net/sf/saxon/type/TypeHierarchy
instanceKlass net/sf/saxon/expr/parser/ExpressionVisitor
instanceKlass net/sf/saxon/om/AxisInfo
instanceKlass net/sf/saxon/om/NamespaceBinding
instanceKlass net/sf/saxon/tree/iter/EmptyIterator
instanceKlass net/sf/saxon/om/AtomizedValueIterator
instanceKlass net/sf/saxon/expr/parser/XPathParser$NestedLocation
instanceKlass net/sf/saxon/tree/AttributeLocation
instanceKlass net/sf/saxon/expr/parser/Tokenizer
instanceKlass net/sf/saxon/z/IntPredicateLambda
instanceKlass net/sf/saxon/expr/parser/XPathParser$1
instanceKlass net/sf/saxon/expr/parser/ParserExtension
instanceKlass net/sf/saxon/tree/util/IndexedStack
instanceKlass net/sf/saxon/tree/tiny/TinyNodeImpl
instanceKlass net/sf/saxon/style/ExpressionContext
instanceKlass net/sf/saxon/expr/instruct/NamedTemplate$LocalParamInfo
instanceKlass net/sf/saxon/om/ItemConsumer
instanceKlass net/sf/saxon/tree/linked/TreeEnumeration
instanceKlass net/sf/saxon/serialize/charcode/XMLCharacterData
instanceKlass net/sf/saxon/str/StringTool$1
instanceKlass net/sf/saxon/style/ComponentDeclaration
instanceKlass net/sf/saxon/tree/iter/LookaheadIteratorImpl
instanceKlass net/sf/saxon/tree/jiter/WrappingJavaIterator
instanceKlass net/sf/saxon/value/SequenceExtent
instanceKlass net/sf/saxon/tree/iter/ArrayIterator
instanceKlass net/sf/saxon/tree/util/Navigator$ChildrenAsIterable
instanceKlass net/sf/saxon/query/XQueryFunctionLibrary
instanceKlass net/sf/saxon/expr/UserFunctionResolvable
instanceKlass net/sf/saxon/style/StylesheetFunctionLibrary
instanceKlass net/sf/saxon/trans/TypeAliasManager
instanceKlass net/sf/saxon/serialize/CharacterMapIndex
instanceKlass net/sf/saxon/trans/rules/TextOnlyCopyRuleSet
instanceKlass net/sf/saxon/trans/rules/RuleChain
instanceKlass net/sf/saxon/trans/SimpleMode$RuleGroupAction
instanceKlass net/sf/saxon/expr/Component
instanceKlass net/sf/saxon/trans/rules/BuiltInRuleSet
instanceKlass net/sf/saxon/trans/rules/RuleManager
instanceKlass net/sf/saxon/trans/KeyDefinitionSet
instanceKlass net/sf/saxon/expr/parser/ContextItemStaticInfo
instanceKlass net/sf/saxon/trans/DecimalSymbols
instanceKlass net/sf/saxon/trans/DecimalFormatManager
instanceKlass net/sf/saxon/expr/parser/RetainedStaticContext
instanceKlass net/sf/saxon/event/Outputter
instanceKlass net/sf/saxon/expr/parser/Evaluator
instanceKlass net/sf/saxon/expr/parser/ExpressionTool
instanceKlass net/sf/saxon/expr/OperandRole
instanceKlass net/sf/saxon/expr/Operand
instanceKlass net/sf/saxon/expr/oper/OperandArray
instanceKlass net/sf/saxon/expr/ItemMappingFunction
instanceKlass jdk/internal/math/FDBigInteger
instanceKlass java/lang/StrictMath
instanceKlass net/sf/saxon/om/FocusIterator
instanceKlass net/sf/saxon/trace/ExpressionPresenter$Options
instanceKlass net/sf/saxon/expr/parser/PathMap$PathMapNode
instanceKlass net/sf/saxon/trans/KeyManager
instanceKlass net/sf/saxon/expr/accum/AccumulatorRegistry
instanceKlass net/sf/saxon/trans/GlobalVariableManager
instanceKlass net/sf/saxon/tree/iter/SingleNodeIterator
instanceKlass net/sf/saxon/tree/util/Navigator
instanceKlass net/sf/saxon/om/NameOfNode
instanceKlass net/sf/saxon/om/CopyOptions
instanceKlass net/sf/saxon/event/LocationCopier
instanceKlass net/sf/saxon/style/PackageVersion
instanceKlass net/sf/saxon/om/DocumentKey
instanceKlass net/sf/saxon/om/NodeSource
instanceKlass net/sf/saxon/expr/instruct/Executable
instanceKlass net/sf/saxon/expr/instruct/ConditionalInstruction
instanceKlass net/sf/saxon/expr/ComponentInvocation
instanceKlass net/sf/saxon/expr/instruct/ITemplateCall
instanceKlass net/sf/saxon/expr/ContextSwitchingExpression
instanceKlass net/sf/saxon/expr/sort/SortKeyEvaluator
instanceKlass net/sf/saxon/expr/instruct/InstructionWithComplexContent
instanceKlass net/sf/saxon/expr/instruct/ValidatingInstruction
instanceKlass net/sf/saxon/style/SourceBinding
instanceKlass net/sf/saxon/query/Declaration
instanceKlass net/sf/saxon/om/SmallAttributeMap
instanceKlass net/sf/saxon/str/Twine8$1
instanceKlass net/sf/saxon/serialize/charcode/UTF16CharacterSet
instanceKlass net/sf/saxon/serialize/charcode/CharacterSet
instanceKlass net/sf/saxon/regex/charclass/SingletonCharacterClass
instanceKlass net/sf/saxon/value/Whitespace
instanceKlass net/sf/saxon/om/EmptyAttributeMap
instanceKlass net/sf/saxon/pattern/PatternWithPredicate
instanceKlass net/sf/saxon/event/ReceiverOption
instanceKlass net/sf/saxon/type/ValidationFailure
instanceKlass net/sf/saxon/lib/Invalidity
instanceKlass net/sf/saxon/tree/jiter/MonoIterator
instanceKlass net/sf/saxon/lib/NamespaceConstant
instanceKlass net/sf/saxon/om/SequenceTool
instanceKlass net/sf/saxon/om/AttributeInfo
instanceKlass net/sf/saxon/om/NoNamespaceName
instanceKlass net/sf/saxon/om/NameChecker
instanceKlass net/sf/saxon/tree/linked/LineNumberMap
instanceKlass net/sf/saxon/tree/linked/SystemIdMap
instanceKlass net/sf/saxon/tree/iter/AxisIterator
instanceKlass net/sf/saxon/event/CopyInformee
instanceKlass net/sf/saxon/lib/StandardErrorHandler
instanceKlass net/sf/saxon/om/NamespaceMap
instanceKlass net/sf/saxon/om/NamespaceBindingSet
instanceKlass net/sf/saxon/event/ReceivingContentHandler$LocalLocator
instanceKlass net/sf/saxon/event/ReceivingContentHandler
instanceKlass net/sf/saxon/event/Sender
instanceKlass net/sf/saxon/lib/EntityResolverWrappingResourceResolver
instanceKlass net/sf/saxon/om/NoElementsSpaceStrippingRule
instanceKlass net/sf/saxon/lib/AugmentedSource
instanceKlass net/sf/saxon/lib/Feature
instanceKlass net/sf/saxon/event/Stripper$StripRuleTarget
instanceKlass net/sf/saxon/trans/rules/RuleTarget
instanceKlass net/sf/saxon/om/StylesheetSpaceStrippingRule
instanceKlass java/time/OffsetDateTime
instanceKlass java/time/zone/ZoneOffsetTransitionRule$1
instanceKlass java/time/LocalDate$1
instanceKlass java/time/temporal/TemporalAdjusters
instanceKlass java/time/chrono/AbstractChronology
instanceKlass java/time/chrono/Chronology
instanceKlass java/time/zone/Ser
instanceKlass java/io/Externalizable
instanceKlass java/time/zone/ZoneRulesProvider$1
instanceKlass java/time/zone/ZoneRulesProvider
instanceKlass sun/util/calendar/ZoneInfoFile$ZoneOffsetTransitionRule
instanceKlass sun/util/calendar/ZoneInfoFile$1
instanceKlass sun/util/calendar/ZoneInfoFile
instanceKlass java/time/Clock
instanceKlass java/time/InstantSource
instanceKlass java/util/TimeZone
instanceKlass javax/xml/datatype/XMLGregorianCalendar
instanceKlass net/sf/saxon/value/NestedIntegerValue
instanceKlass net/sf/saxon/om/AttributeMap
instanceKlass net/sf/saxon/style/StylesheetComponent
instanceKlass net/sf/saxon/style/StyleNodeFactory
instanceKlass net/sf/saxon/tree/linked/LinkedTreeBuilder$DefaultNodeFactory
instanceKlass net/sf/saxon/om/MutableDocumentInfo
instanceKlass net/sf/saxon/tree/linked/NodeImpl
instanceKlass net/sf/saxon/tree/wrapper/SiblingCountingNode
instanceKlass net/sf/saxon/tree/util/SteppingNode
instanceKlass net/sf/saxon/om/MutableNodeInfo
instanceKlass org/idpf/epubcheck/util/saxon/SaxonSchemaReaderFactory$1
instanceKlass net/sf/saxon/event/PipelineConfiguration
instanceKlass net/sf/saxon/tree/linked/NodeFactory
instanceKlass net/sf/saxon/style/StylesheetModule
instanceKlass net/sf/saxon/om/QNameParser
instanceKlass net/sf/saxon/style/Compilation
instanceKlass net/sf/saxon/lib/ErrorReporterToListener
instanceKlass net/sf/saxon/s9api/XsltCompiler
instanceKlass net/sf/saxon/expr/instruct/SlotManager
instanceKlass net/sf/saxon/expr/PackageData
instanceKlass net/sf/saxon/functions/registry/ConstructorFunctionLibrary
instanceKlass net/sf/saxon/ma/map/TupleType
instanceKlass net/sf/saxon/s9api/XdmValue
instanceKlass net/sf/saxon/lib/ResultDocumentResolver
instanceKlass net/sf/saxon/ma/map/MapItem
instanceKlass net/sf/saxon/functions/OptionsParameter
instanceKlass net/sf/saxon/ma/json/JsonHandler
instanceKlass net/sf/saxon/expr/Negatable
instanceKlass net/sf/saxon/query/AnnotationList
instanceKlass net/sf/saxon/str/StringConstants
instanceKlass net/sf/saxon/tree/iter/SingletonIterator
instanceKlass net/sf/saxon/tree/iter/LookaheadIterator
instanceKlass net/sf/saxon/tree/iter/GroundedIterator
instanceKlass net/sf/saxon/expr/LastPositionFinder
instanceKlass net/sf/saxon/tree/iter/ReversibleIterator
instanceKlass net/sf/saxon/functions/PushableFunction
instanceKlass net/sf/saxon/functions/StatefulSystemFunction
instanceKlass net/sf/saxon/value/Cardinality
instanceKlass net/sf/saxon/type/AnyFunctionType
instanceKlass net/sf/saxon/type/FunctionItemType
instanceKlass net/sf/saxon/value/SequenceType
instanceKlass net/sf/saxon/functions/registry/BuiltInFunctionSet$Entry
instanceKlass net/sf/saxon/regex/RegexPrecondition
instanceKlass net/sf/saxon/regex/REProgram
instanceKlass net/sf/saxon/transpile/CSharp
instanceKlass net/sf/saxon/str/UnicodeWriter$1
instanceKlass net/sf/saxon/str/UnicodeBuilder
instanceKlass net/sf/saxon/str/UnicodeWriter
instanceKlass net/sf/saxon/str/UniStringConsumer
instanceKlass net/sf/saxon/regex/charclass/IntSetCharacterClass
instanceKlass net/sf/saxon/str/StringTool
instanceKlass net/sf/saxon/regex/charclass/CharacterClass
instanceKlass net/sf/saxon/z/IntPredicateProxy
instanceKlass java/util/function/IntPredicate
instanceKlass net/sf/saxon/regex/Operation
instanceKlass net/sf/saxon/regex/RECompiler
instanceKlass net/sf/saxon/regex/REFlags
instanceKlass net/sf/saxon/tree/iter/AtomicIterator
instanceKlass net/sf/saxon/regex/RegexIterator
instanceKlass net/sf/saxon/regex/ARegularExpression
instanceKlass net/sf/saxon/om/FingerprintedQName
instanceKlass net/sf/saxon/om/NodeName
instanceKlass net/sf/saxon/om/StandardNames
instanceKlass net/sf/saxon/type/ComplexType
instanceKlass net/sf/saxon/type/BuiltInType
instanceKlass net/sf/saxon/type/UType
instanceKlass net/sf/saxon/pattern/QNameTest
instanceKlass net/sf/saxon/pattern/NodeTest
instanceKlass net/sf/saxon/pattern/NodePredicate
instanceKlass net/sf/saxon/type/Type
instanceKlass net/sf/saxon/type/BuiltInAtomicType
instanceKlass net/sf/saxon/value/ContextFreeAtomicValue
instanceKlass net/sf/saxon/expr/sort/XPathComparable
instanceKlass net/sf/saxon/value/AtomicValue
instanceKlass net/sf/saxon/type/ConversionResult
instanceKlass net/sf/saxon/om/AtomicSequence
instanceKlass net/sf/saxon/type/LocalUnionType
instanceKlass net/sf/saxon/type/UnionType
instanceKlass net/sf/saxon/functions/AbstractFunction
instanceKlass net/sf/saxon/str/UnicodeString
instanceKlass net/sf/saxon/value/EmptySequence
instanceKlass java/util/function/BiConsumer
instanceKlass net/sf/saxon/type/AtomicType
instanceKlass net/sf/saxon/type/CastingTarget
instanceKlass net/sf/saxon/type/AnyItemType
instanceKlass net/sf/saxon/type/ItemTypeWithSequenceTypeCache
instanceKlass net/sf/saxon/functions/FunctionLibraryList
instanceKlass net/sf/saxon/query/XQueryFunctionBinder
instanceKlass net/sf/saxon/expr/parser/Loc
instanceKlass net/sf/saxon/expr/BindingReference
instanceKlass net/sf/saxon/expr/LocalBinding
instanceKlass net/sf/saxon/expr/Binding
instanceKlass net/sf/saxon/sxpath/AbstractStaticContext
instanceKlass net/sf/saxon/lib/ExtensionFunctionCall
instanceKlass net/sf/saxon/trans/SymbolicName
instanceKlass net/sf/saxon/lib/SchemaURIResolver
instanceKlass net/sf/saxon/lib/FeatureData
instanceKlass net/sf/saxon/lib/FeatureIndex
instanceKlass javax/xml/transform/stream/StreamSource
instanceKlass net/sf/saxon/om/StructuredQName
instanceKlass net/sf/saxon/query/Annotation
instanceKlass net/sf/saxon/lib/XQueryFunctionAnnotationHandler$DisallowedCombination
instanceKlass net/sf/saxon/lib/XQueryFunctionAnnotationHandler
instanceKlass net/sf/saxon/resource/UnknownResource
instanceKlass net/sf/saxon/resource/JSONResource
instanceKlass net/sf/saxon/resource/BinaryResource
instanceKlass net/sf/saxon/resource/UnparsedTextResource
instanceKlass net/sf/saxon/resource/AbstractResourceCollection$InputDetails
instanceKlass net/sf/saxon/lib/ResourceFactory
instanceKlass net/sf/saxon/resource/XmlResource
instanceKlass net/sf/saxon/lib/Resource
instanceKlass net/sf/saxon/lib/StandardEntityResolver
instanceKlass net/sf/saxon/lib/ResourceCollection
instanceKlass net/sf/saxon/resource/StandardCollectionFinder
instanceKlass net/sf/saxon/event/Builder
instanceKlass net/sf/saxon/om/TreeInfo
instanceKlass net/sf/saxon/om/NodeInfo
instanceKlass net/sf/saxon/om/TreeModel
instanceKlass org/w3c/dom/Document
instanceKlass org/w3c/dom/Node
instanceKlass net/sf/saxon/expr/PJConverter
instanceKlass net/sf/saxon/expr/JPConverter
instanceKlass net/sf/saxon/dom/DOMEnvelope
instanceKlass net/sf/saxon/lib/StandardUnparsedTextResolver
instanceKlass net/sf/saxon/lib/StAXResultHandler
instanceKlass net/sf/saxon/lib/TraceListener
instanceKlass net/sf/saxon/lib/SerializerFactory
instanceKlass net/sf/saxon/lib/StandardModuleURIResolver
instanceKlass net/sf/saxon/trans/packages/PackageLibrary
instanceKlass net/sf/saxon/lib/StandardOutputResolver
instanceKlass net/sf/saxon/expr/instruct/GlobalParameterSet
instanceKlass net/sf/saxon/lib/OutputURIResolver
instanceKlass net/sf/saxon/trans/CompilerInfo
instanceKlass sun/net/DefaultProgressMeteringPolicy
instanceKlass sun/net/ProgressMeteringPolicy
instanceKlass sun/net/ProgressMonitor
instanceKlass org/xmlresolver/cache/CacheInfo
instanceKlass org/xmlresolver/cache/CacheParser
instanceKlass org/xmlresolver/loaders/XmlLoader
instanceKlass org/xmlresolver/loaders/CatalogLoader
instanceKlass org/xmlresolver/catalog/entry/Entry
instanceKlass org/xmlresolver/CatalogManager
instanceKlass org/xmlresolver/XMLCatalogResolver
instanceKlass org/xmlresolver/ResolvedResource
instanceKlass org/xmlresolver/CatalogResolver
instanceKlass org/xmlresolver/ResourceResolver
instanceKlass org/xmlresolver/XMLResolverConfiguration$FallbackLogger$Message
instanceKlass org/xmlresolver/logging/AbstractLogger
instanceKlass sun/invoke/util/VerifyAccess$1
instanceKlass org/xmlresolver/ResolverFeature
instanceKlass org/xmlresolver/logging/ResolverLogger
instanceKlass org/xmlresolver/XMLResolverConfiguration
instanceKlass org/xmlresolver/ResolverConfiguration
instanceKlass org/w3c/dom/ls/LSInput
instanceKlass org/xmlresolver/Resolver
instanceKlass org/w3c/dom/ls/LSResourceResolver
instanceKlass org/xmlresolver/NamespaceResolver
instanceKlass net/sf/saxon/lib/CatalogResourceResolver
instanceKlass net/sf/saxon/lib/ConfigurableResourceResolver
instanceKlass net/sf/saxon/tree/tiny/Statistics
instanceKlass net/sf/saxon/tree/tiny/TreeStatistics
instanceKlass net/sf/saxon/lib/ProtocolRestrictor
instanceKlass net/sf/saxon/expr/ComparisonExpression
instanceKlass net/sf/saxon/type/PlainType
instanceKlass net/sf/saxon/type/ItemType
instanceKlass java/util/concurrent/ConcurrentLinkedQueue$Node
instanceKlass net/sf/saxon/om/AtomicCounter
instanceKlass net/sf/saxon/om/NamePool
instanceKlass net/sf/saxon/functions/IntegratedFunctionLibrary
instanceKlass net/sf/saxon/om/DocumentPool
instanceKlass net/sf/saxon/z/IntHashMap
instanceKlass net/sf/saxon/event/SequenceReceiver
instanceKlass net/sf/saxon/event/ReceiverWithOutputProperties
instanceKlass net/sf/saxon/trans/DynamicLoader
instanceKlass net/sf/saxon/om/NamespaceResolver
instanceKlass net/sf/saxon/lib/ModuleURIResolver
instanceKlass net/sf/saxon/lib/IDynamicLoader
instanceKlass net/sf/saxon/regex/RegularExpression
instanceKlass net/sf/saxon/expr/sort/AtomicMatchKey
instanceKlass net/sf/saxon/lib/CollectionFinder
instanceKlass net/sf/saxon/lib/ExternalObjectModel
instanceKlass net/sf/saxon/java/JavaPlatform
instanceKlass net/sf/saxon/Platform
instanceKlass net/sf/saxon/Version
instanceKlass net/sf/saxon/tree/util/DocumentNumberAllocator
instanceKlass net/sf/saxon/expr/parser/OptimizerOptions
instanceKlass net/sf/saxon/lib/StaticQueryContextFactory
instanceKlass net/sf/saxon/lib/ParseOptions
instanceKlass net/sf/saxon/lib/StandardEnvironmentVariableResolver
instanceKlass net/sf/saxon/lib/StandardCollationURIResolver
instanceKlass net/sf/saxon/z/IntIterator
instanceKlass net/sf/saxon/expr/parser/CodeInjector
instanceKlass net/sf/saxon/expr/XPathContext
instanceKlass net/sf/saxon/functions/registry/BuiltInFunctionSet
instanceKlass net/sf/saxon/expr/parser/XPathParser
instanceKlass net/sf/saxon/expr/instruct/TailCallReturner
instanceKlass net/sf/saxon/expr/Expression
instanceKlass net/sf/saxon/expr/ExportAgent
instanceKlass net/sf/saxon/om/IdentityComparable
instanceKlass net/sf/saxon/trans/packages/IPackageLoader
instanceKlass net/sf/saxon/event/Receiver
instanceKlass net/sf/saxon/lib/ActiveSource
instanceKlass net/sf/saxon/value/Closure
instanceKlass net/sf/saxon/type/SimpleType
instanceKlass net/sf/saxon/type/HyperType
instanceKlass net/sf/saxon/type/SchemaType
instanceKlass net/sf/saxon/type/SchemaComponent
instanceKlass net/sf/saxon/expr/parser/TypeChecker
instanceKlass net/sf/saxon/lib/Numberer
instanceKlass net/sf/saxon/functions/FunctionLibrary
instanceKlass net/sf/saxon/expr/instruct/Actor
instanceKlass net/sf/saxon/expr/ExpressionOwner
instanceKlass net/sf/saxon/trace/TraceableComponent
instanceKlass net/sf/saxon/trace/Traceable
instanceKlass net/sf/saxon/expr/Locatable
instanceKlass net/sf/saxon/expr/ContextOriginator
instanceKlass net/sf/saxon/om/Function
instanceKlass net/sf/saxon/expr/Callable
instanceKlass net/sf/saxon/type/Converter
instanceKlass net/sf/saxon/lib/URIChecker
instanceKlass net/sf/saxon/om/SequenceIterator
instanceKlass net/sf/saxon/lib/FunctionAnnotationHandler
instanceKlass net/sf/saxon/lib/UnparsedTextURIResolver
instanceKlass net/sf/saxon/z/IntSet
instanceKlass net/sf/saxon/lib/EnvironmentVariableResolver
instanceKlass net/sf/saxon/lib/CollationURIResolver
instanceKlass net/sf/saxon/s9api/XmlProcessingError
instanceKlass net/sf/saxon/om/SpaceStrippingRule
instanceKlass net/sf/saxon/lib/StringCollator
instanceKlass net/sf/saxon/s9api/push/Push
instanceKlass net/sf/saxon/s9api/Location
instanceKlass net/sf/saxon/s9api/Processor
instanceKlass net/sf/saxon/lib/Logger
instanceKlass net/sf/saxon/om/Item
instanceKlass net/sf/saxon/om/GroundedValue
instanceKlass net/sf/saxon/om/Sequence
instanceKlass javax/xml/transform/SourceLocator
instanceKlass net/sf/saxon/lib/StandardDiagnostics
instanceKlass net/sf/saxon/Configuration
instanceKlass net/sf/saxon/om/NotationSet
instanceKlass net/sf/saxon/lib/SourceResolver
instanceKlass net/sf/saxon/lib/ResourceResolver
instanceKlass javax/xml/transform/Transformer
instanceKlass javax/xml/transform/sax/TemplatesHandler
instanceKlass javax/xml/transform/sax/TransformerHandler
instanceKlass javax/xml/transform/Templates
instanceKlass net/sf/saxon/Configuration$ApiProvider
instanceKlass sun/util/logging/PlatformLogger$ConfigurableBridge$LoggerConfiguration
instanceKlass java/io/FilePermission$1
instanceKlass jdk/internal/access/JavaIOFilePermissionAccess
instanceKlass jdk/internal/logger/LoggerFinderLoader
instanceKlass jdk/internal/logger/LazyLoggers$LazyLoggerFactories
instanceKlass jdk/internal/logger/LazyLoggers$1
instanceKlass jdk/internal/logger/LazyLoggers
instanceKlass jdk/internal/misc/ThreadTracker
instanceKlass jdk/internal/event/EventHelper$ThreadTrackHolder
instanceKlass javax/xml/transform/FactoryFinder$1
instanceKlass javax/xml/transform/FactoryFinder
instanceKlass com/thaiopensource/validate/StringOption
instanceKlass com/thaiopensource/validate/prop/schematron/SchematronProperty
instanceKlass javax/xml/transform/Result
instanceKlass javax/xml/transform/ErrorListener
instanceKlass javax/xml/transform/TransformerFactory
instanceKlass net/sf/saxon/lib/ErrorReporter
instanceKlass net/sf/saxon/lib/ExtensionFunctionDefinition
instanceKlass net/sf/saxon/sxpath/XPathStaticContext
instanceKlass net/sf/saxon/expr/StaticContext
instanceKlass sun/security/util/ManifestEntryVerifier$SunProviderHolder
instanceKlass java/util/Base64$Encoder
instanceKlass java/util/Base64$Decoder
instanceKlass java/util/Base64
instanceKlass javax/crypto/SecretKey
instanceKlass sun/security/util/Length
instanceKlass sun/security/util/KeyUtil
instanceKlass java/security/interfaces/XECKey
instanceKlass java/security/interfaces/ECKey
instanceKlass sun/security/util/JarConstraintsParameters
instanceKlass sun/security/util/ConstraintsParameters
instanceKlass java/security/Timestamp
instanceKlass sun/security/timestamp/TimestampToken
instanceKlass java/security/cert/CertPath
instanceKlass java/math/MutableBigInteger
instanceKlass sun/security/rsa/RSAPadding
instanceKlass sun/security/rsa/RSACore
instanceKlass java/security/interfaces/RSAPrivateCrtKey
instanceKlass sun/security/pkcs/PKCS8Key
instanceKlass java/security/interfaces/RSAPrivateKey
instanceKlass java/security/PrivateKey
instanceKlass javax/security/auth/Destroyable
instanceKlass java/security/Signature$1
instanceKlass jdk/internal/access/JavaSecuritySignatureAccess
instanceKlass java/security/SignatureSpi
instanceKlass jdk/internal/icu/util/CodePointTrie$Data
instanceKlass jdk/internal/icu/util/CodePointTrie$1
instanceKlass jdk/internal/icu/util/CodePointMap
instanceKlass jdk/internal/icu/util/VersionInfo
instanceKlass jdk/internal/module/Checks
instanceKlass jdk/internal/icu/impl/ICUBinary$1
instanceKlass jdk/internal/icu/impl/ICUBinary
instanceKlass jdk/internal/icu/impl/NormalizerImpl$IsAcceptable
instanceKlass jdk/internal/icu/impl/ICUBinary$Authenticate
instanceKlass jdk/internal/icu/impl/NormalizerImpl
instanceKlass jdk/internal/icu/impl/Norm2AllModes$Norm2AllModesSingleton
instanceKlass jdk/internal/icu/impl/Norm2AllModes$NFKCSingleton
instanceKlass jdk/internal/icu/impl/Norm2AllModes
instanceKlass jdk/internal/icu/text/Normalizer2
instanceKlass jdk/internal/icu/text/NormalizerBase$ModeImpl
instanceKlass jdk/internal/icu/text/NormalizerBase$NFKDModeImpl
instanceKlass jdk/internal/icu/text/NormalizerBase$1
instanceKlass jdk/internal/icu/text/NormalizerBase$Mode
instanceKlass jdk/internal/icu/text/NormalizerBase
instanceKlass java/text/Normalizer
instanceKlass sun/security/x509/AVAKeyword
instanceKlass java/util/StringJoiner
instanceKlass sun/security/util/SignatureUtil
instanceKlass sun/security/util/MemoryCache$QueueCacheEntry
instanceKlass java/lang/Byte$ByteCache
instanceKlass sun/security/pkcs/PKCS9Attribute
instanceKlass sun/security/pkcs/PKCS9Attributes
instanceKlass java/time/Instant
instanceKlass java/time/zone/ZoneOffsetTransition
instanceKlass java/time/LocalTime
instanceKlass java/time/temporal/ValueRange
instanceKlass java/time/Duration
instanceKlass java/time/temporal/TemporalAmount
instanceKlass java/time/temporal/TemporalUnit
instanceKlass java/time/temporal/TemporalField
instanceKlass java/time/LocalDate
instanceKlass java/time/chrono/ChronoLocalDate
instanceKlass java/time/ZonedDateTime
instanceKlass java/time/chrono/ChronoZonedDateTime
instanceKlass java/time/LocalDateTime
instanceKlass java/time/chrono/ChronoLocalDateTime
instanceKlass java/time/temporal/Temporal
instanceKlass java/time/zone/ZoneOffsetTransitionRule
instanceKlass java/time/zone/ZoneRules
instanceKlass java/time/temporal/TemporalAdjuster
instanceKlass java/time/temporal/TemporalAccessor
instanceKlass java/time/ZoneId
instanceKlass sun/security/util/DisabledAlgorithmConstraints$Constraints$Holder
instanceKlass sun/security/util/DisabledAlgorithmConstraints$1
instanceKlass sun/security/util/DisabledAlgorithmConstraints$Constraint
instanceKlass java/security/spec/ECFieldF2m
instanceKlass java/security/spec/ECParameterSpec
instanceKlass java/security/spec/ECPoint
instanceKlass java/security/spec/EllipticCurve
instanceKlass java/security/spec/ECFieldFp
instanceKlass java/security/spec/ECField
instanceKlass sun/security/util/CurveDB
instanceKlass sun/security/util/DisabledAlgorithmConstraints$Constraints
instanceKlass sun/security/util/AbstractAlgorithmConstraints$1
instanceKlass sun/security/util/AlgorithmDecomposer
instanceKlass sun/security/util/DisabledAlgorithmConstraints$JarHolder
instanceKlass sun/security/pkcs/SignerInfo
instanceKlass java/security/cert/PolicyQualifierInfo
instanceKlass sun/security/x509/CertificatePolicyId
instanceKlass sun/security/x509/PolicyInformation
instanceKlass sun/security/x509/DistributionPoint
instanceKlass sun/security/x509/DNSName
instanceKlass sun/security/x509/URIName
instanceKlass sun/security/x509/GeneralName
instanceKlass sun/security/x509/AccessDescription
instanceKlass sun/security/x509/GeneralNames
instanceKlass jdk/internal/event/EventHelper
instanceKlass sun/security/jca/JCAUtil
instanceKlass sun/security/util/MemoryCache$CacheEntry
instanceKlass sun/security/x509/X509AttributeName
instanceKlass sun/security/x509/KeyIdentifier
instanceKlass sun/security/x509/OIDMap$OIDInfo
instanceKlass sun/security/x509/PKIXExtensions
instanceKlass sun/security/x509/OIDMap
instanceKlass sun/security/x509/Extension
instanceKlass java/security/cert/Extension
instanceKlass sun/security/x509/CertificateExtensions
instanceKlass sun/security/rsa/RSAUtil
instanceKlass sun/security/util/IOUtils
instanceKlass java/security/interfaces/RSAPublicKey
instanceKlass java/security/interfaces/RSAKey
instanceKlass java/security/spec/PSSParameterSpec
instanceKlass java/security/spec/AlgorithmParameterSpec
instanceKlass java/security/spec/RSAPrivateKeySpec
instanceKlass java/security/spec/RSAPublicKeySpec
instanceKlass java/security/KeyFactorySpi
instanceKlass sun/security/rsa/SunRsaSignEntries
instanceKlass sun/security/jca/ProviderList$ServiceList$1
instanceKlass java/security/KeyFactory
instanceKlass java/security/spec/EncodedKeySpec$1
instanceKlass jdk/internal/access/JavaSecuritySpecAccess
instanceKlass java/security/spec/EncodedKeySpec
instanceKlass java/security/spec/KeySpec
instanceKlass sun/security/util/BitArray
instanceKlass sun/security/x509/X509Key
instanceKlass java/security/PublicKey
instanceKlass java/security/Key
instanceKlass sun/security/x509/CertificateX509Key
instanceKlass java/util/Date
instanceKlass sun/util/calendar/CalendarUtils
instanceKlass sun/util/calendar/CalendarDate
instanceKlass sun/util/calendar/CalendarSystem$GregorianHolder
instanceKlass sun/util/calendar/CalendarSystem
instanceKlass sun/security/x509/CertificateValidity
instanceKlass sun/security/x509/AVA
instanceKlass sun/security/x509/RDN
instanceKlass javax/security/auth/x500/X500Principal
instanceKlass sun/security/x509/X500Name$1
instanceKlass sun/security/x509/X500Name
instanceKlass sun/security/x509/GeneralNameInterface
instanceKlass sun/security/x509/CertificateAlgorithmId
instanceKlass sun/security/x509/SerialNumber
instanceKlass sun/security/x509/CertificateSerialNumber
instanceKlass sun/security/x509/CertificateVersion
instanceKlass sun/security/x509/X509CertInfo
instanceKlass sun/security/x509/CertAttrSet
instanceKlass sun/security/util/Cache$EqualByteArray
instanceKlass java/security/cert/X509Extension
instanceKlass sun/security/util/Cache
instanceKlass java/security/cert/CertificateFactorySpi
instanceKlass java/security/cert/CertificateFactory
instanceKlass sun/security/x509/AlgorithmId
instanceKlass sun/security/util/ByteArrayTagOrder
instanceKlass sun/security/util/ByteArrayLexOrder
instanceKlass sun/security/util/DerEncoder
instanceKlass sun/security/util/DerValue
instanceKlass sun/security/util/ObjectIdentifier
instanceKlass sun/security/pkcs/ContentInfo
instanceKlass sun/security/util/DerInputStream
instanceKlass sun/security/pkcs/PKCS7
instanceKlass sun/security/util/ManifestDigester$Section
instanceKlass sun/security/util/ManifestDigester$Entry
instanceKlass sun/security/util/ManifestDigester$Position
instanceKlass sun/security/util/ManifestDigester
instanceKlass com/thaiopensource/validate/schematron/SchematronSchemaReaderFactory
instanceKlass com/thaiopensource/validate/schematron/TransformerFactoryInitializer
instanceKlass com/thaiopensource/validate/SchemaReaderLoader
instanceKlass com/thaiopensource/validate/SchemaReaderFactory
instanceKlass com/thaiopensource/validate/auto/SchemaReaderFactorySchemaReceiverFactory
instanceKlass com/thaiopensource/validate/picl/PiclSchemaReceiverFactory
instanceKlass com/thaiopensource/validate/mns/MnsSchemaReceiverFactory
instanceKlass com/thaiopensource/validate/nrl/NrlSchemaReceiverFactory
instanceKlass com/thaiopensource/validate/nvdl/NvdlSchemaReceiverFactory
instanceKlass com/thaiopensource/relaxng/pattern/ChoiceNameClass
instanceKlass com/thaiopensource/relaxng/pattern/DuplicateAttributeDetector$Alternative
instanceKlass com/thaiopensource/relaxng/pattern/Alphabet
instanceKlass com/thaiopensource/relaxng/pattern/StringNormalizer
instanceKlass com/thaiopensource/relaxng/parse/GrammarSection$Combine
instanceKlass com/thaiopensource/relaxng/pattern/SchemaBuilderImpl$ValidationContextImpl
instanceKlass com/thaiopensource/datatype/xsd/DatatypeBuilderImpl
instanceKlass com/thaiopensource/datatype/xsd/regex/java/RegexEngineImpl$1
instanceKlass com/thaiopensource/datatype/xsd/regex/java/Translator$CharClass
instanceKlass com/thaiopensource/datatype/xsd/regex/java/Translator
instanceKlass com/thaiopensource/relaxng/pattern/SchemaBuilderImpl$DataPatternBuilderImpl
instanceKlass java/math/MathContext
instanceKlass com/thaiopensource/datatype/xsd/regex/java/RegexFeatures
instanceKlass com/thaiopensource/datatype/xsd/regex/Regex
instanceKlass com/thaiopensource/datatype/xsd/regex/java/RegexEngineImpl
instanceKlass com/thaiopensource/datatype/xsd/Measure
instanceKlass com/thaiopensource/datatype/xsd/OrderRelation
instanceKlass com/thaiopensource/datatype/xsd/DatatypeBase
instanceKlass com/thaiopensource/datatype/xsd/DatatypeLibraryImpl
instanceKlass com/thaiopensource/datatype/xsd/regex/RegexEngine
instanceKlass com/thaiopensource/datatype/xsd/DatatypeLibraryFactoryImpl
instanceKlass com/thaiopensource/relaxng/parse/compact/CompactSyntax$LocatedString
instanceKlass com/thaiopensource/relaxng/pattern/SchemaBuilderImpl$OpenIncludes
instanceKlass com/thaiopensource/relaxng/pattern/SchemaBuilderImpl$IncludeImpl
instanceKlass com/thaiopensource/util/Utf16
instanceKlass com/thaiopensource/relaxng/parse/compact/Token
instanceKlass com/thaiopensource/relaxng/parse/compact/CompactSyntaxTokenManager
instanceKlass com/thaiopensource/relaxng/parse/compact/JavaCharStream
instanceKlass com/thaiopensource/relaxng/parse/compact/CompactSyntax$JJCalls
instanceKlass com/thaiopensource/relaxng/parse/compact/CompactSyntax
instanceKlass com/thaiopensource/relaxng/parse/compact/CompactSyntaxConstants
instanceKlass sun/nio/cs/Surrogate
instanceKlass sun/nio/cs/Surrogate$Parser
instanceKlass com/thaiopensource/xml/util/EncodingMap
instanceKlass com/thaiopensource/relaxng/parse/compact/CompactParseable
instanceKlass com/thaiopensource/validate/Validator
instanceKlass com/thaiopensource/validate/AbstractSchema
instanceKlass com/thaiopensource/validate/rng/impl/SchemaReaderImpl$SimplifiedSchemaPropertyMap
instanceKlass com/thaiopensource/validate/Schema
instanceKlass com/thaiopensource/relaxng/pattern/OverlapDetector
instanceKlass com/thaiopensource/relaxng/pattern/DuplicateAttributeDetector
instanceKlass com/thaiopensource/validate/prop/wrap/WrapProperty
instanceKlass com/thaiopensource/xml/util/Name
instanceKlass com/thaiopensource/relaxng/pattern/SimpleNameClass
instanceKlass com/thaiopensource/xml/util/Naming
instanceKlass com/thaiopensource/util/UriEncoder
instanceKlass com/thaiopensource/util/Uri
instanceKlass com/thaiopensource/relaxng/parse/Include
instanceKlass com/thaiopensource/relaxng/pattern/SchemaBuilderImpl$GrammarImpl
instanceKlass com/thaiopensource/relaxng/parse/IncludedGrammar
instanceKlass com/thaiopensource/relaxng/parse/Div
instanceKlass com/thaiopensource/relaxng/pattern/SchemaBuilderImpl$LocatorImpl
instanceKlass com/thaiopensource/validate/rng/impl/SchemaReceiverImpl$1
instanceKlass com/thaiopensource/relaxng/pattern/SchemaBuilderImpl$1
instanceKlass com/thaiopensource/relaxng/parse/sax/SchemaParser$NameClassRef
instanceKlass com/thaiopensource/relaxng/parse/sax/SchemaParser$Handler
instanceKlass com/thaiopensource/relaxng/parse/sax/SchemaParser$CommentHandler
instanceKlass com/thaiopensource/relaxng/parse/sax/SchemaParser$PrefixMapping
instanceKlass com/thaiopensource/relaxng/parse/sax/DtdContext
instanceKlass com/thaiopensource/xml/sax/XmlBaseHandler
instanceKlass com/thaiopensource/relaxng/parse/Context
instanceKlass com/thaiopensource/relaxng/parse/sax/SchemaParser
instanceKlass com/thaiopensource/relaxng/pattern/SchemaBuilderImpl$RootScope
instanceKlass com/thaiopensource/relaxng/pattern/AttributeNameClassChecker
instanceKlass com/thaiopensource/relaxng/pattern/NameClassVisitor
instanceKlass com/thaiopensource/relaxng/pattern/CompatibilityDatatypeLibrary
instanceKlass org/relaxng/datatype/DatatypeStreamingValidator
instanceKlass com/thaiopensource/relaxng/pattern/StringDatatype
instanceKlass com/thaiopensource/datatype/Datatype2
instanceKlass com/thaiopensource/relaxng/pattern/BuiltinDatatypeBuilder
instanceKlass org/relaxng/datatype/DatatypeBuilder
instanceKlass org/relaxng/datatype/Datatype
instanceKlass com/thaiopensource/relaxng/pattern/BuiltinDatatypeLibrary
instanceKlass org/relaxng/datatype/DatatypeLibrary
instanceKlass com/thaiopensource/relaxng/pattern/BuiltinDatatypeLibraryFactory
instanceKlass com/thaiopensource/util/Localizer
instanceKlass com/thaiopensource/relaxng/parse/Grammar
instanceKlass com/thaiopensource/relaxng/parse/GrammarSection
instanceKlass com/thaiopensource/relaxng/pattern/NameClass
instanceKlass com/thaiopensource/relaxng/parse/DataPatternBuilder
instanceKlass com/thaiopensource/relaxng/pattern/PatternFuture
instanceKlass com/thaiopensource/relaxng/parse/Scope
instanceKlass org/relaxng/datatype/ValidationContext
instanceKlass com/thaiopensource/relaxng/pattern/CommentListImpl
instanceKlass com/thaiopensource/relaxng/parse/CommentList
instanceKlass com/thaiopensource/relaxng/parse/SchemaBuilder
instanceKlass com/thaiopensource/relaxng/parse/ElementAnnotationBuilder
instanceKlass com/thaiopensource/relaxng/parse/Annotations
instanceKlass com/thaiopensource/datatype/DatatypeLibraryLoader
instanceKlass com/thaiopensource/validate/Flag
instanceKlass com/thaiopensource/validate/Option
instanceKlass com/thaiopensource/validate/prop/rng/RngProperty
instanceKlass com/thaiopensource/relaxng/pattern/PatternInterner
instanceKlass com/thaiopensource/relaxng/pattern/Pattern
instanceKlass com/thaiopensource/relaxng/pattern/PatternBuilder
instanceKlass com/thaiopensource/relaxng/parse/ParsedPatternFuture
instanceKlass com/thaiopensource/relaxng/parse/SubParseable
instanceKlass com/thaiopensource/relaxng/parse/Parseable
instanceKlass com/thaiopensource/relaxng/parse/sax/SAXSubParser
instanceKlass org/relaxng/datatype/DatatypeLibraryFactory
instanceKlass com/thaiopensource/validate/rng/impl/SchemaReceiverImpl
instanceKlass com/thaiopensource/relaxng/parse/ParseReceiver
instanceKlass com/thaiopensource/relaxng/parse/SubParser
instanceKlass com/thaiopensource/validate/rng/SAXSchemaReceiverFactory
instanceKlass com/thaiopensource/util/Service$ProviderIterator
instanceKlass com/thaiopensource/validate/auto/RewindableInputStream$Block
instanceKlass org/apache/xerces/util/EntityResolver2Wrapper
instanceKlass com/thaiopensource/resolver/xml/sax/SAX$EntityResolverImpl
instanceKlass com/thaiopensource/validate/auto/SchemaFuture
instanceKlass com/thaiopensource/validate/auto/AutoSchemaReceiver
instanceKlass com/thaiopensource/resolver/xml/sax/SAX
instanceKlass com/thaiopensource/resolver/SequenceResolver
instanceKlass com/thaiopensource/resolver/BasicResolver
instanceKlass com/thaiopensource/resolver/Input
instanceKlass com/thaiopensource/resolver/Identifier
instanceKlass com/thaiopensource/resolver/xml/sax/SAXResolver
instanceKlass com/thaiopensource/validate/ResolverFactory
instanceKlass javax/xml/transform/sax/SAXSource
instanceKlass javax/xml/transform/Source
instanceKlass com/thaiopensource/util/PropertyMapBuilder$PropertyMapImpl
instanceKlass com/thaiopensource/util/Service$Loader
instanceKlass com/thaiopensource/util/Service
instanceKlass com/thaiopensource/validate/auto/SchemaReceiverLoader
instanceKlass com/thaiopensource/validate/auto/SchemaReceiver
instanceKlass com/thaiopensource/validate/auto/Rewindable
instanceKlass com/thaiopensource/validate/auto/SchemaReceiverFactory
instanceKlass com/thaiopensource/validate/AbstractSchemaReader
instanceKlass com/adobe/epubcheck/xml/XMLValidator$ErrorHandlerImpl
instanceKlass com/adobe/epubcheck/xml/XMLValidator$BasicResolver
instanceKlass com/thaiopensource/xml/sax/XMLReaderCreator
instanceKlass com/thaiopensource/resolver/Resolver
instanceKlass javax/xml/transform/URIResolver
instanceKlass com/thaiopensource/util/PropertyId
instanceKlass com/thaiopensource/validate/ValidateProperty
instanceKlass com/thaiopensource/util/PropertyMap
instanceKlass com/thaiopensource/util/PropertyMapBuilder
instanceKlass com/thaiopensource/validate/SchemaReader
instanceKlass com/adobe/epubcheck/xml/XMLValidator
instanceKlass com/google/common/base/Predicates$AndPredicate
instanceKlass com/adobe/epubcheck/opf/ValidationContext$ValidationContextPredicates$6
instanceKlass com/adobe/epubcheck/opf/ValidationContext$ValidationContextPredicates$4
instanceKlass com/adobe/epubcheck/opf/ValidationContext$ValidationContextPredicates
instanceKlass com/adobe/epubcheck/util/ValidatorMap$Builder
instanceKlass com/adobe/epubcheck/util/ValidatorMap
instanceKlass com/adobe/epubcheck/ocf/OCFChecker$2
instanceKlass com/adobe/epubcheck/util/outWriter
instanceKlass java/util/Formattable
instanceKlass java/util/Formatter$Flags
instanceKlass java/util/Formatter$FormatSpecifier
instanceKlass java/util/regex/ASCII
instanceKlass java/util/Formatter$Conversion
instanceKlass java/util/Formatter$FixedString
instanceKlass java/util/Formatter$FormatString
instanceKlass java/util/regex/CharPredicates
instanceKlass java/util/Formatter
instanceKlass com/adobe/epubcheck/ocf/PackageDocumentPeeker
instanceKlass com/adobe/epubcheck/xml/model/XMLNode
instanceKlass org/xml/sax/helpers/AttributesImpl
instanceKlass org/apache/xerces/impl/Constants$ArrayEnumeration
instanceKlass org/apache/xerces/impl/Constants
instanceKlass com/adobe/epubcheck/xml/handlers/DelegateLocator
instanceKlass org/apache/xerces/parsers/AbstractSAXParser$LocatorProxy
instanceKlass org/apache/xerces/util/XMLSymbols
instanceKlass org/apache/xerces/util/XMLChar
instanceKlass org/apache/xerces/util/URI
instanceKlass org/apache/xerces/xni/parser/XMLInputSource
instanceKlass org/apache/xerces/util/ErrorHandlerWrapper
instanceKlass org/apache/xerces/impl/ExternalSubsetResolver
instanceKlass org/apache/xerces/util/EntityResolverWrapper
instanceKlass com/google/common/collect/ObjectArrays
instanceKlass com/adobe/epubcheck/xml/handlers/ReportingErrorHandler
instanceKlass org/xml/sax/InputSource
instanceKlass com/adobe/epubcheck/xml/XMLEncodingSniffer
instanceKlass io/mola/galimatias/StrictErrorHandler
instanceKlass org/w3c/epubcheck/core/references/URLChecker
instanceKlass org/xml/sax/ext/EntityResolver2
instanceKlass org/xml/sax/ext/DeclHandler
instanceKlass org/xml/sax/ext/LexicalHandler
instanceKlass com/adobe/epubcheck/util/ResourceUtil
instanceKlass com/adobe/epubcheck/xml/handlers/DefaultResolver
instanceKlass org/apache/xerces/parsers/AbstractSAXParser$AttributesProxy
instanceKlass org/xml/sax/ext/Attributes2
instanceKlass org/apache/xerces/impl/msg/XMLMessageFormatter
instanceKlass org/apache/xerces/impl/XMLVersionDetector
instanceKlass org/apache/xerces/impl/validation/ValidationManager
instanceKlass org/apache/xerces/impl/dv/dtd/NMTOKENDatatypeValidator
instanceKlass org/apache/xerces/impl/dv/dtd/NOTATIONDatatypeValidator
instanceKlass org/apache/xerces/impl/dv/dtd/ENTITYDatatypeValidator
instanceKlass org/apache/xerces/impl/dv/dtd/ListDatatypeValidator
instanceKlass org/apache/xerces/impl/dv/dtd/IDREFDatatypeValidator
instanceKlass org/apache/xerces/impl/dv/dtd/IDDatatypeValidator
instanceKlass org/apache/xerces/impl/dv/dtd/StringDatatypeValidator
instanceKlass org/apache/xerces/impl/dv/DatatypeValidator
instanceKlass org/apache/xerces/impl/dv/SecuritySupport$2
instanceKlass org/apache/xerces/impl/dv/SecuritySupport$1
instanceKlass org/apache/xerces/impl/dv/SecuritySupport
instanceKlass org/apache/xerces/impl/dv/ObjectFactory
instanceKlass org/apache/xerces/impl/dv/DTDDVFactory
instanceKlass org/apache/xerces/impl/dtd/DTDGrammarBucket
instanceKlass org/apache/xerces/impl/dtd/XMLAttributeDecl
instanceKlass org/apache/xerces/impl/dtd/XMLSimpleType
instanceKlass org/apache/xerces/impl/dtd/XMLElementDecl
instanceKlass org/apache/xerces/impl/validation/ValidationState
instanceKlass org/apache/xerces/impl/dtd/DTDGrammar
instanceKlass org/apache/xerces/xni/grammars/Grammar
instanceKlass org/apache/xerces/impl/validation/EntityState
instanceKlass org/apache/xerces/impl/dv/ValidationContext
instanceKlass org/apache/xerces/impl/dtd/XMLEntityDecl
instanceKlass org/apache/xerces/impl/XMLDocumentScannerImpl$TrailingMiscDispatcher
instanceKlass org/apache/xerces/impl/XMLDocumentScannerImpl$DTDDispatcher
instanceKlass org/apache/xerces/impl/XMLDocumentScannerImpl$PrologDispatcher
instanceKlass org/apache/xerces/impl/XMLDocumentScannerImpl$XMLDeclDispatcher
instanceKlass org/apache/xerces/util/NamespaceSupport
instanceKlass org/apache/xerces/util/XMLAttributesImpl$Attribute
instanceKlass org/apache/xerces/util/XMLAttributesImpl
instanceKlass org/apache/xerces/impl/XMLDocumentFragmentScannerImpl$FragmentContentDispatcher
instanceKlass org/apache/xerces/xni/QName
instanceKlass org/apache/xerces/impl/XMLDocumentFragmentScannerImpl$ElementStack
instanceKlass org/apache/xerces/xni/grammars/XMLDTDDescription
instanceKlass org/apache/xerces/xni/grammars/XMLGrammarDescription
instanceKlass org/apache/xerces/impl/XMLDocumentFragmentScannerImpl$Dispatcher
instanceKlass org/apache/xerces/xni/XMLAttributes
instanceKlass org/apache/xerces/xni/XMLString
instanceKlass org/apache/xerces/impl/XMLErrorReporter
instanceKlass org/apache/xerces/impl/XMLEntityManager$CharacterBuffer
instanceKlass org/apache/xerces/impl/XMLEntityManager$CharacterBufferPool
instanceKlass org/apache/xerces/impl/XMLEntityManager$ByteBufferPool
instanceKlass org/apache/xerces/util/AugmentationsImpl$AugmentationsItemsContainer
instanceKlass org/apache/xerces/util/AugmentationsImpl
instanceKlass org/apache/xerces/util/XMLResourceIdentifierImpl
instanceKlass org/apache/xerces/impl/XMLEntityManager$1
instanceKlass org/apache/xerces/impl/XMLEntityManager$Entity
instanceKlass org/apache/xerces/xni/Augmentations
instanceKlass org/apache/xerces/impl/XMLEntityScanner
instanceKlass org/apache/xerces/xni/XMLResourceIdentifier
instanceKlass org/apache/xerces/impl/XMLEntityManager
instanceKlass org/apache/xerces/util/SymbolTable$Entry
instanceKlass org/apache/xerces/xni/grammars/XMLGrammarPool
instanceKlass org/apache/xerces/util/SymbolTable
instanceKlass org/apache/xerces/xni/NamespaceContext
instanceKlass org/apache/xerces/xni/XMLLocator
instanceKlass org/apache/xerces/util/MessageFormatter
instanceKlass org/apache/xerces/impl/dtd/XMLDTDValidator
instanceKlass org/apache/xerces/impl/dtd/XMLDTDValidatorFilter
instanceKlass org/apache/xerces/xni/parser/XMLDocumentScanner
instanceKlass org/apache/xerces/xni/grammars/XMLGrammarLoader
instanceKlass org/apache/xerces/impl/dtd/XMLDTDProcessor
instanceKlass org/apache/xerces/xni/parser/XMLDTDContentModelFilter
instanceKlass org/apache/xerces/xni/parser/XMLDTDFilter
instanceKlass org/apache/xerces/impl/XMLScanner
instanceKlass org/apache/xerces/impl/XMLEntityHandler
instanceKlass org/apache/xerces/xni/parser/XMLDTDScanner
instanceKlass org/apache/xerces/xni/parser/XMLDTDContentModelSource
instanceKlass org/apache/xerces/util/ParserConfigurationSettings
instanceKlass org/apache/xerces/parsers/XML11Configurable
instanceKlass org/apache/xerces/xni/parser/XMLPullParserConfiguration
instanceKlass org/apache/xerces/xni/parser/XMLParserConfiguration
instanceKlass org/apache/xerces/parsers/SecuritySupport$6
instanceKlass org/apache/xerces/parsers/SecuritySupport$7
instanceKlass org/apache/xerces/parsers/SecuritySupport$4
instanceKlass org/apache/xerces/parsers/SecuritySupport$2
instanceKlass org/apache/xerces/parsers/SecuritySupport$1
instanceKlass org/apache/xerces/parsers/SecuritySupport
instanceKlass org/apache/xerces/parsers/ObjectFactory
instanceKlass org/apache/xerces/xni/parser/XMLEntityResolver
instanceKlass org/xml/sax/ext/Locator2
instanceKlass org/xml/sax/helpers/LocatorImpl
instanceKlass org/xml/sax/Locator
instanceKlass org/xml/sax/Attributes
instanceKlass org/xml/sax/AttributeList
instanceKlass org/apache/xerces/xni/parser/XMLErrorHandler
instanceKlass org/apache/xerces/jaxp/TeeXMLDocumentFilterImpl
instanceKlass org/apache/xerces/impl/xs/XMLSchemaValidator
instanceKlass org/apache/xerces/impl/RevalidationHandler
instanceKlass org/apache/xerces/impl/xs/identity/FieldActivator
instanceKlass org/apache/xerces/xni/parser/XMLDocumentFilter
instanceKlass org/apache/xerces/xni/parser/XMLDocumentSource
instanceKlass org/apache/xerces/xni/parser/XMLComponent
instanceKlass org/apache/xerces/xni/parser/XMLComponentManager
instanceKlass org/apache/xerces/xni/parser/XMLDTDSource
instanceKlass org/xml/sax/DocumentHandler
instanceKlass org/apache/xerces/parsers/XMLParser
instanceKlass org/apache/xerces/xni/XMLDTDContentModelHandler
instanceKlass org/apache/xerces/xni/XMLDTDHandler
instanceKlass org/apache/xerces/xni/XMLDocumentHandler
instanceKlass org/xml/sax/XMLReader
instanceKlass org/xml/sax/Parser
instanceKlass org/apache/xerces/xs/PSVIProvider
instanceKlass org/apache/xerces/jaxp/JAXPConstants
instanceKlass javax/xml/parsers/SAXParser
instanceKlass javax/xml/parsers/FactoryFinder$1
instanceKlass java/util/TreeMap$PrivateEntryIterator
instanceKlass java/lang/invoke/LambdaFormEditor$1
instanceKlass java/lang/invoke/MethodHandles$1
instanceKlass java/lang/Long$LongCache
instanceKlass jdk/xml/internal/SecuritySupport
instanceKlass javax/xml/parsers/FactoryFinder
instanceKlass javax/xml/parsers/SAXParserFactory
instanceKlass com/adobe/epubcheck/xml/handlers/DelegateDefaultHandler$Builder
instanceKlass org/xml/sax/helpers/DefaultHandler
instanceKlass org/xml/sax/DTDHandler
instanceKlass org/xml/sax/ErrorHandler
instanceKlass org/xml/sax/EntityResolver
instanceKlass com/adobe/epubcheck/xml/XMLParser
instanceKlass org/xml/sax/ContentHandler
instanceKlass io/mola/galimatias/canonicalize/DecodeUnreservedCanonicalizer
instanceKlass io/mola/galimatias/canonicalize/URLCanonicalizer
instanceKlass com/adobe/epubcheck/opf/OPFItem
instanceKlass org/w3c/epubcheck/core/references/Resource
instanceKlass com/adobe/epubcheck/overlay/OverlayTextChecker
instanceKlass org/w3c/epubcheck/core/references/ReferenceRegistry
instanceKlass org/w3c/epubcheck/core/references/ResourceRegistry
instanceKlass com/adobe/epubcheck/ocf/OCFContainer
instanceKlass java/util/LinkedList$ListItr
instanceKlass com/ibm/icu/impl/CaseMapImpl$StringContextIterator
instanceKlass jdk/internal/reflect/ClassDefiner$1
instanceKlass jdk/internal/reflect/ClassDefiner
instanceKlass jdk/internal/reflect/MethodAccessorGenerator$1
instanceKlass jdk/internal/reflect/Label$PatchInfo
instanceKlass jdk/internal/reflect/Label
instanceKlass jdk/internal/reflect/UTF8
instanceKlass jdk/internal/reflect/ClassFileAssembler
instanceKlass jdk/internal/reflect/ByteVectorImpl
instanceKlass jdk/internal/reflect/ByteVector
instanceKlass jdk/internal/reflect/ByteVectorFactory
instanceKlass jdk/internal/reflect/AccessorGenerator
instanceKlass jdk/internal/reflect/ClassFileConstants
instanceKlass com/ibm/icu/text/Edits$Iterator
instanceKlass com/adobe/epubcheck/ocf/OCFFilenameChecker$1
instanceKlass com/ibm/icu/text/ReplaceableString
instanceKlass com/ibm/icu/text/Replaceable
instanceKlass com/ibm/icu/text/UCharacterIterator
instanceKlass com/ibm/icu/text/UForwardCharacterIterator
instanceKlass com/adobe/epubcheck/api/EPUBLocation
instanceKlass com/google/common/collect/Sets
instanceKlass com/ibm/icu/impl/Trie2$Range
instanceKlass com/ibm/icu/impl/Trie2$Trie2Iterator
instanceKlass com/ibm/icu/impl/UCharacterProperty$IsAcceptable
instanceKlass com/ibm/icu/impl/UCharacterProperty$IntProperty
instanceKlass com/ibm/icu/impl/UCharacterProperty$BinaryProperty
instanceKlass com/ibm/icu/impl/UCharacterProperty
instanceKlass com/ibm/icu/impl/CharacterPropertiesImpl
instanceKlass com/ibm/icu/lang/CharacterProperties
instanceKlass com/ibm/icu/util/ValueIterator
instanceKlass com/ibm/icu/util/RangeValueIterator
instanceKlass com/ibm/icu/lang/UCharacter
instanceKlass com/ibm/icu/lang/UCharacterEnums$ECharacterDirection
instanceKlass com/ibm/icu/lang/UCharacterEnums$ECharacterCategory
instanceKlass com/ibm/icu/util/BytesTrie
instanceKlass jdk/internal/misc/ScopedMemoryAccess$Scope
instanceKlass com/ibm/icu/impl/UPropertyAliases$IsAcceptable
instanceKlass com/ibm/icu/impl/UPropertyAliases
instanceKlass com/ibm/icu/impl/PatternProps
instanceKlass com/ibm/icu/text/UTF16
instanceKlass com/ibm/icu/impl/RuleCharacterIterator$Position
instanceKlass com/ibm/icu/impl/RuleCharacterIterator
instanceKlass java/text/ParsePosition
instanceKlass com/ibm/icu/impl/BMPSet
instanceKlass com/ibm/icu/text/UnicodeSet$Filter
instanceKlass com/ibm/icu/text/UnicodeFilter
instanceKlass com/ibm/icu/text/UnicodeMatcher
instanceKlass com/ibm/icu/util/Freezable
instanceKlass com/adobe/epubcheck/ocf/OCFFilenameChecker
instanceKlass com/ibm/icu/impl/UCaseProps$LatinCase
instanceKlass com/ibm/icu/text/Edits
instanceKlass com/ibm/icu/impl/Trie2$2
instanceKlass com/ibm/icu/impl/Trie2$UTrie2Header
instanceKlass com/ibm/icu/impl/Trie2$1
instanceKlass com/ibm/icu/impl/Trie2$ValueMapper
instanceKlass com/ibm/icu/impl/Trie2
instanceKlass com/ibm/icu/impl/UCaseProps$IsAcceptable
instanceKlass com/ibm/icu/impl/UCaseProps
instanceKlass com/ibm/icu/impl/UCaseProps$ContextIterator
instanceKlass com/ibm/icu/text/BreakIterator
instanceKlass com/ibm/icu/impl/CaseMapImpl
instanceKlass com/ibm/icu/text/CaseMap
instanceKlass com/ibm/icu/impl/Norm2AllModes$Norm2AllModesSingleton
instanceKlass com/ibm/icu/impl/Norm2AllModes$NFCSingleton
instanceKlass org/w3c/epubcheck/util/text/UnicodeUtils
instanceKlass com/adobe/epubcheck/ocf/OCFZipResources$1$1
instanceKlass com/google/common/collect/Hashing
instanceKlass java/util/zip/ZipFile$ZipEntryIterator
instanceKlass com/adobe/epubcheck/ocf/OCFResource
instanceKlass com/adobe/epubcheck/ocf/OCFZipResources$1
instanceKlass com/adobe/epubcheck/ocf/OCFZipResources
instanceKlass com/adobe/epubcheck/util/CheckUtil
instanceKlass com/adobe/epubcheck/ocf/OCFZipChecker
instanceKlass java/util/RegularEnumSet$EnumSetIterator
instanceKlass com/ibm/icu/text/IDNA$Info
instanceKlass io/mola/galimatias/Host
instanceKlass sun/security/provider/AbstractDrbg$NonceProvider
instanceKlass sun/nio/fs/WindowsDirectoryStream$WindowsDirectoryIterator
instanceKlass sun/nio/fs/WindowsDirectoryStream
instanceKlass java/nio/file/DirectoryStream
instanceKlass java/nio/file/Files$AcceptAllFilter
instanceKlass java/nio/file/DirectoryStream$Filter
instanceKlass java/net/NetworkInterface$1
instanceKlass java/net/DefaultInterface
instanceKlass java/net/Inet6Address$Inet6AddressHolder
instanceKlass java/net/InetAddress$PlatformNameService
instanceKlass java/net/InetAddress$NameService
instanceKlass java/net/Inet6AddressImpl
instanceKlass java/net/InetAddressImpl
instanceKlass java/net/InetAddressImplFactory
instanceKlass java/util/concurrent/ConcurrentSkipListMap$Node
instanceKlass java/util/concurrent/ConcurrentSkipListMap$Index
instanceKlass java/util/concurrent/ConcurrentNavigableMap
instanceKlass java/net/InetAddress$InetAddressHolder
instanceKlass java/net/InetAddress$1
instanceKlass jdk/internal/access/JavaNetInetAddressAccess
instanceKlass java/net/InetAddress
instanceKlass java/net/InterfaceAddress
instanceKlass java/net/NetworkInterface
instanceKlass java/lang/constant/DynamicConstantDesc
instanceKlass java/lang/constant/DirectMethodHandleDesc$1
instanceKlass java/lang/constant/DirectMethodHandleDescImpl$1
instanceKlass java/lang/constant/DirectMethodHandleDescImpl
instanceKlass java/lang/constant/DirectMethodHandleDesc
instanceKlass java/lang/constant/MethodHandleDesc$1
instanceKlass java/lang/constant/MethodHandleDesc
instanceKlass java/lang/constant/MethodTypeDescImpl
instanceKlass java/lang/constant/MethodTypeDesc
instanceKlass java/lang/constant/ReferenceClassDescImpl
instanceKlass java/lang/constant/ConstantUtils
instanceKlass java/lang/constant/ClassDesc
instanceKlass java/lang/constant/ConstantDescs
instanceKlass java/lang/invoke/VarHandle$2
instanceKlass java/lang/invoke/VarHandle$TypesAndInvokers
instanceKlass java/lang/invoke/VarHandle$AccessDescriptor
instanceKlass java/lang/invoke/VarForm
instanceKlass java/lang/invoke/VarHandleByteArrayBase
instanceKlass java/lang/invoke/VarHandleGuards
instanceKlass jdk/internal/util/Preconditions$1
instanceKlass java/util/function/BiFunction
instanceKlass java/lang/invoke/VarHandle$1
instanceKlass java/lang/invoke/VarHandles
instanceKlass sun/security/provider/ByteArrayAccess$BE
instanceKlass sun/security/provider/ByteArrayAccess
instanceKlass java/util/Collections$UnmodifiableCollection$1
instanceKlass sun/security/provider/SeedGenerator$1
instanceKlass sun/security/util/MessageDigestSpi2
instanceKlass sun/security/jca/GetInstance$Instance
instanceKlass sun/security/jca/GetInstance
instanceKlass sun/security/util/CryptoAlgorithmConstraints$CryptoHolder
instanceKlass sun/security/util/AbstractAlgorithmConstraints
instanceKlass java/security/AlgorithmConstraints
instanceKlass java/security/MessageDigestSpi
instanceKlass sun/security/provider/SeedGenerator
instanceKlass sun/security/provider/AbstractDrbg$SeederHolder
instanceKlass java/security/DrbgParameters$NextBytes
instanceKlass sun/security/provider/EntropySource
instanceKlass sun/security/provider/AbstractDrbg
instanceKlass java/security/DrbgParameters$Instantiation
instanceKlass java/security/DrbgParameters
instanceKlass sun/security/provider/MoreDrbgParameters
instanceKlass java/security/SecureRandomSpi
instanceKlass jdk/internal/event/Event
instanceKlass java/util/LinkedHashMap$LinkedHashIterator
instanceKlass sun/security/util/SecurityProviderConstants
instanceKlass java/security/Provider$UString
instanceKlass java/security/Provider$Service
instanceKlass sun/security/provider/NativePRNG$NonBlocking
instanceKlass sun/security/provider/NativePRNG$Blocking
instanceKlass sun/security/provider/NativePRNG
instanceKlass sun/security/provider/SunEntries$1
instanceKlass sun/security/provider/SunEntries
instanceKlass sun/security/util/SecurityConstants
instanceKlass java/util/AbstractList$Itr
instanceKlass sun/security/jca/ProviderList$2
instanceKlass jdk/internal/math/FloatingDecimal$ASCIIToBinaryBuffer
instanceKlass jdk/internal/math/FloatingDecimal$PreparedASCIIToBinaryBuffer
instanceKlass jdk/internal/math/FloatingDecimal$ASCIIToBinaryConverter
instanceKlass jdk/internal/math/FloatingDecimal$BinaryToASCIIBuffer
instanceKlass jdk/internal/math/FloatingDecimal$ExceptionalBinaryToASCIIBuffer
instanceKlass jdk/internal/math/FloatingDecimal$BinaryToASCIIConverter
instanceKlass jdk/internal/math/FloatingDecimal
instanceKlass javax/security/auth/login/Configuration$Parameters
instanceKlass java/security/Policy$Parameters
instanceKlass java/security/cert/CertStoreParameters
instanceKlass java/security/SecureRandomParameters
instanceKlass java/security/Provider$EngineDescription
instanceKlass java/security/Provider$ServiceKey
instanceKlass sun/security/jca/ProviderConfig
instanceKlass sun/security/jca/ProviderList
instanceKlass sun/security/jca/Providers
instanceKlass java/util/Random
instanceKlass java/util/random/RandomGenerator
instanceKlass java/util/UUID$Holder
instanceKlass java/util/UUID
instanceKlass com/google/common/collect/ImmutableMap$Builder
instanceKlass com/adobe/epubcheck/ocf/OCFContainer$Builder
instanceKlass com/adobe/epubcheck/ocf/OCFCheckerState
instanceKlass org/w3c/epubcheck/core/AbstractChecker
instanceKlass com/adobe/epubcheck/api/EpubCheckFactory
instanceKlass sun/nio/fs/WindowsUriSupport
instanceKlass com/google/common/collect/PeekingIterator
instanceKlass com/google/common/collect/Iterators
instanceKlass com/google/common/collect/Iterables
instanceKlass com/google/common/base/Predicate
instanceKlass com/google/common/base/Predicates
instanceKlass com/adobe/epubcheck/util/URLResourceProvider
instanceKlass com/google/common/collect/Synchronized$SynchronizedObject
instanceKlass com/google/common/collect/Synchronized
instanceKlass com/google/common/collect/SortedSetMultimap
instanceKlass com/google/common/collect/ListMultimap
instanceKlass com/google/common/collect/Multimaps
instanceKlass com/google/common/collect/AbstractMapEntry
instanceKlass com/google/common/collect/LinkedHashMultimap$ValueSetLink
instanceKlass com/google/common/collect/Platform
instanceKlass com/google/common/collect/Multiset
instanceKlass com/google/common/collect/AbstractMultimap
instanceKlass com/google/common/collect/SetMultimap
instanceKlass com/google/common/collect/Multimap
instanceKlass com/adobe/epubcheck/api/FeatureReport
instanceKlass com/google/common/base/MoreObjects
instanceKlass com/google/common/base/CommonPattern
instanceKlass com/google/common/base/Platform$JdkPatternCompiler
instanceKlass jdk/internal/logger/DefaultLoggerFinder$1
instanceKlass java/util/logging/Logger$SystemLoggerHelper$1
instanceKlass java/util/logging/Logger$SystemLoggerHelper
instanceKlass java/util/logging/LogManager$4
instanceKlass jdk/internal/logger/BootstrapLogger$BootstrapExecutors
instanceKlass jdk/internal/logger/BootstrapLogger$RedirectedLoggers
instanceKlass java/util/ServiceLoader$ProviderImpl
instanceKlass java/util/ServiceLoader$Provider
instanceKlass java/util/ServiceLoader$1
instanceKlass java/util/concurrent/CopyOnWriteArrayList$COWIterator
instanceKlass jdk/internal/loader/URLClassPath$1
instanceKlass java/lang/CompoundEnumeration
instanceKlass jdk/internal/loader/BuiltinClassLoader$1
instanceKlass java/util/Collections$EmptyEnumeration
instanceKlass java/util/Collections$EmptyIterator
instanceKlass java/util/ServiceLoader$3
instanceKlass java/util/ServiceLoader$2
instanceKlass java/util/ServiceLoader$LazyClassPathLookupIterator
instanceKlass java/util/Spliterators$1Adapter
instanceKlass java/util/Spliterator$OfDouble
instanceKlass java/util/Spliterator$OfLong
instanceKlass java/util/Spliterator$OfInt
instanceKlass java/util/Spliterator$OfPrimitive
instanceKlass java/util/Spliterators$EmptySpliterator
instanceKlass java/util/Spliterators
instanceKlass java/util/ServiceLoader$ModuleServicesLookupIterator
instanceKlass java/util/ServiceLoader
instanceKlass jdk/internal/logger/BootstrapLogger$DetectBackend$1
instanceKlass jdk/internal/logger/BootstrapLogger$DetectBackend
instanceKlass jdk/internal/logger/BootstrapLogger
instanceKlass sun/util/logging/PlatformLogger$ConfigurableBridge
instanceKlass sun/util/logging/PlatformLogger$Bridge
instanceKlass java/lang/System$Logger
instanceKlass java/util/stream/Streams
instanceKlass java/util/stream/Stream$Builder
instanceKlass java/util/stream/Streams$AbstractStreamBuilderImpl
instanceKlass java/util/stream/Sink$ChainedReference
instanceKlass java/util/stream/FindOps$FindOp
instanceKlass java/util/stream/TerminalOp
instanceKlass java/util/stream/FindOps$FindSink
instanceKlass java/util/stream/TerminalSink
instanceKlass java/util/stream/Sink
instanceKlass java/util/function/Consumer
instanceKlass java/util/stream/FindOps
instanceKlass sun/reflect/annotation/AnnotationParser
instanceKlass java/util/stream/StreamOpFlag$MaskBuilder
instanceKlass java/util/stream/Stream
instanceKlass java/util/stream/BaseStream
instanceKlass java/util/stream/PipelineHelper
instanceKlass java/util/stream/StreamSupport
instanceKlass java/util/ArrayList$ArrayListSpliterator
instanceKlass java/util/Spliterator
instanceKlass java/util/Hashtable$Enumerator
instanceKlass java/util/Collections$3
instanceKlass java/util/logging/LogManager$LoggerContext$1
instanceKlass java/util/logging/LogManager$VisitedLoggers
instanceKlass java/util/function/Predicate
instanceKlass java/util/logging/LogManager$2
instanceKlass java/lang/System$LoggerFinder
instanceKlass java/security/Security$2
instanceKlass jdk/internal/access/JavaSecurityPropertiesAccess
instanceKlass java/io/FileInputStream$1
instanceKlass java/security/Security$1
instanceKlass java/security/Security
instanceKlass sun/security/util/SecurityProperties
instanceKlass sun/security/util/FilePermCompat
instanceKlass java/util/logging/LogManager$LoggingProviderAccess
instanceKlass sun/util/logging/internal/LoggingProviderImpl$LogManagerAccess
instanceKlass java/lang/Shutdown$Lock
instanceKlass java/lang/Shutdown
instanceKlass java/lang/ApplicationShutdownHooks$1
instanceKlass java/lang/ApplicationShutdownHooks
instanceKlass java/util/Collections$SynchronizedMap
instanceKlass java/util/logging/LogManager$LogNode
instanceKlass java/util/logging/LogManager$LoggerContext
instanceKlass java/util/logging/LogManager$1
instanceKlass java/util/logging/LogManager
instanceKlass java/util/logging/Logger$ConfigurationData
instanceKlass java/util/logging/Logger$LoggerBundle
instanceKlass java/util/logging/Level
instanceKlass java/util/logging/Handler
instanceKlass java/util/logging/Logger
instanceKlass com/google/common/base/PatternCompiler
instanceKlass com/google/common/base/Platform
instanceKlass com/google/common/base/Strings
instanceKlass com/google/common/base/Optional
instanceKlass com/adobe/epubcheck/opf/ValidationContext
instanceKlass com/google/common/collect/ImmutableCollection$Builder
instanceKlass com/google/common/collect/ImmutableSet$SetBuilderImpl
instanceKlass com/adobe/epubcheck/opf/ValidationContext$ValidationContextBuilder
instanceKlass com/adobe/epubcheck/util/FileResourceProvider
instanceKlass com/ibm/icu/text/Normalizer2$1
instanceKlass com/ibm/icu/impl/CacheValue
instanceKlass com/ibm/icu/util/CodePointTrie$1
instanceKlass com/ibm/icu/util/CodePointTrie$Data
instanceKlass com/ibm/icu/util/CodePointMap$StringIterator
instanceKlass com/ibm/icu/util/CodePointMap
instanceKlass com/ibm/icu/util/VersionInfo
instanceKlass com/ibm/icu/impl/ClassLoaderUtil
instanceKlass com/ibm/icu/impl/ICUData
instanceKlass com/ibm/icu/impl/ICUConfig
instanceKlass com/ibm/icu/impl/ICUBinary
instanceKlass com/ibm/icu/impl/Normalizer2Impl$1
instanceKlass com/ibm/icu/impl/Normalizer2Impl$IsAcceptable
instanceKlass com/ibm/icu/impl/ICUBinary$Authenticate
instanceKlass com/ibm/icu/util/CodePointMap$ValueFilter
instanceKlass com/ibm/icu/impl/Normalizer2Impl
instanceKlass com/ibm/icu/impl/CacheBase
instanceKlass com/ibm/icu/impl/Norm2AllModes
instanceKlass com/ibm/icu/text/Normalizer2
instanceKlass com/ibm/icu/text/IDNA
instanceKlass io/mola/galimatias/URLUtils
instanceKlass io/mola/galimatias/URLParser$1
instanceKlass io/mola/galimatias/DefaultErrorHandler
instanceKlass io/mola/galimatias/ErrorHandler
instanceKlass io/mola/galimatias/URLParsingSettings
instanceKlass io/mola/galimatias/URLParser
instanceKlass io/mola/galimatias/URL
instanceKlass java/text/CharacterIterator
instanceKlass org/w3c/epubcheck/util/url/URLUtils
instanceKlass com/adobe/epubcheck/api/EpubCheck
instanceKlass com/adobe/epubcheck/util/DefaultReportImpl$1
instanceKlass com/adobe/epubcheck/util/PathUtil
instanceKlass com/adobe/epubcheck/messages/LocaleHolder
instanceKlass com/adobe/epubcheck/messages/DefaultSeverities
instanceKlass java/lang/Class$3
instanceKlass java/util/EnumMap$1
instanceKlass com/adobe/epubcheck/messages/Severities
instanceKlass com/adobe/epubcheck/messages/LocalizedMessages
instanceKlass com/adobe/epubcheck/messages/LocalizedMessageDictionary
instanceKlass com/adobe/epubcheck/messages/MessageDictionary
instanceKlass com/adobe/epubcheck/api/MasterReport
instanceKlass java/util/regex/Pattern$BitClass
instanceKlass java/util/regex/IntHashSet
instanceKlass java/util/regex/Matcher
instanceKlass java/util/regex/MatchResult
instanceKlass java/util/regex/Pattern$TreeInfo
instanceKlass java/lang/invoke/InvokerBytecodeGenerator$ClassData
instanceKlass jdk/internal/org/objectweb/asm/Frame
instanceKlass java/lang/invoke/LambdaFormBuffer
instanceKlass java/lang/invoke/LambdaFormEditor$TransformKey
instanceKlass java/lang/invoke/LambdaFormEditor
instanceKlass sun/invoke/util/Wrapper$1
instanceKlass java/lang/invoke/DelegatingMethodHandle$Holder
instanceKlass java/lang/invoke/DirectMethodHandle$2
instanceKlass java/lang/invoke/ClassSpecializer$Factory
instanceKlass java/lang/invoke/ClassSpecializer$SpeciesData
instanceKlass java/lang/invoke/ClassSpecializer$1
instanceKlass java/lang/invoke/ClassSpecializer
instanceKlass java/lang/invoke/InnerClassLambdaMetafactory$1
instanceKlass java/util/regex/Pattern$BmpCharPredicate
instanceKlass java/util/regex/Pattern$CharPredicate
instanceKlass java/util/regex/Pattern$Node
instanceKlass java/util/regex/Pattern
instanceKlass java/util/TreeMap$Entry
instanceKlass java/lang/ProcessEnvironment$CheckedEntry
instanceKlass java/lang/ProcessEnvironment$CheckedEntrySet$1
instanceKlass java/lang/ProcessEnvironment$EntryComparator
instanceKlass java/lang/ProcessEnvironment$NameComparator
instanceKlass com/google/common/collect/CollectPreconditions
instanceKlass java/util/concurrent/ConcurrentHashMap$MapEntry
instanceKlass java/util/Collections$SynchronizedCollection
instanceKlass java/util/Properties$EntrySet
instanceKlass java/nio/charset/CoderResult
instanceKlass java/util/Properties$LineReader
instanceKlass com/google/common/base/Charsets
instanceKlass sun/net/www/MessageHeader
instanceKlass sun/net/www/protocol/jar/JarFileFactory
instanceKlass sun/net/www/protocol/jar/URLJarFile$URLJarFileCloseController
instanceKlass java/net/URLConnection
instanceKlass jdk/internal/jimage/ImageLocation
instanceKlass jdk/internal/jimage/decompressor/Decompressor
instanceKlass jdk/internal/jimage/ImageStringsReader
instanceKlass jdk/internal/jimage/ImageStrings
instanceKlass jdk/internal/jimage/ImageHeader
instanceKlass jdk/internal/jimage/NativeImageBuffer$1
instanceKlass jdk/internal/jimage/NativeImageBuffer
instanceKlass jdk/internal/jimage/BasicImageReader$1
instanceKlass jdk/internal/jimage/BasicImageReader
instanceKlass jdk/internal/jimage/ImageReader
instanceKlass jdk/internal/jimage/ImageReaderFactory$1
instanceKlass java/net/URI$Parser
instanceKlass java/nio/file/FileSystems$DefaultFileSystemHolder$1
instanceKlass java/nio/file/FileSystems$DefaultFileSystemHolder
instanceKlass java/nio/file/FileSystems
instanceKlass java/nio/file/Paths
instanceKlass jdk/internal/jimage/ImageReaderFactory
instanceKlass jdk/internal/module/SystemModuleFinders$SystemImage
instanceKlass jdk/internal/module/SystemModuleFinders$SystemModuleReader
instanceKlass java/lang/module/ModuleReader
instanceKlass jdk/internal/loader/BuiltinClassLoader$5
instanceKlass jdk/internal/loader/BuiltinClassLoader$2
instanceKlass jdk/internal/module/Resources
instanceKlass sun/invoke/empty/Empty
instanceKlass sun/invoke/util/VerifyType
instanceKlass java/lang/invoke/MethodHandles$Lookup$ClassDefiner
instanceKlass jdk/internal/org/objectweb/asm/ClassReader
instanceKlass java/lang/invoke/MethodHandles$Lookup$ClassFile
instanceKlass jdk/internal/org/objectweb/asm/Handler
instanceKlass jdk/internal/org/objectweb/asm/AnnotationVisitor
instanceKlass jdk/internal/org/objectweb/asm/Attribute
instanceKlass jdk/internal/org/objectweb/asm/Label
instanceKlass jdk/internal/org/objectweb/asm/MethodVisitor
instanceKlass jdk/internal/org/objectweb/asm/FieldVisitor
instanceKlass java/lang/invoke/LambdaProxyClassArchive
instanceKlass jdk/internal/org/objectweb/asm/ByteVector
instanceKlass jdk/internal/org/objectweb/asm/Symbol
instanceKlass jdk/internal/org/objectweb/asm/SymbolTable
instanceKlass jdk/internal/org/objectweb/asm/ClassVisitor
instanceKlass java/lang/invoke/InfoFromMemberName
instanceKlass java/lang/invoke/MethodHandleInfo
instanceKlass jdk/internal/org/objectweb/asm/ConstantDynamic
instanceKlass sun/invoke/util/BytecodeDescriptor
instanceKlass jdk/internal/org/objectweb/asm/Handle
instanceKlass sun/security/action/GetBooleanAction
instanceKlass jdk/internal/org/objectweb/asm/Type
instanceKlass java/lang/invoke/AbstractValidatingLambdaMetafactory
instanceKlass java/lang/invoke/MethodHandleImpl$1
instanceKlass jdk/internal/access/JavaLangInvokeAccess
instanceKlass java/lang/invoke/Invokers$Holder
instanceKlass java/lang/invoke/BootstrapMethodInvoker
instanceKlass java/lang/invoke/InvokerBytecodeGenerator$2
instanceKlass java/lang/invoke/InvokerBytecodeGenerator
instanceKlass java/lang/invoke/LambdaForm$Holder
instanceKlass java/lang/invoke/LambdaForm$Name
instanceKlass java/lang/invoke/Invokers
instanceKlass java/lang/invoke/MethodHandleImpl
instanceKlass sun/invoke/util/ValueConversions
instanceKlass java/lang/invoke/DirectMethodHandle$Holder
instanceKlass java/lang/invoke/LambdaForm$NamedFunction
instanceKlass sun/invoke/util/Wrapper$Format
instanceKlass java/lang/invoke/MethodTypeForm
instanceKlass java/lang/invoke/MethodType$ConcurrentWeakInternSet
instanceKlass java/lang/invoke/LambdaMetafactory
instanceKlass java/util/LinkedList$Node
instanceKlass java/util/ResourceBundle$CacheKeyReference
instanceKlass java/util/ResourceBundle$CacheKey
instanceKlass java/util/ResourceBundle$1
instanceKlass jdk/internal/access/JavaUtilResourceBundleAccess
instanceKlass sun/util/locale/LocaleObjectCache
instanceKlass java/util/ResourceBundle
instanceKlass java/io/Reader
instanceKlass java/lang/Readable
instanceKlass com/google/common/base/Preconditions
instanceKlass com/google/common/collect/Maps$EntryTransformer
instanceKlass com/google/common/base/Converter
instanceKlass com/google/common/collect/SortedMapDifference
instanceKlass com/google/common/collect/MapDifference
instanceKlass com/google/common/collect/ImmutableMap
instanceKlass com/google/common/collect/BiMap
instanceKlass java/util/NavigableMap
instanceKlass java/util/SortedMap
instanceKlass com/google/common/base/Function
instanceKlass java/util/NavigableSet
instanceKlass com/google/common/collect/UnmodifiableIterator
instanceKlass java/util/SortedSet
instanceKlass com/google/common/collect/Maps
instanceKlass com/google/common/collect/HashBasedTable$Factory
instanceKlass com/google/common/base/Supplier
instanceKlass com/google/common/collect/AbstractTable
instanceKlass com/google/common/collect/Table
instanceKlass java/util/ResourceBundle$Control
instanceKlass com/adobe/epubcheck/util/Messages
instanceKlass com/adobe/epubcheck/util/OPSType
instanceKlass com/adobe/epubcheck/api/LocalizableReport
instanceKlass com/adobe/epubcheck/api/Report
instanceKlass org/w3c/epubcheck/core/Checker
instanceKlass com/adobe/epubcheck/util/GenericResourceProvider
instanceKlass com/adobe/epubcheck/tool/EpubChecker
instanceKlass java/lang/Void
instanceKlass java/lang/PublicMethods$Key
instanceKlass java/lang/PublicMethods$MethodList
instanceKlass com/adobe/epubcheck/tool/Checker
instanceKlass java/security/SecureClassLoader$DebugHolder
instanceKlass java/security/PermissionCollection
instanceKlass java/security/SecureClassLoader$1
instanceKlass java/security/SecureClassLoader$CodeSourceKey
instanceKlass java/util/zip/Checksum$1
instanceKlass java/util/zip/CRC32
instanceKlass java/util/zip/Checksum
instanceKlass sun/nio/ByteBuffered
instanceKlass java/lang/Package$VersionInfo
instanceKlass java/lang/NamedPackage
instanceKlass sun/security/util/ManifestEntryVerifier
instanceKlass java/util/ArrayList$Itr
instanceKlass jdk/internal/loader/Resource
instanceKlass java/util/StringTokenizer
instanceKlass jdk/internal/util/jar/JarIndex
instanceKlass jdk/internal/loader/FileURLMapper
instanceKlass jdk/internal/loader/URLClassPath$JarLoader$1
instanceKlass jdk/internal/loader/URLClassPath$Loader
instanceKlass jdk/internal/loader/URLClassPath$3
instanceKlass java/security/PrivilegedExceptionAction
instanceKlass sun/net/util/URLUtil
instanceKlass java/io/RandomAccessFile$1
instanceKlass java/util/jar/Attributes$Name
instanceKlass java/util/jar/Attributes
instanceKlass java/security/CodeSigner
instanceKlass java/util/jar/JarVerifier
instanceKlass sun/security/action/GetIntegerAction
instanceKlass sun/security/util/Debug
instanceKlass sun/security/util/SignatureFileVerifier
instanceKlass java/util/zip/ZipFile$InflaterCleanupAction
instanceKlass java/util/zip/Inflater$InflaterZStreamRef
instanceKlass java/util/zip/Inflater
instanceKlass java/util/zip/ZipEntry
instanceKlass java/nio/Bits$1
instanceKlass jdk/internal/misc/VM$BufferPool
instanceKlass java/nio/Bits
instanceKlass sun/nio/ch/DirectBuffer
instanceKlass jdk/internal/perf/PerfCounter$CoreCounters
instanceKlass jdk/internal/perf/Perf
instanceKlass jdk/internal/perf/Perf$GetPerfAction
instanceKlass jdk/internal/perf/PerfCounter
instanceKlass sun/util/locale/LocaleUtils
instanceKlass sun/util/locale/BaseLocale
instanceKlass java/util/Locale
instanceKlass java/nio/file/attribute/FileTime
instanceKlass java/util/zip/ZipUtils
instanceKlass java/util/zip/ZipFile$Source$End
instanceKlass java/io/RandomAccessFile$2
instanceKlass jdk/internal/access/JavaIORandomAccessFileAccess
instanceKlass java/io/RandomAccessFile
instanceKlass java/io/DataInput
instanceKlass java/io/DataOutput
instanceKlass sun/nio/fs/WindowsNativeDispatcher$CompletionStatus
instanceKlass sun/nio/fs/WindowsNativeDispatcher$AclInformation
instanceKlass sun/nio/fs/WindowsNativeDispatcher$Account
instanceKlass sun/nio/fs/WindowsNativeDispatcher$DiskFreeSpace
instanceKlass sun/nio/fs/WindowsNativeDispatcher$VolumeInformation
instanceKlass sun/nio/fs/WindowsNativeDispatcher$FirstStream
instanceKlass sun/nio/fs/WindowsNativeDispatcher$FirstFile
instanceKlass java/util/Enumeration
instanceKlass java/util/concurrent/ConcurrentHashMap$Traverser
instanceKlass java/util/concurrent/ConcurrentHashMap$CollectionView
instanceKlass jdk/internal/loader/NativeLibraries$NativeLibraryImpl
instanceKlass jdk/internal/loader/NativeLibrary
instanceKlass java/util/ArrayDeque$DeqIterator
instanceKlass jdk/internal/loader/NativeLibraries$1
instanceKlass jdk/internal/loader/NativeLibraries$LibraryPaths
instanceKlass sun/nio/fs/WindowsNativeDispatcher
instanceKlass sun/nio/fs/NativeBuffer$Deallocator
instanceKlass sun/nio/fs/NativeBuffer
instanceKlass java/lang/ThreadLocal$ThreadLocalMap
instanceKlass sun/nio/fs/NativeBuffers
instanceKlass sun/nio/fs/WindowsFileAttributes
instanceKlass java/nio/file/attribute/DosFileAttributes
instanceKlass sun/nio/fs/AbstractBasicFileAttributeView
instanceKlass sun/nio/fs/DynamicFileAttributeView
instanceKlass sun/nio/fs/WindowsFileAttributeViews
instanceKlass sun/nio/fs/Util
instanceKlass java/nio/file/attribute/BasicFileAttributeView
instanceKlass java/nio/file/attribute/FileAttributeView
instanceKlass java/nio/file/attribute/AttributeView
instanceKlass java/nio/file/Files
instanceKlass java/nio/file/CopyOption
instanceKlass java/nio/file/attribute/BasicFileAttributes
instanceKlass sun/nio/fs/WindowsPath
instanceKlass java/nio/file/Path
instanceKlass java/nio/file/Watchable
instanceKlass java/util/zip/ZipFile$Source$Key
instanceKlass sun/nio/fs/WindowsPathParser$Result
instanceKlass sun/nio/fs/WindowsPathParser
instanceKlass java/util/Collections$UnmodifiableCollection
instanceKlass java/util/Arrays$ArrayItr
instanceKlass java/nio/file/FileSystem
instanceKlass java/nio/file/OpenOption
instanceKlass java/nio/file/spi/FileSystemProvider
instanceKlass sun/nio/fs/DefaultFileSystemProvider
instanceKlass java/util/zip/ZipFile$Source
instanceKlass java/lang/ref/Cleaner$Cleanable
instanceKlass jdk/internal/ref/CleanerImpl
instanceKlass java/lang/ref/Cleaner$1
instanceKlass java/lang/ref/Cleaner
instanceKlass jdk/internal/ref/CleanerFactory$1
instanceKlass java/util/concurrent/ThreadFactory
instanceKlass jdk/internal/ref/CleanerFactory
instanceKlass java/util/zip/ZipCoder
instanceKlass java/util/zip/ZipFile$CleanableResource
instanceKlass java/lang/Runtime$Version
instanceKlass java/util/jar/JavaUtilJarAccessImpl
instanceKlass jdk/internal/access/JavaUtilJarAccess
instanceKlass java/util/zip/ZipFile$1
instanceKlass jdk/internal/access/JavaUtilZipFileAccess
instanceKlass java/util/zip/ZipFile
instanceKlass java/util/zip/ZipConstants
instanceKlass java/lang/StringCoding
instanceKlass sun/nio/cs/ArrayDecoder
instanceKlass java/nio/charset/CharsetDecoder
instanceKlass sun/launcher/LauncherHelper
instanceKlass java/lang/reflect/Array
instanceKlass java/lang/invoke/StringConcatFactory$3
instanceKlass java/lang/invoke/StringConcatFactory$2
instanceKlass java/lang/invoke/StringConcatFactory$1
instanceKlass java/lang/invoke/StringConcatFactory
instanceKlass java/lang/ModuleLayer$Controller
instanceKlass java/util/concurrent/CopyOnWriteArrayList
instanceKlass jdk/internal/module/ServicesCatalog$ServiceProvider
instanceKlass jdk/internal/loader/AbstractClassLoaderValue$Memoizer
instanceKlass java/util/ImmutableCollections$ListItr
instanceKlass java/util/ListIterator
instanceKlass java/lang/ModuleLayer
instanceKlass jdk/internal/module/ModuleLoaderMap$Modules
instanceKlass jdk/internal/module/ModuleLoaderMap$Mapper
instanceKlass java/util/function/Function
instanceKlass jdk/internal/module/ModuleLoaderMap
instanceKlass java/util/AbstractMap$1$1
instanceKlass java/lang/module/ResolvedModule
instanceKlass java/lang/module/Configuration
instanceKlass jdk/internal/loader/BuiltinClassLoader$LoadedModule
instanceKlass jdk/internal/loader/AbstractClassLoaderValue
instanceKlass jdk/internal/module/ServicesCatalog
instanceKlass jdk/internal/util/Preconditions
instanceKlass sun/net/util/IPAddressUtil
instanceKlass java/net/URLStreamHandler
instanceKlass java/util/HexFormat
instanceKlass sun/net/www/ParseUtil
instanceKlass java/net/URL$3
instanceKlass jdk/internal/access/JavaNetURLAccess
instanceKlass java/net/URL$DefaultFactory
instanceKlass java/net/URLStreamHandlerFactory
instanceKlass jdk/internal/loader/URLClassPath
instanceKlass java/security/Principal
instanceKlass java/security/ProtectionDomain$Key
instanceKlass java/security/ProtectionDomain$JavaSecurityAccessImpl
instanceKlass jdk/internal/access/JavaSecurityAccess
instanceKlass java/lang/ClassLoader$ParallelLoaders
instanceKlass java/security/cert/Certificate
instanceKlass jdk/internal/loader/ArchivedClassLoaders
instanceKlass java/util/Deque
instanceKlass java/util/Queue
instanceKlass jdk/internal/loader/ClassLoaderHelper
instanceKlass jdk/internal/loader/NativeLibraries
instanceKlass jdk/internal/loader/BootLoader
instanceKlass java/util/Optional
instanceKlass jdk/internal/module/SystemModuleFinders$SystemModuleFinder
instanceKlass java/lang/module/ModuleFinder
instanceKlass jdk/internal/module/SystemModuleFinders$3
instanceKlass jdk/internal/module/ModuleHashes$HashSupplier
instanceKlass jdk/internal/module/SystemModuleFinders$2
instanceKlass java/util/function/Supplier
instanceKlass java/lang/module/ModuleReference
instanceKlass jdk/internal/module/ModuleResolution
instanceKlass java/util/Collections$UnmodifiableMap
instanceKlass jdk/internal/module/ModuleHashes$Builder
instanceKlass jdk/internal/module/ModuleHashes
instanceKlass jdk/internal/module/ModuleTarget
instanceKlass java/util/ImmutableCollections$Set12$1
instanceKlass java/lang/Enum
instanceKlass java/lang/module/ModuleDescriptor$Version
instanceKlass java/lang/module/ModuleDescriptor$Provides
instanceKlass java/lang/module/ModuleDescriptor$Opens
instanceKlass java/util/ImmutableCollections$SetN$SetNIterator
instanceKlass java/lang/module/ModuleDescriptor$Exports
instanceKlass java/lang/module/ModuleDescriptor$Requires
instanceKlass jdk/internal/module/Builder
instanceKlass jdk/internal/module/SystemModules$default
instanceKlass jdk/internal/module/SystemModules
instanceKlass jdk/internal/module/SystemModulesMap
instanceKlass java/net/URI$1
instanceKlass jdk/internal/access/JavaNetUriAccess
instanceKlass java/net/URI
instanceKlass jdk/internal/module/SystemModuleFinders
instanceKlass jdk/internal/module/ArchivedModuleGraph
instanceKlass jdk/internal/module/ArchivedBootLayer
instanceKlass jdk/internal/module/ModuleBootstrap$Counters
instanceKlass jdk/internal/module/ModulePatcher
instanceKlass java/io/FileSystem
instanceKlass java/io/DefaultFileSystem
instanceKlass java/io/File
instanceKlass java/lang/module/ModuleDescriptor$1
instanceKlass jdk/internal/access/JavaLangModuleAccess
instanceKlass sun/invoke/util/VerifyAccess
instanceKlass java/lang/module/ModuleDescriptor
instanceKlass jdk/internal/module/ModuleBootstrap
instanceKlass java/lang/invoke/MethodHandleStatics
instanceKlass java/util/Collections
instanceKlass sun/io/Win32ErrorMode
instanceKlass jdk/internal/misc/OSEnvironment
instanceKlass jdk/internal/misc/Signal$NativeHandler
instanceKlass java/util/Hashtable$Entry
instanceKlass jdk/internal/misc/Signal
instanceKlass java/lang/Terminator$1
instanceKlass jdk/internal/misc/Signal$Handler
instanceKlass java/lang/Terminator
instanceKlass java/nio/ByteOrder
instanceKlass java/nio/Buffer$1
instanceKlass jdk/internal/access/JavaNioAccess
instanceKlass jdk/internal/misc/ScopedMemoryAccess
instanceKlass java/nio/charset/CodingErrorAction
instanceKlass sun/nio/cs/SingleByte
instanceKlass java/lang/StringUTF16
instanceKlass sun/nio/cs/MS1252$Holder
instanceKlass sun/nio/cs/ArrayEncoder
instanceKlass java/nio/charset/CharsetEncoder
instanceKlass java/lang/reflect/Modifier
instanceKlass java/lang/Class$1
instanceKlass java/lang/Class$Atomic
instanceKlass java/lang/Class$ReflectionData
instanceKlass jdk/internal/util/ArraysSupport
instanceKlass java/nio/charset/StandardCharsets
instanceKlass sun/nio/cs/HistoricallyNamedCharset
instanceKlass sun/security/action/GetPropertyAction
instanceKlass java/lang/ThreadLocal
instanceKlass java/nio/charset/spi/CharsetProvider
instanceKlass java/nio/charset/Charset
instanceKlass java/io/Writer
instanceKlass java/io/OutputStream
instanceKlass java/io/Flushable
instanceKlass java/io/FileDescriptor$1
instanceKlass jdk/internal/access/JavaIOFileDescriptorAccess
instanceKlass java/io/FileDescriptor
instanceKlass jdk/internal/util/StaticProperty
instanceKlass java/util/HashMap$HashIterator
instanceKlass java/lang/Integer$IntegerCache
instanceKlass java/lang/CharacterData
instanceKlass java/util/Arrays
instanceKlass java/lang/VersionProps
instanceKlass java/lang/StringConcatHelper
instanceKlass jdk/internal/misc/VM
instanceKlass jdk/internal/util/SystemProps$Raw
instanceKlass jdk/internal/util/SystemProps
instanceKlass java/lang/System$2
instanceKlass jdk/internal/access/JavaLangAccess
instanceKlass java/lang/ref/Reference$1
instanceKlass jdk/internal/access/JavaLangRefAccess
instanceKlass java/lang/ref/ReferenceQueue$Lock
instanceKlass java/lang/ref/ReferenceQueue
instanceKlass jdk/internal/reflect/ReflectionFactory
instanceKlass jdk/internal/reflect/ReflectionFactory$GetReflectionFactoryAction
instanceKlass java/security/PrivilegedAction
instanceKlass java/util/concurrent/locks/LockSupport
instanceKlass java/util/concurrent/ConcurrentHashMap$Node
instanceKlass java/util/concurrent/ConcurrentHashMap$CounterCell
instanceKlass java/util/concurrent/locks/ReentrantLock
instanceKlass java/util/concurrent/locks/Lock
instanceKlass java/lang/Runtime
instanceKlass java/util/HashMap$Node
instanceKlass java/util/KeyValueHolder
instanceKlass java/util/Map$Entry
instanceKlass java/util/ImmutableCollections$MapN$MapNIterator
instanceKlass java/lang/Math
instanceKlass jdk/internal/reflect/Reflection
instanceKlass java/lang/invoke/MethodHandles$Lookup
instanceKlass java/lang/StringLatin1
instanceKlass java/security/Permission
instanceKlass java/security/Guard
instanceKlass java/lang/invoke/MemberName$Factory
instanceKlass java/lang/invoke/MethodHandles
instanceKlass jdk/internal/access/SharedSecrets
instanceKlass java/lang/reflect/ReflectAccess
instanceKlass jdk/internal/access/JavaLangReflectAccess
instanceKlass java/util/ImmutableCollections
instanceKlass java/util/Objects
instanceKlass java/util/Set
instanceKlass jdk/internal/misc/CDS
instanceKlass java/lang/Module$ArchivedData
instanceKlass java/lang/String$CaseInsensitiveComparator
instanceKlass java/util/Comparator
instanceKlass java/io/ObjectStreamField
instanceKlass jdk/internal/vm/vector/VectorSupport$VectorPayload
instanceKlass jdk/internal/vm/vector/VectorSupport
instanceKlass java/lang/reflect/RecordComponent
instanceKlass java/util/Iterator
instanceKlass java/lang/Number
instanceKlass java/lang/Character
instanceKlass java/lang/Boolean
instanceKlass java/util/concurrent/locks/AbstractOwnableSynchronizer
instanceKlass java/lang/LiveStackFrame
instanceKlass java/lang/StackFrameInfo
instanceKlass java/lang/StackWalker$StackFrame
instanceKlass java/lang/StackStreamFactory$AbstractStackWalker
instanceKlass java/lang/StackWalker
instanceKlass java/nio/Buffer
instanceKlass java/lang/StackTraceElement
instanceKlass java/util/RandomAccess
instanceKlass java/util/List
instanceKlass java/util/AbstractCollection
instanceKlass java/util/Collection
instanceKlass java/lang/Iterable
instanceKlass java/util/concurrent/ConcurrentMap
instanceKlass java/util/AbstractMap
instanceKlass java/security/CodeSource
instanceKlass jdk/internal/loader/ClassLoaders
instanceKlass java/util/jar/Manifest
instanceKlass java/net/URL
instanceKlass java/io/InputStream
instanceKlass java/io/Closeable
instanceKlass java/lang/AutoCloseable
instanceKlass jdk/internal/module/Modules
instanceKlass jdk/internal/misc/Unsafe
instanceKlass jdk/internal/misc/UnsafeConstants
instanceKlass java/lang/AbstractStringBuilder
instanceKlass java/lang/Appendable
instanceKlass java/lang/AssertionStatusDirectives
instanceKlass java/lang/invoke/MethodHandleNatives$CallSiteContext
instanceKlass jdk/internal/invoke/NativeEntryPoint
instanceKlass java/lang/invoke/CallSite
instanceKlass java/lang/invoke/MethodType
instanceKlass java/lang/invoke/TypeDescriptor$OfMethod
instanceKlass java/lang/invoke/LambdaForm
instanceKlass java/lang/invoke/MethodHandleNatives
instanceKlass java/lang/invoke/ResolvedMethodName
instanceKlass java/lang/invoke/MemberName
instanceKlass java/lang/invoke/VarHandle
instanceKlass java/lang/invoke/MethodHandle
instanceKlass jdk/internal/reflect/CallerSensitive
instanceKlass java/lang/annotation/Annotation
instanceKlass jdk/internal/reflect/FieldAccessor
instanceKlass jdk/internal/reflect/ConstantPool
instanceKlass jdk/internal/reflect/ConstructorAccessor
instanceKlass jdk/internal/reflect/MethodAccessor
instanceKlass jdk/internal/reflect/MagicAccessorImpl
instanceKlass java/lang/reflect/Parameter
instanceKlass java/lang/reflect/Member
instanceKlass java/lang/reflect/AccessibleObject
instanceKlass java/lang/Module
instanceKlass java/util/Map
instanceKlass java/util/Dictionary
instanceKlass java/lang/ThreadGroup
instanceKlass java/lang/Thread$UncaughtExceptionHandler
instanceKlass java/lang/Thread
instanceKlass java/lang/Runnable
instanceKlass java/lang/ref/Reference
instanceKlass java/lang/Record
instanceKlass java/security/AccessController
instanceKlass java/security/AccessControlContext
instanceKlass java/security/ProtectionDomain
instanceKlass java/lang/SecurityManager
instanceKlass java/lang/Throwable
instanceKlass java/lang/System
instanceKlass java/lang/ClassLoader
instanceKlass java/lang/Cloneable
instanceKlass java/lang/Class
instanceKlass java/lang/invoke/TypeDescriptor$OfField
instanceKlass java/lang/invoke/TypeDescriptor
instanceKlass java/lang/reflect/Type
instanceKlass java/lang/reflect/GenericDeclaration
instanceKlass java/lang/reflect/AnnotatedElement
instanceKlass java/lang/String
instanceKlass java/lang/constant/ConstantDesc
instanceKlass java/lang/constant/Constable
instanceKlass java/lang/CharSequence
instanceKlass java/lang/Comparable
instanceKlass java/io/Serializable
ciInstanceKlass java/lang/Object 1 1 79 1 7 1 1 1 1 1 1 1 1 1 1 1 1 1 100 1 1 1 7 12 10 12 10 1 7 1 12 10 1 1 12 10 1 8 12 10 1 7 1 1 12 10 12 10 1 1 1 1 100 1 12 10 1 1 100 1 8 1 12 10 3 1 8 5 0 1 1 100 1 1 1 1 1 1 1 1 1
ciInstanceKlass java/lang/Class 1 1 1453 1 7 1 1 7 1 100 1 100 1 100 1 100 1 100 1 100 1 100 1 7 1 7 1 100 1 100 1 7 1 100 1 7 1 1 1 1 1 7 1 100 1 1 7 1 7 1 1 1 100 1 100 1 1 100 1 1 100 1 100 1 1 100 1 100 1 1 1 3 1 3 1 3 1 1 1 1 1 1 1 1 1 1 1 1 1 1 1 1 1 1 1 1 1 1 1 1 1 1 5 0 1 1 1 1 1 1 1 1 1 1 1 1 1 1 1 1 1 1 1 1 1 12 10 12 9 12 9 1 1 1 7 10 1 1 12 10 1 8 1 12 10 1 8 1 8 1 7 1 1 12 10 1 12 10 12 10 1 10 1 12 10 1 1 12 10 1 1 12 10 1 100 1 12 10 1 12 10 1 12 10 1 12 10 1 8 1 12 10 1 8 1 12 10 1 8 1 8 1 1 12 10 1 100 1 1 12 10 1 16 1 1 12 10 15 16 1 100 1 1 12 10 15 1 1 12 18 1 100 1 1 12 11 1 8 1 8 1 8 1 100 1 1 12 10 1 1 12 11 1 100 1 8 1 12 10 1 1 100 1 1 12 11 1 1 12 10 11 1 100 1 8 1 12 11 15 1 16 18 1 8 1 12 10 1 1 1 1 100 1 1 7 1 12 10 1 7 1 1 12 10 1 1 12 10 1 1 1 7 1 1 12 10 1 100 1 1 12 9 1 100 1 1 12 10 1 1 1 1 7 1 12 10 1 1 12 10 1 16 1 7 1 12 10 15 16 1 1 12 18 1 7 1 1 12 10 1 12 10 1 7 10 1 1 1 100 1 100 1 1 1 1 100 1 100 1 1 12 10 12 9 1 8 1 12 10 1 100 1 1 12 10 1 1 12 10 1 1 12 10 1 12 10 10 1 1 12 10 1 12 10 1 100 1 1 12 10 1 1 12 10 1 1 12 10 1 1 1 1 1 1 12 9 1 12 10 1 1 12 10 1 12 10 12 9 1 12 9 1 1 1 12 10 1 100 10 1 1 1 1 12 10 12 10 1 1 1 1 12 10 10 1 100 1 12 9 1 12 10 1 8 1 1 12 10 1 1 12 10 1 12 10 1 1 1 1 12 10 1 1 12 10 1 12 10 1 12 9 100 1 12 10 1 12 10 1 12 10 1 1 1 1 1 1 1 1 100 1 1 12 10 1 12 10 1 12 10 1 1 12 10 1 100 1 1 12 10 1 12 10 1 1 12 10 1 12 10 1 12 10 1 1 12 10 1 100 1 7 10 10 10 1 1 12 10 1 1 12 10 12 10 1 1 12 10 1 100 1 8 10 1 12 10 7 12 10 1 1 100 1 12 11 1 100 1 12 10 1 12 10 1 1 1 1 12 10 1 100 1 12 10 10 1 1 12 10 1 7 1 8 1 1 12 10 1 1 12 10 1 8 1 1 12 9 1 12 10 12 10 1 12 10 12 10 1 100 1 1 12 9 1 12 10 1 12 9 12 10 1 12 10 1 12 10 10 1 12 10 1 12 10 1 1 12 10 1 1 1 12 10 1 12 10 1 12 10 1 1 12 10 1 1 1 12 10 1 1 12 10 1 1 1 12 10 1 1 12 10 1 1 1 1 1 12 10 1 1 1 100 1 12 10 10 1 7 1 1 12 10 1 1 1 1 12 10 1 1 12 10 10 1 1 1 1 1 12 10 1 1 1 12 10 1 1 1 12 10 1 1 1 1 1 12 10 1 1 1 12 10 1 1 1 1 7 10 1 100 12 10 1 12 11 1 1 1 1 100 1 1 12 10 1 12 10 1 7 1 1 12 10 1 1 12 10 10 1 1 12 10 1 100 10 1 1 12 10 1 100 1 1 12 10 1 100 1 100 1 12 10 12 10 1 1 10 1 12 10 12 10 1 1 12 10 1 12 10 1 100 1 1 12 10 1 100 1 12 11 1 12 10 1 12 10 1 1 1 12 9 1 12 10 1 12 10 1 1 12 9 1 100 1 1 1 12 9 1 100 1 1 12 10 12 10 1 12 10 1 100 1 12 10 1 12 10 12 10 1 1 12 10 1 1 1 1 100 10 1 8 1 12 10 11 1 1 12 11 1 100 1 12 11 1 12 11 1 8 1 12 10 1 1 12 10 1 12 9 12 9 1 7 1 12 10 1 12 9 1 1 12 10 1 10 1 12 10 1 1 12 10 1 1 100 1 12 10 1 100 1 12 10 12 9 12 10 1 12 9 1 12 10 1 1 1 1 1 12 10 1 1 1 1 12 9 1 12 9 100 1 12 10 1 1 12 10 1 12 9 1 100 10 1 1 12 10 1 1 12 10 1 1 100 11 1 1 12 9 1 12 9 1 12 10 1 12 9 1 12 9 1 12 10 1 1 12 10 1 12 9 10 1 1 12 10 10 1 1 12 10 12 10 10 1 12 10 12 9 1 1 12 10 1 12 10 1 1 1 12 10 1 12 10 1 8 1 10 1 1 1 8 1 1 12 10 15 16 18 1 8 1 8 1 1 12 10 1 12 9 1 12 9 12 10 1 7 1 100 12 10 12 9 10 1 1 1 12 10 10 12 9 1 8 12 10 1 12 10 1 1 12 10 1 100 1 1 12 9 1 100 1 8 10 1 100 4 10 12 10 1 1 12 11 1 1 12 10 1 7 1 1 12 10 10 1 8 1 8 1 1 1 1 1 1 1 12 10 1 12 9 12 11 1 100 1 1 12 11 1 1 1 1 12 9 1 100 1 1 12 10 1 1 1 100 1 12 10 1 1 1 1 12 10 1 12 9 9 1 1 12 10 1 1 12 10 12 10 12 10 1 1 12 10 1 12 11 1 12 11 1 100 1 1 12 10 1 12 10 1 100 1 12 11 1 100 1 1 12 10 1 12 10 10 1 12 11 1 1 12 11 1 12 10 1 1 1 12 10 1 1 12 9 1 1 1 1 1 100 1 12 9 12 10 1 100 1 1 12 10 1 1 1 1 12 10 1 1 12 10 1 12 10 1 1 12 10 1 1 7 1 1 12 10 1 12 10 1 8 12 10 1 12 10 1 12 10 1 1 1 1 1 100 1 12 10 1 100 1 1 12 11 1 1 12 10 1 1 12 10 16 1 12 10 15 16 1 1 12 18 1 1 12 11 1 12 10 15 18 1 12 11 1 16 1 1 12 10 15 16 1 12 18 1 12 11 12 10 1 12 10 1 12 10 12 10 1 8 1 12 10 1 7 12 9 1 1 1 1 1 1 1 1 1 1
staticfield java/lang/Class EMPTY_CLASS_ARRAY [Ljava/lang/Class; 0 [Ljava/lang/Class;
staticfield java/lang/Class serialPersistentFields [Ljava/io/ObjectStreamField; 0 [Ljava/io/ObjectStreamField;
ciInstanceKlass java/io/Serializable 1 0 5 1 100 1 100
instanceKlass jdk/internal/vm/vector/VectorSupport$VectorShuffle
instanceKlass jdk/internal/vm/vector/VectorSupport$VectorMask
instanceKlass jdk/internal/vm/vector/VectorSupport$Vector
ciInstanceKlass jdk/internal/vm/vector/VectorSupport$VectorPayload 0 0 26 1 100 1 100 1 100 1 1 1 1 1 1 12 10 12 9 1 1 1 1 12 10 1 1 1
ciInstanceKlass jdk/internal/vm/vector/VectorSupport$VectorShuffle 0 0 18 1 100 1 1 100 1 100 1 1 1 1 12 10 1 1 1 1
ciInstanceKlass jdk/internal/vm/vector/VectorSupport$VectorMask 0 0 18 1 100 1 1 100 1 100 1 1 1 1 12 10 1 1 1 1
ciInstanceKlass jdk/internal/vm/vector/VectorSupport$Vector 0 0 18 1 100 1 1 100 1 100 1 1 1 1 12 10 1 1 1 1
ciInstanceKlass jdk/internal/vm/vector/VectorSupport 0 0 367 1 100 1 100 1 100 1 100 1 100 1 100 1 100 1 100 1 100 1 100 1 100 1 100 1 100 1 100 1 100 1 100 1 100 1 100 1 100 1 100 1 100 1 100 1 100 1 100 1 1 1 1 1 1 1 1 1 1 1 1 1 1 1 1 1 1 1 1 1 1 1 1 1 1 3 1 3 1 3 1 3 1 3 1 3 1 3 1 3 1 3 1 3 1 3 1 3 1 3 1 3 1 3 1 3 1 3 1 3 1 3 1 3 1 3 1 3 1 3 1 3 1 3 1 3 1 3 1 3 1 3 1 3 1 3 1 3 1 3 1 3 1 3 1 3 1 3 1 3 1 3 1 1 1 1 1 3 1 1 1 1 1 1 3 1 1 1 1 1 1 1 1 1 1 1 1 12 10 1 1 1 1 12 9 1 1 12 10 1 100 1 12 10 1 1 12 11 1 1 1 1 1 12 11 1 1 1 1 12 11 1 1 1 1 1 12 11 1 1 1 1 100 11 1 100 1 1 12 10 1 1 1 1 12 11 1 1 1 1 12 11 1 1 1 1 1 1 1 100 1 12 11 1 1 1 1 12 11 1 1 1 1 12 11 1 1 1 1 12 11 1 1 1 1 12 11 1 1 1 1 12 11 1 1 1 1 100 1 1 12 10 1 1 1 1 12 11 1 1 1 1 12 11 1 1 1 1 12 11 1 1 1 1 12 11 1 1 1 11 1 1 12 9 1 100 1 12 10 1 1 1 1 12 11 1 1 1 1 1 12 10 1 100 1 1 12 10 1 1 1 1 12 10 12 10 1 1 12 10 1 1 1 1 1 1 1
ciInstanceKlass java/lang/reflect/RecordComponent 0 0 186 1 100 1 100 1 100 1 100 1 100 1 1 1 1 1 1 1 1 1 1 1 1 1 1 1 1 1 1 1 1 1 1 12 10 1 1 12 9 1 1 1 12 9 1 12 9 1 1 12 10 1 1 12 10 1 100 12 10 12 10 12 9 1 1 12 10 1 1 12 10 1 12 10 1 100 1 12 10 1 100 1 12 10 1 1 12 9 1 100 1 1 12 10 1 100 1 1 12 11 10 1 1 12 9 1 100 1 1 12 10 1 1 12 9 1 1 1 1 100 1 1 12 10 1 12 10 1 100 1 12 11 1 100 1 12 10 1 100 1 12 9 12 9 12 9 1 100 1 1 12 10 1 100 1 1 1 12 10 1 1 12 10 1 1 100 10 1 12 10 1 1 12 10 1 8 12 10 12 10 12 9 1 1 1 1
ciInstanceKlass java/util/Iterator 1 1 42 1 100 1 1 100 1 1 1 1 1 1 1 1 100 8 1 1 12 10 1 1 1 1 100 1 1 12 10 12 11 12 11 1 100 1 1 12 11 1 1 1
instanceKlass com/adobe/epubcheck/util/URISchemes
instanceKlass org/idpf/epubcheck/util/css/CssGrammar$CssAttributeMatchSelector$Type
instanceKlass org/idpf/epubcheck/util/css/CssGrammar$CssScopedGroup$Type
instanceKlass org/idpf/epubcheck/util/css/CssGrammar$CssPseudoSelector$Type
instanceKlass org/idpf/epubcheck/util/css/CssGrammar$CssSelectorCombinator$Type
instanceKlass org/idpf/epubcheck/util/css/CssGrammar$CssQuantity$Unit
instanceKlass org/idpf/epubcheck/util/css/CssGrammar$CssConstruct$Type
instanceKlass org/idpf/epubcheck/util/css/CssToken$Type
instanceKlass com/adobe/epubcheck/css/CSSChecker$Mode
instanceKlass com/adobe/epubcheck/util/SourceSet$ParseError
instanceKlass org/w3c/epubcheck/core/references/Reference$Type
instanceKlass com/adobe/epubcheck/vocab/AltStylesheetVocab$PROPERTIES
instanceKlass com/adobe/epubcheck/vocab/ComicsVocab$EPUB_TYPES
instanceKlass com/adobe/epubcheck/vocab/IndexVocab$EPUB_TYPES
instanceKlass com/adobe/epubcheck/vocab/StagingEdupubVocab$EPUB_TYPES
instanceKlass com/adobe/epubcheck/vocab/StructureVocab$EPUB_TYPES
instanceKlass com/adobe/epubcheck/vocab/DictVocab$EPUB_TYPES
instanceKlass com/adobe/epubcheck/vocab/DataNavVocab$EPUB_TYPES
instanceKlass com/sun/imageio/plugins/jpeg/JPEGImageReader$CallBackLock$State
instanceKlass sun/awt/AppContext$State
instanceKlass sun/util/logging/PlatformLogger$Level
instanceKlass com/adobe/epubcheck/opf/ResourceCollection$Roles
instanceKlass com/adobe/epubcheck/opf/MetadataSet$Builder$Visit
instanceKlass sun/util/locale/provider/LocaleProviderAdapter$Type
instanceKlass com/google/common/base/AbstractIterator$State
instanceKlass com/adobe/epubcheck/vocab/PrefixDeclarationParser$State
instanceKlass com/adobe/epubcheck/vocab/ScriptedCompVocab$PROPERTIES
instanceKlass com/adobe/epubcheck/vocab/VocabUtil$EMPTY
instanceKlass com/adobe/epubcheck/vocab/AccessibilityVocab$LINKREL_PROPERTIES
instanceKlass com/adobe/epubcheck/vocab/AccessibilityVocab$META_PROPERTIES
instanceKlass com/adobe/epubcheck/vocab/PackageVocabs$LINK_PROPERTIES
instanceKlass com/adobe/epubcheck/vocab/PackageVocabs$LINKREL_PROPERTIES
instanceKlass com/adobe/epubcheck/vocab/PackageVocabs$ITEMREF_PROPERTIES
instanceKlass com/adobe/epubcheck/vocab/PackageVocabs$META_PROPERTIES_CAMEL
instanceKlass com/adobe/epubcheck/vocab/RenditionVocabs$ITEMREF_PROPERTIES
instanceKlass com/adobe/epubcheck/vocab/RenditionVocabs$META_PROPERTIES
instanceKlass com/adobe/epubcheck/vocab/MediaOverlaysVocab$PROPERTIES
instanceKlass com/adobe/epubcheck/vocab/PackageVocabs$META_PROPERTIES
instanceKlass com/adobe/epubcheck/vocab/DCMESVocab$PROPERTIES
instanceKlass com/adobe/epubcheck/vocab/PackageVocabs$ITEM_PROPERTIES
instanceKlass com/google/common/collect/AbstractIterator$State
instanceKlass com/google/common/base/CaseFormat
instanceKlass net/sf/saxon/om/MemoSequence$State
instanceKlass net/sf/saxon/event/RegularSequenceChecker$State
instanceKlass net/sf/saxon/s9api/ValidationMode
instanceKlass net/sf/saxon/expr/GeneralComparison$ComparisonCardinality
instanceKlass net/sf/saxon/om/Genre
instanceKlass net/sf/saxon/type/Affinity
instanceKlass net/sf/saxon/expr/parser/XPathParser$ParsedLanguage
instanceKlass net/sf/saxon/trans/VisibilityProvenance
instanceKlass net/sf/saxon/trans/RecoveryPolicy
instanceKlass net/sf/saxon/trans/Visibility
instanceKlass net/sf/saxon/style/SourceBinding$BindingProperty
instanceKlass net/sf/saxon/style/StyleElement$OnFailure
instanceKlass net/sf/saxon/tree/tiny/TinyBuilder$Eligibility
instanceKlass java/time/zone/ZoneOffsetTransitionRule$TimeDefinition
instanceKlass java/time/DayOfWeek
instanceKlass java/time/Month
instanceKlass net/sf/saxon/s9api/HostLanguage
instanceKlass net/sf/saxon/expr/OperandUsage
instanceKlass net/sf/saxon/type/Untyped
instanceKlass net/sf/saxon/type/AnyType
instanceKlass net/sf/saxon/type/PrimitiveUType
instanceKlass net/sf/saxon/type/AnySimpleType
instanceKlass net/sf/saxon/s9api/UnprefixedElementMatchingPolicy
instanceKlass jdk/internal/icu/util/CodePointTrie$ValueWidth
instanceKlass jdk/internal/icu/util/CodePointTrie$Type
instanceKlass java/text/Normalizer$Form
instanceKlass java/time/temporal/ChronoUnit
instanceKlass java/time/temporal/ChronoField
instanceKlass sun/security/util/DisabledAlgorithmConstraints$Constraint$Operator
instanceKlass java/lang/System$Logger$Level
instanceKlass sun/security/rsa/RSAUtil$KeyType
instanceKlass java/math/RoundingMode
instanceKlass com/adobe/epubcheck/xml/XMLValidators
instanceKlass java/util/Locale$Category
instanceKlass com/adobe/epubcheck/ocf/OCFMetaFile
instanceKlass com/ibm/icu/util/BytesTrie$Result
instanceKlass com/ibm/icu/impl/Trie2$ValueWidth
instanceKlass io/mola/galimatias/ParseIssue
instanceKlass java/lang/constant/DirectMethodHandleDesc$Kind
instanceKlass java/lang/invoke/VarHandle$VarHandleDesc$Kind
instanceKlass java/security/DrbgParameters$Capability
instanceKlass sun/security/util/KnownOIDs
instanceKlass org/w3c/epubcheck/constants/MIMEType
instanceKlass com/adobe/epubcheck/vocab/EpubCheckVocab$PROPERTIES
instanceKlass com/adobe/epubcheck/opf/PublicationType
instanceKlass com/google/common/base/Predicates$ObjectPredicate
instanceKlass com/adobe/epubcheck/api/EPUBProfile
instanceKlass jdk/internal/logger/BootstrapLogger$LoggingBackend
instanceKlass java/util/stream/StreamShape
instanceKlass java/util/stream/StreamOpFlag$Type
instanceKlass java/util/stream/StreamOpFlag
instanceKlass com/ibm/icu/impl/CacheValue$Strength
instanceKlass com/ibm/icu/util/CodePointTrie$ValueWidth
instanceKlass com/ibm/icu/util/CodePointTrie$Type
instanceKlass com/ibm/icu/text/Normalizer2$Mode
instanceKlass com/ibm/icu/text/IDNA$Error
instanceKlass io/mola/galimatias/URLParser$EncodeSet
instanceKlass io/mola/galimatias/URLParser$ParseURLState
instanceKlass com/adobe/epubcheck/util/FeatureEnum
instanceKlass com/adobe/epubcheck/messages/Severity
instanceKlass com/adobe/epubcheck/messages/MessageId
instanceKlass java/util/regex/Pattern$Qtype
instanceKlass java/lang/invoke/MethodHandles$Lookup$ClassOption
instanceKlass java/lang/invoke/VarHandle$AccessType
instanceKlass java/lang/invoke/VarHandle$AccessMode
instanceKlass java/lang/invoke/MethodHandleImpl$Intrinsic
instanceKlass java/lang/invoke/LambdaForm$BasicType
instanceKlass java/lang/invoke/LambdaForm$Kind
instanceKlass sun/invoke/util/Wrapper
instanceKlass com/adobe/epubcheck/util/EPUBVersion
instanceKlass java/util/concurrent/TimeUnit
instanceKlass java/nio/file/LinkOption
instanceKlass sun/nio/fs/WindowsPathType
instanceKlass java/nio/file/StandardOpenOption
instanceKlass java/io/File$PathStatus
instanceKlass java/lang/module/ModuleDescriptor$Requires$Modifier
instanceKlass java/lang/module/ModuleDescriptor$Modifier
ciInstanceKlass java/lang/Enum 1 1 162 1 7 1 1 7 1 100 1 100 1 100 1 100 1 1 100 1 100 1 1 1 1 1 1 12 9 1 12 9 1 1 1 12 10 1 1 1 1 12 10 1 1 1 100 10 1 1 1 1 1 12 10 1 12 10 1 100 10 1 1 7 1 12 10 1 1 1 12 10 1 16 1 1 12 10 15 16 1 100 1 1 12 10 15 1 1 12 18 1 100 1 1 12 10 1 1 1 1 1 12 10 1 100 1 12 11 1 100 1 8 1 12 10 1 100 1 100 10 1 8 1 1 12 10 1 12 10 1 8 12 10 10 1 1 1 1 100 1 100 1 100 1 8 10 1 1 100 1 12 10 1 1 12 10 1 1 1 1 1 1 1
ciInstanceKlass java/lang/System 1 1 733 1 7 1 100 1 100 1 100 1 100 1 100 1 7 1 100 1 1 1 1 7 1 7 1 1 1 100 1 100 1 1 1 1 1 1 1 1 3 1 3 1 1 1 1 1 1 1 1 1 1 1 1 1 1 1 1 12 10 1 12 9 1 1 1 12 10 1 12 10 1 1 1 12 10 1 1 12 10 1 1 12 9 1 7 1 1 12 10 1 100 12 11 1 100 1 100 1 1 1 100 1 100 1 1 12 10 12 10 1 1 12 10 1 100 1 8 1 12 10 1 100 1 1 12 10 1 1 1 1 7 1 1 12 10 1 16 1 7 1 1 12 10 15 16 1 100 1 1 12 10 15 1 1 12 18 1 100 1 1 12 10 1 100 1 1 12 10 1 100 1 1 12 10 1 100 1 100 1 1 1 1 1 1 1 12 10 1 7 1 1 12 10 1 1 12 9 1 100 1 1 12 10 1 1 12 11 12 10 1 1 12 10 1 100 10 1 1 12 10 1 8 1 12 10 1 8 1 12 10 1 7 12 9 1 8 1 7 1 1 12 10 1 12 10 1 100 1 8 10 1 100 12 9 1 8 1 1 12 10 1 100 1 1 12 10 1 8 1 12 10 1 12 10 8 1 12 10 1 1 12 10 12 10 1 1 1 1 1 1 1 1 1 1 1 12 10 12 9 12 9 1 1 1 7 1 1 12 10 1 7 1 1 12 10 1 1 12 10 1 1 1 12 10 1 12 10 1 7 12 10 1 12 10 1 1 100 1 8 1 12 10 1 12 10 1 1 12 10 1 100 1 8 10 1 12 10 1 100 1 8 10 1 1 8 1 7 12 10 1 1 8 12 10 1 1 1 100 1 8 10 1 1 12 10 1 7 1 12 10 1 1 100 1 1 12 10 15 1 16 1 12 18 1 100 1 1 12 9 1 12 10 1 1 12 10 1 1 12 10 1 1 1 7 1 1 12 10 12 10 1 12 10 1 12 10 1 1 1 12 10 1 1 12 10 1 1 1 1 100 1 7 1 12 10 1 12 10 1 12 10 1 1 1 7 1 1 12 10 1 100 1 8 10 12 9 12 9 1 12 10 1 12 10 1 12 10 1 1 12 10 1 100 1 8 1 1 12 10 1 8 1 1 12 11 12 10 1 1 12 11 1 7 1 1 12 11 1 7 1 12 11 1 12 11 1 12 11 1 12 10 1 8 1 1 12 10 1 8 1 8 1 8 1 8 1 12 11 1 12 10 1 1 12 10 1 12 10 1 7 1 12 10 1 8 1 7 1 7 1 12 9 1 12 10 1 7 12 9 10 12 9 1 7 12 10 1 8 12 10 1 8 1 7 1 12 10 1 12 10 1 7 1 1 12 10 1 1 12 10 1 7 1 1 12 10 12 10 1 1 1 100 1 7 1 1 12 10 12 9 1 8 12 10 1 1 7 1 1 12 10 1 7 1 1 12 10 1 8 10 1 8 1 8 1 8 1 8 10 1 7 1 12 10 1 1 12 10 1 1 12 10 1 1 12 10 1 12 10 1 100 1 1 12 10 1 100 10 1 8 10 10 1 1 12 10 1 1 12 10 1 8 1 12 10 1 8 1 12 10 1 1 12 10 10 1 12 10 1 12 10 12 9 1 1 1 1 1 1 1 1 1 1
staticfield java/lang/System in Ljava/io/InputStream; java/io/BufferedInputStream
staticfield java/lang/System out Ljava/io/PrintStream; java/io/PrintStream
staticfield java/lang/System err Ljava/io/PrintStream; java/io/PrintStream
instanceKlass com/ibm/icu/impl/ClassLoaderUtil$BootstrapClassLoader
instanceKlass jdk/internal/reflect/DelegatingClassLoader
instanceKlass java/security/SecureClassLoader
ciInstanceKlass java/lang/ClassLoader 1 1 978 1 7 1 7 1 7 1 100 1 1 100 1 100 1 1 1 1 1 1 1 1 1 1 1 1 1 1 1 1 1 1 1 1 1 1 1 1 1 1 1 1 1 1 1 1 1 1 1 1 1 1 1 1 1 12 9 1 7 1 1 12 10 1 7 1 100 1 1 12 9 1 7 1 1 12 10 1 7 1 1 12 10 1 1 12 10 12 9 1 1 12 10 1 100 12 10 1 1 1 12 10 1 7 1 1 12 10 1 100 1 8 1 12 10 1 7 1 1 12 10 1 100 12 10 1 10 10 1 7 1 7 7 1 12 10 1 12 10 12 9 10 1 7 1 1 12 10 12 9 12 9 12 9 12 9 12 9 12 9 1 7 1 12 10 12 9 1 1 12 10 1 1 12 10 12 9 12 9 1 100 12 9 1 12 10 12 9 1 1 12 10 1 7 10 1 8 1 1 12 10 1 12 10 10 1 7 1 1 12 10 1 7 1 1 12 10 1 8 1 12 10 12 10 1 1 12 10 1 1 1 1 100 1 12 10 1 1 1 12 10 1 12 10 1 1 12 10 1 12 10 1 12 10 1 100 1 1 12 10 1 1 12 10 1 12 10 1 12 10 1 12 10 1 12 10 1 12 10 1 1 10 1 12 10 1 12 10 1 1 1 1 100 1 12 10 1 1 12 10 1 100 12 10 1 12 10 1 12 10 1 100 1 12 10 1 100 1 1 12 10 10 1 1 1 1 1 100 1 1 1 1 12 10 1 1 1 1 1 1 12 10 1 100 1 8 10 1 8 1 12 10 1 12 10 1 100 1 8 1 1 12 10 1 1 12 10 10 1 1 12 10 1 1 12 10 1 1 1 1 12 10 1 7 10 1 12 10 1 1 12 10 1 1 12 10 1 12 10 12 10 1 1 12 10 12 10 1 1 1 7 1 1 12 10 1 12 10 1 12 10 1 1 12 10 1 12 10 1 12 10 1 12 10 1 1 12 10 1 1 1 1 1 1 12 10 1 1 12 10 1 8 12 9 1 1 12 10 1 8 1 8 1 7 1 12 10 1 100 10 1 12 10 1 12 10 1 12 10 1 1 12 10 1 1 1 100 1 12 10 1 1 7 1 12 10 12 10 1 7 10 1 1 1 1 7 12 10 1 100 1 12 10 10 1 7 1 12 10 1 1 1 1 16 1 1 12 10 15 1 16 1 100 1 1 12 10 15 1 12 18 1 100 1 1 12 10 1 100 1 1 12 10 1 1 1 7 1 12 10 1 1 12 10 1 12 10 1 1 1 1 1 1 1 12 10 1 100 1 12 10 1 1 1 12 10 1 1 1 7 1 12 10 1 12 10 1 8 1 100 10 1 12 10 12 9 1 7 1 12 10 1 12 10 1 1 100 1 100 1 8 1 12 10 10 1 8 1 8 1 1 12 10 1 1 12 10 1 1 12 10 1 100 1 1 12 10 1 100 1 1 12 10 1 100 1 100 1 12 10 1 12 10 1 1 1 1 12 10 1 1 1 1 12 10 1 12 10 12 10 1 100 1 1 12 9 1 1 12 10 1 1 1 1 12 10 1 12 10 1 12 10 1 12 10 1 8 1 12 10 1 7 16 1 1 12 10 15 1 16 1 1 12 18 1 1 12 10 1 1 12 10 1 12 10 1 1 12 10 1 1 1 8 1 12 10 1 1 1 12 10 1 16 1 1 12 10 15 16 1 12 18 1 100 1 1 12 11 1 100 1 1 12 10 12 10 10 1 1 1 12 11 10 1 12 10 15 18 1 1 1 12 10 1 100 12 11 16 1 1 12 10 15 16 1 12 18 1 1 12 11 1 1 1 1 12 10 1 1 12 10 12 10 1 100 1 100 1 8 10 1 1 12 10 1 8 1 8 1 100 1 12 10 12 10 1 100 10 1 12 10 1 8 1 8 1 8 1 12 10 1 1 1 1 12 10 1 1 1 12 10 1 1 1 100 1 1 12 10 1 100 1 12 11 1 1 1 100 10 1 11 1 12 10 1 12 10 1 1 12 10 1 100 1 12 9 1 1 12 9 12 9 1 12 9 1 12 9 1 1 1 12 9 8 1 1 12 10 1 7 1 1 12 10 1 1 12 10 1 1 12 10 1 1 12 10 10 12 10 1 1 12 11 1 100 1 1 12 10 1 100 1 12 10 1 12 10 12 10 1 1 1 1 1 1 1 1 1
staticfield java/lang/ClassLoader nocerts [Ljava/security/cert/Certificate; 0 [Ljava/security/cert/Certificate;
staticfield java/lang/ClassLoader $assertionsDisabled Z 1
ciInstanceKlass jdk/internal/reflect/DelegatingClassLoader 1 1 10 1 100 1 7 1 1 12 10 1
instanceKlass java/net/URLClassLoader
instanceKlass jdk/internal/loader/BuiltinClassLoader
ciInstanceKlass java/security/SecureClassLoader 1 1 81 1 7 1 7 1 7 1 100 1 7 1 1 1 1 1 1 1 12 10 1 7 1 12 10 12 9 1 12 10 1 12 10 1 1 1 1 1 12 10 1 12 10 1 1 1 12 10 1 1 1 7 10 1 12 10 1 12 10 1 7 1 1 12 11 1 7 1 1 12 11 1 1 1 12 10 1 1 1 1 1
instanceKlass jdk/internal/loader/ClassLoaders$BootClassLoader
instanceKlass jdk/internal/loader/ClassLoaders$PlatformClassLoader
instanceKlass jdk/internal/loader/ClassLoaders$AppClassLoader
ciInstanceKlass jdk/internal/loader/BuiltinClassLoader 1 1 654 1 7 1 7 1 100 1 7 1 7 1 100 1 100 1 7 1 7 1 1 7 1 100 1 1 7 1 7 1 1 100 1 7 1 1 1 100 1 100 1 1 1 1 1 1 1 1 1 1 1 1 1 1 1 1 1 1 1 1 12 9 1 1 1 7 1 1 12 10 1 7 1 7 1 7 1 12 10 12 9 12 9 1 7 1 12 10 12 9 1 12 10 12 9 1 1 1 12 10 1 1 1 1 1 1 1 7 1 1 12 10 1 1 12 10 1 7 1 1 12 11 1 100 1 100 10 1 1 12 10 1 8 1 12 10 12 10 1 12 10 1 1 12 10 1 7 1 1 12 11 1 7 1 12 11 1 1 12 11 1 8 1 8 10 12 9 1 7 1 12 10 1 1 1 1 12 11 1 1 1 100 1 12 10 1 100 1 1 12 10 1 1 12 10 1 1 1 7 1 1 12 10 12 10 1 1 12 10 1 7 1 1 12 10 1 7 1 1 12 11 1 7 1 12 10 1 7 1 1 12 10 1 12 10 1 8 1 1 12 10 10 1 8 1 1 12 10 1 1 12 10 1 1 12 10 1 7 1 12 11 1 12 11 1 1 1 1 7 10 1 1 12 11 11 1 12 10 1 12 10 1 1 100 1 7 12 10 1 12 10 1 12 10 1 7 1 1 12 10 1 1 12 10 1 100 1 100 1 12 11 1 100 1 12 10 1 1 12 10 1 100 1 12 10 1 12 10 16 1 12 10 15 16 1 100 1 1 12 10 15 1 1 12 18 1 12 10 1 12 10 1 12 10 15 1 16 18 1 100 1 7 1 12 10 1 1 1 1 100 10 1 1 12 10 1 1 12 10 1 7 1 12 10 1 1 1 12 10 12 9 1 100 10 1 1 1 1 12 10 1 1 12 10 1 12 10 1 100 12 10 1 1 12 10 1 100 1 1 12 10 1 1 12 10 1 12 10 1 1 1 12 10 1 12 10 15 1 16 1 12 18 1 1 12 10 1 12 10 1 1 12 10 1 12 10 1 7 1 12 10 1 1 12 10 1 1 12 10 1 12 10 1 7 1 12 11 1 12 10 1 7 1 100 1 12 10 1 12 10 1 1 12 11 1 1 1 12 10 1 1 12 10 1 1 12 10 1 1 12 10 1 12 10 1 12 10 1 12 10 1 7 1 12 10 1 8 1 1 12 10 1 12 10 1 12 10 1 100 1 8 1 8 10 1 12 10 1 8 1 8 1 7 1 1 12 10 1 7 1 1 12 11 1 1 12 9 1 1 12 10 1 12 9 1 12 9 1 12 9 1 12 9 1 12 9 1 12 9 1 7 1 1 12 10 1 8 1 12 10 1 1 1 7 12 10 1 12 10 10 1 1 12 11 12 10 1 12 10 1 12 10 1 12 10 1 12 10 10 1 1 1 12 10 1 12 10 1 8 1 7 1 12 10 12 10 1 1 1 1 1 1 1 1
staticfield jdk/internal/loader/BuiltinClassLoader packageToModule Ljava/util/Map; java/util/concurrent/ConcurrentHashMap
staticfield jdk/internal/loader/BuiltinClassLoader $assertionsDisabled Z 1
ciInstanceKlass java/security/AccessController 1 1 258 1 7 1 100 1 1 1 1 3 1 100 1 1 1 1 1 12 10 1 1 1 1 1 7 1 1 12 10 1 1 12 10 1 1 1 12 10 12 10 1 7 1 1 12 10 1 1 12 10 1 12 10 1 1 1 12 10 1 1 1 12 10 1 100 1 8 1 12 10 1 7 1 12 10 1 100 1 1 12 10 1 1 1 7 1 7 1 7 1 12 10 1 7 1 1 12 10 12 10 1 12 10 1 1 1 1 12 10 1 7 1 1 12 10 1 1 12 10 1 100 1 1 12 9 1 100 1 1 12 10 1 12 10 1 12 10 1 1 12 9 1 1 1 1 1 1 1 12 10 1 1 12 10 12 9 10 1 100 10 1 7 1 1 12 11 1 7 1 12 10 1 11 1 1 12 10 1 1 1 1 12 10 1 12 10 1 1 1 100 1 8 1 1 12 10 1 8 1 100 1 1 12 10 1 8 1 100 10 1 1 12 10 1 12 10 1 1 12 10 1 12 10 1 100 1 8 1 100 1 12 10 1 8 1 8 1 12 10 1 8 1 12 10 12 10 1 1 12 10 1 1 1 1 1 1 1 1
staticfield java/security/AccessController $assertionsDisabled Z 1
instanceKlass jdk/internal/reflect/GeneratedConstructorAccessor47
instanceKlass jdk/internal/reflect/GeneratedConstructorAccessor46
instanceKlass jdk/internal/reflect/GeneratedConstructorAccessor45
instanceKlass jdk/internal/reflect/GeneratedConstructorAccessor44
instanceKlass jdk/internal/reflect/GeneratedConstructorAccessor43
instanceKlass jdk/internal/reflect/GeneratedConstructorAccessor42
instanceKlass jdk/internal/reflect/GeneratedConstructorAccessor41
instanceKlass jdk/internal/reflect/GeneratedConstructorAccessor40
instanceKlass jdk/internal/reflect/GeneratedConstructorAccessor39
instanceKlass jdk/internal/reflect/GeneratedConstructorAccessor38
instanceKlass jdk/internal/reflect/GeneratedConstructorAccessor37
instanceKlass jdk/internal/reflect/GeneratedConstructorAccessor36
instanceKlass jdk/internal/reflect/GeneratedConstructorAccessor35
instanceKlass jdk/internal/reflect/GeneratedConstructorAccessor34
instanceKlass jdk/internal/reflect/GeneratedConstructorAccessor33
instanceKlass jdk/internal/reflect/GeneratedConstructorAccessor32
instanceKlass jdk/internal/reflect/GeneratedConstructorAccessor31
instanceKlass jdk/internal/reflect/GeneratedConstructorAccessor30
instanceKlass jdk/internal/reflect/GeneratedConstructorAccessor29
instanceKlass jdk/internal/reflect/GeneratedConstructorAccessor28
instanceKlass jdk/internal/reflect/GeneratedConstructorAccessor27
instanceKlass jdk/internal/reflect/GeneratedConstructorAccessor26
instanceKlass jdk/internal/reflect/GeneratedConstructorAccessor25
instanceKlass jdk/internal/reflect/GeneratedConstructorAccessor24
instanceKlass jdk/internal/reflect/GeneratedConstructorAccessor23
instanceKlass jdk/internal/reflect/GeneratedConstructorAccessor22
instanceKlass jdk/internal/reflect/GeneratedConstructorAccessor21
instanceKlass jdk/internal/reflect/GeneratedConstructorAccessor20
instanceKlass jdk/internal/reflect/GeneratedConstructorAccessor19
instanceKlass jdk/internal/reflect/GeneratedConstructorAccessor18
instanceKlass jdk/internal/reflect/GeneratedConstructorAccessor17
instanceKlass jdk/internal/reflect/GeneratedConstructorAccessor16
instanceKlass jdk/internal/reflect/GeneratedConstructorAccessor15
instanceKlass jdk/internal/reflect/GeneratedConstructorAccessor14
instanceKlass jdk/internal/reflect/GeneratedConstructorAccessor13
instanceKlass jdk/internal/reflect/GeneratedConstructorAccessor12
instanceKlass jdk/internal/reflect/GeneratedConstructorAccessor11
instanceKlass jdk/internal/reflect/GeneratedConstructorAccessor10
instanceKlass jdk/internal/reflect/GeneratedConstructorAccessor9
instanceKlass jdk/internal/reflect/GeneratedConstructorAccessor8
instanceKlass jdk/internal/reflect/GeneratedConstructorAccessor7
instanceKlass jdk/internal/reflect/GeneratedConstructorAccessor6
instanceKlass jdk/internal/reflect/GeneratedConstructorAccessor5
instanceKlass jdk/internal/reflect/GeneratedConstructorAccessor4
instanceKlass jdk/internal/reflect/GeneratedConstructorAccessor3
instanceKlass jdk/internal/reflect/GeneratedConstructorAccessor2
instanceKlass jdk/internal/reflect/BootstrapConstructorAccessorImpl
instanceKlass jdk/internal/reflect/GeneratedConstructorAccessor1
instanceKlass jdk/internal/reflect/DelegatingConstructorAccessorImpl
instanceKlass jdk/internal/reflect/NativeConstructorAccessorImpl
ciInstanceKlass jdk/internal/reflect/ConstructorAccessorImpl 1 1 21 1 100 1 7 1 100 1 1 12 10 1 1 1 100 1 100 1 100 1 1
instanceKlass jdk/internal/reflect/FieldAccessorImpl
instanceKlass jdk/internal/reflect/ConstructorAccessorImpl
instanceKlass jdk/internal/reflect/MethodAccessorImpl
ciInstanceKlass jdk/internal/reflect/MagicAccessorImpl 1 1 10 1 100 1 7 1 1 12 10 1
instanceKlass jdk/internal/reflect/GeneratedMethodAccessor1
instanceKlass jdk/internal/reflect/DelegatingMethodAccessorImpl
instanceKlass jdk/internal/reflect/NativeMethodAccessorImpl
ciInstanceKlass jdk/internal/reflect/MethodAccessorImpl 1 1 19 1 100 1 7 1 100 1 1 12 10 1 1 1 100 1 100 1 1
ciInstanceKlass java/lang/Module 1 1 859 1 7 1 7 1 100 1 100 1 7 1 100 1 100 1 100 1 7 1 7 1 1 1 7 1 1 7 1 1 1 1 100 1 100 1 1 1 1 1 1 1 1 1 1 1 1 1 1 1 1 1 1 1 1 1 1 1 1 1 1 1 1 1 1 12 10 12 9 1 12 10 12 9 12 9 12 9 1 1 12 10 1 12 10 1 7 1 7 1 7 1 1 12 10 1 7 1 1 12 10 1 7 1 1 12 10 1 1 12 10 1 7 1 1 12 11 1 1 12 10 1 7 1 1 12 10 1 7 1 100 1 1 12 10 1 1 1 1 1 1 7 1 1 12 10 1 100 1 1 12 9 1 100 1 1 12 10 1 1 1 1 12 10 1 8 1 1 12 10 1 12 10 12 9 1 12 9 1 1 1 1 12 10 12 9 1 12 11 1 12 9 1 100 1 1 12 10 1 1 1 1 7 1 1 12 10 1 1 12 10 1 100 1 100 10 1 1 12 10 1 8 1 12 10 12 10 1 12 10 1 1 12 10 1 1 1 12 10 1 1 12 10 1 100 1 1 12 9 1 1 12 10 1 1 1 1 12 10 1 12 9 1 12 10 1 12 10 12 9 1 7 1 12 11 1 1 12 10 12 9 1 1 12 9 1 12 10 1 12 10 1 1 1 1 1 100 1 8 10 1 1 12 10 1 12 10 1 8 1 1 1 1 1 1 12 10 1 1 1 8 1 8 1 1 12 10 1 12 10 1 1 12 10 16 1 1 12 10 15 16 1 100 1 1 12 10 15 1 1 12 18 1 1 12 10 1 12 11 1 12 9 12 11 1 1 1 100 1 12 10 1 100 1 8 10 1 7 1 1 12 11 1 12 10 1 12 10 1 12 10 1 1 1 12 11 1 7 1 12 11 1 1 12 11 12 9 1 12 11 1 1 1 1 12 10 1 1 1 12 10 1 12 9 1 12 10 1 7 12 10 1 1 1 7 1 12 10 10 1 100 16 1 1 12 10 15 16 1 1 12 18 1 1 12 11 16 1 100 10 15 1 16 1 12 18 1 1 12 11 1 100 1 1 12 10 1 1 12 11 1 1 1 1 7 1 12 10 4 1 7 1 12 11 1 7 1 7 10 1 7 1 1 12 10 1 7 1 100 1 100 10 12 11 1 8 10 1 1 12 10 1 7 12 10 1 12 10 1 12 10 12 10 10 1 1 12 11 12 10 1 1 12 10 12 9 1 100 10 1 1 12 10 1 7 11 1 1 12 10 1 12 11 10 1 12 10 11 1 1 12 10 1 1 12 10 1 1 12 10 1 7 1 12 10 1 12 10 1 12 10 10 1 12 10 1 12 10 1 1 12 10 15 1 16 1 12 18 1 12 11 1 1 12 10 15 1 16 1 12 18 1 12 10 1 12 10 12 10 1 12 10 1 12 10 1 12 10 12 9 1 10 10 10 1 12 10 1 1 12 10 1 1 1 12 10 1 12 10 1 1 12 10 1 12 10 1 12 9 16 1 12 10 15 16 1 1 12 18 1 100 1 1 12 10 1 100 1 100 1 8 1 1 12 10 1 12 10 1 100 1 12 10 1 1 12 10 1 1 100 1 100 1 8 1 100 10 3 1 12 10 1 100 1 12 10 1 1 12 10 1 1 12 10 1 12 10 1 1 12 10 1 100 1 100 1 100 12 10 1 100 1 8 1 12 10 1 1 12 10 1 7 1 12 10 1 1 12 10 12 10 12 10 1 1 12 10 1 100 10 1 1 12 10 1 100 1 1 12 10 1 8 1 1 12 10 1 100 1 12 10 1 8 1 12 10 1 8 1 12 10 12 10 12 10 1 8 10 1 12 10 1 100 10 1 1 12 10 1 12 10 1 12 9 1 12 9 1 12 9 1 12 9 12 10 1 12 11 1 12 10 1 1 1 1 1 1 1 1
staticfield java/lang/Module ALL_UNNAMED_MODULE Ljava/lang/Module; java/lang/Module
staticfield java/lang/Module ALL_UNNAMED_MODULE_SET Ljava/util/Set; java/util/ImmutableCollections$Set12
staticfield java/lang/Module EVERYONE_MODULE Ljava/lang/Module; java/lang/Module
staticfield java/lang/Module EVERYONE_SET Ljava/util/Set; java/util/ImmutableCollections$Set12
staticfield java/lang/Module $assertionsDisabled Z 1
instanceKlass org/idpf/epubcheck/util/css/CssTokenList
instanceKlass com/twelvemonkeys/imageio/metadata/jpeg/JPEGSegmentUtil$AllIdsList
ciInstanceKlass java/util/ArrayList 1 1 415 1 7 1 1 7 1 100 1 100 1 100 1 100 1 7 1 7 1 100 1 100 1 100 1 7 1 1 1 1 1 1 5 0 1 1 3 1 1 1 1 1 1 1 1 12 10 1 7 12 9 12 9 1 100 1 100 10 1 8 1 1 12 10 1 12 10 1 1 12 10 1 12 10 12 9 1 1 1 7 1 1 12 11 12 9 1 1 12 10 7 1 7 1 1 12 10 1 1 12 9 1 12 10 1 1 1 12 10 1 7 1 1 12 10 1 7 1 1 12 10 1 1 1 1 1 1 1 12 10 1 1 12 10 1 12 10 1 1 12 10 1 1 1 100 12 10 1 100 1 12 10 1 1 1 7 1 1 12 10 1 1 1 1 1 1 1 7 1 12 10 12 10 1 1 1 1 1 1 12 10 1 12 10 1 1 1 12 10 1 1 1 12 10 1 1 12 10 1 1 12 10 1 12 10 1 1 100 10 1 1 12 11 1 100 1 12 11 1 12 11 1 12 10 1 1 1 12 10 12 10 1 1 1 1 1 1 1 1 1 100 1 1 12 10 10 1 1 12 10 1 12 10 1 8 1 8 1 8 1 8 1 1 1 1 12 10 1 1 1 100 1 1 12 10 12 11 1 1 1 100 1 100 1 12 10 1 12 10 1 12 10 1 1 1 100 1 100 1 12 10 1 12 10 1 100 1 1 12 10 1 100 1 1 12 11 12 10 1 100 1 8 10 1 1 1 1 12 10 1 1 1 1 12 10 1 1 1 1 1 12 10 1 12 10 1 1 1 1 100 12 10 1 12 11 1 1 1 1 12 10 1 1 1 1 1 1 1 1 1 1 12 10 1 1 100 1 12 11 12 10 1 100 12 10 12 10 1 1 1 1 1 12 10 1 1 100 1 12 11 1 1 1 1 12 10 1 1 1 1 1 1 1 1 1
staticfield java/util/ArrayList EMPTY_ELEMENTDATA [Ljava/lang/Object; 0 [Ljava/lang/Object;
staticfield java/util/ArrayList DEFAULTCAPACITY_EMPTY_ELEMENTDATA [Ljava/lang/Object; 0 [Ljava/lang/Object;
ciInstanceKlass java/util/concurrent/ConcurrentHashMap 1 1 1022 1 7 1 1 7 1 100 1 100 1 100 1 100 1 100 1 100 1 100 1 100 1 100 1 100 1 100 1 100 1 100 1 100 1 100 1 100 1 100 1 100 1 100 1 100 1 100 1 100 1 100 1 100 1 100 1 100 1 100 1 100 1 100 1 100 1 100 1 100 1 100 1 100 1 7 1 7 1 7 1 100 1 100 1 100 1 100 1 100 1 100 1 100 1 100 1 100 1 100 1 100 1 7 1 7 1 7 1 7 1 7 1 100 1 7 1 1 1 1 1 1 7 1 7 1 1 1 1 1 1 100 1 100 1 1 100 1 1 1 1 1 1 1 1 1 1 1 1 1 1 1 1 1 1 1 1 1 1 1 1 1 1 1 1 1 1 1 1 1 1 1 1 1 1 1 1 1 1 1 1 1 1 1 5 0 1 1 3 1 3 1 3 1 1 1 4 1 3 1 3 1 3 1 1 1 3 1 1 3 1 3 1 3 1 3 1 1 1 1 1 1 1 1 1 1 1 1 1 1 1 1 1 1 1 1 1 1 1 1 1 1 1 1 1 1 1 1 1 1 1 7 1 12 10 1 1 1 1 7 1 7 1 1 12 10 1 100 1 100 1 1 12 10 1 100 1 100 1 1 12 11 1 12 11 1 1 1 1 1 12 11 1 1 1 12 9 12 9 12 9 1 7 1 1 12 10 1 1 1 1 1 12 10 1 1 1 1 1 12 10 1 1 12 10 1 1 12 10 1 1 12 9 1 12 10 1 1 100 10 5 0 12 10 1 1 1 1 12 10 5 0 1 1 1 1 1 1 12 10 12 10 12 9 12 10 1 12 9 1 1 12 9 1 1 12 10 7 1 12 9 1 1 12 10 1 1 12 9 1 12 10 1 1 100 10 1 12 10 1 1 12 10 1 1 1 1 1 12 10 1 1 1 12 10 1 12 10 12 10 1 1 12 10 1 1 12 10 1 100 1 8 1 12 10 1 100 1 1 12 10 1 1 12 10 12 11 1 12 10 1 12 11 1 7 1 1 12 11 1 7 1 12 11 1 12 11 1 12 11 1 12 11 1 1 1 12 10 1 12 10 1 1 12 9 1 1 12 10 9 1 1 12 10 1 12 9 1 1 12 10 5 0 1 1 1 12 9 1 12 10 1 1 12 9 1 12 10 1 12 9 10 1 1 1 100 10 1 1 12 10 1 8 1 12 10 12 10 11 1 1 1 100 1 7 1 12 10 1 1 12 10 1 8 1 12 10 1 8 1 12 10 1 8 1 12 10 1 12 10 1 1 1 100 1 100 1 12 10 12 10 1 12 10 1 12 10 1 12 9 9 1 12 10 12 9 1 1 1 1 1 1 1 1 1 1 1 100 1 1 12 11 1 1 1 1 100 1 12 11 1 1 1 12 10 1 100 1 12 11 1 1 1 1 1 1 7 10 12 11 1 1 1 1 1 1 1 1 12 10 1 1 1 1 12 10 1 1 10 1 1 1 10 1 7 1 1 12 9 1 1 12 10 1 1 1 3 1 1 100 1 12 10 12 9 1 1 12 10 12 9 12 9 1 1 12 10 100 1 100 1 12 10 12 9 1 12 9 1 1 12 10 12 10 12 9 12 9 1 1 12 10 1 9 3 1 12 9 1 12 10 12 9 1 12 10 12 9 1 12 10 12 9 1 100 1 1 12 10 1 12 10 1 1 1 1 5 0 1 100 1 12 10 1 1 12 10 1 12 10 1 12 10 1 1 1 12 10 10 1 1 1 1 100 10 1 12 10 10 1 1 1 1 12 10 10 1 1 1 1 12 10 10 1 100 1 1 12 10 1 1 1 1 12 10 10 1 100 1 12 10 1 1 1 1 12 10 10 1 12 10 1 1 1 1 12 10 10 1 1 1 12 10 10 1 1 1 1 12 10 10 1 1 1 12 10 10 1 1 1 12 10 10 1 1 1 1 12 10 10 1 1 1 1 12 10 10 1 1 1 1 12 10 10 1 1 10 10 1 10 10 1 1 10 10 1 1 1 12 10 10 1 1 12 10 10 1 1 1 12 10 10 1 1 1 12 10 10 1 1 1 12 10 10 1 1 10 10 1 10 10 1 1 10 10 1 1 1 1 12 10 10 1 1 12 10 10 1 1 1 12 10 10 1 1 1 12 10 10 1 1 1 12 10 10 12 10 1 1 7 1 1 12 10 1 12 10 1 7 1 12 10 1 1 12 9 12 9 1 1 12 10 8 1 1 12 10 8 8 8 8 1 1 12 10 1 12 10 1 100 1 8 10 1 7 1 1 1 1 1 1 1
staticfield java/util/concurrent/ConcurrentHashMap NCPU I 8
staticfield java/util/concurrent/ConcurrentHashMap serialPersistentFields [Ljava/io/ObjectStreamField; 3 [Ljava/io/ObjectStreamField;
staticfield java/util/concurrent/ConcurrentHashMap U Ljdk/internal/misc/Unsafe; jdk/internal/misc/Unsafe
staticfield java/util/concurrent/ConcurrentHashMap SIZECTL J 20
staticfield java/util/concurrent/ConcurrentHashMap TRANSFERINDEX J 32
staticfield java/util/concurrent/ConcurrentHashMap BASECOUNT J 24
staticfield java/util/concurrent/ConcurrentHashMap CELLSBUSY J 36
staticfield java/util/concurrent/ConcurrentHashMap CELLVALUE J 144
staticfield java/util/concurrent/ConcurrentHashMap ABASE I 16
staticfield java/util/concurrent/ConcurrentHashMap ASHIFT I 2
ciInstanceKlass java/lang/String 1 1 1202 1 7 1 1 7 1 100 1 100 1 7 1 100 1 100 1 7 1 7 1 7 1 1 7 1 7 1 100 1 100 1 1 100 1 1 100 1 100 1 1 1 1 1 1 1 1 1 1 1 1 1 5 0 1 1 1 1 1 3 1 1 1 1 3 1 3 1 1 12 10 1 8 12 9 12 9 1 1 12 9 1 1 12 10 1 1 1 12 10 1 1 12 10 1 1 100 12 9 1 1 12 10 10 1 1 1 1 100 1 7 1 1 12 10 1 1 12 10 1 1 12 10 1 12 10 1 1 100 1 1 12 10 1 12 10 1 100 1 7 1 1 12 10 1 7 1 7 1 1 12 9 1 7 1 1 12 10 1 1 12 10 1 1 12 10 1 1 12 10 1 1 12 10 1 1 12 10 1 7 1 12 9 12 10 1 7 1 12 9 1 1 12 10 1 7 1 1 12 11 1 100 1 12 11 1 1 12 11 1 1 12 10 1 1 12 10 1 7 1 1 12 9 1 1 12 10 1 12 10 1 1 12 11 1 1 12 10 1 100 12 10 1 1 12 10 1 7 1 1 12 10 1 7 1 1 12 10 1 1 12 10 1 100 1 12 10 1 1 1 12 10 1 1 1 100 1 12 10 1 1 12 10 1 100 1 100 12 10 1 1 12 10 10 1 1 1 100 1 100 1 12 10 12 10 1 1 1 1 12 10 1 1 12 10 1 12 10 1 1 12 10 1 1 12 10 1 7 1 12 10 1 7 11 1 12 11 1 12 11 12 10 1 12 10 12 10 1 1 12 10 10 1 7 1 1 12 10 1 7 1 12 10 1 12 10 1 7 1 12 10 1 12 10 1 1 12 10 1 1 12 10 1 1 1 12 10 1 12 10 1 1 1 1 1 12 10 1 100 12 10 12 10 1 12 10 1 1 12 10 1 100 1 1 12 10 1 12 10 1 1 12 10 1 12 10 1 1 1 12 10 1 1 1 1 1 1 1 1 1 3 1 1 3 1 12 10 12 10 1 1 12 10 12 10 1 12 10 12 10 12 10 12 10 1 12 10 1 12 10 1 1 12 10 1 12 10 12 10 12 10 1 12 10 1 12 10 1 12 10 10 1 100 10 1 8 1 1 12 10 1 12 10 1 8 1 1 12 10 12 10 1 12 10 1 8 10 1 1 12 10 1 1 12 10 1 12 10 1 1 1 12 10 12 10 1 1 100 10 10 1 1 12 10 1 1 1 1 12 10 12 10 10 1 1 1 12 10 1 12 10 1 12 10 1 100 10 12 10 1 1 1 100 10 12 10 1 1 12 10 1 1 1 12 10 1 12 10 10 1 1 1 12 10 10 1 100 10 12 10 1 1 1 1 12 10 1 1 1 12 10 1 1 1 100 10 1 12 10 1 12 10 1 12 10 12 10 12 10 11 12 11 1 12 10 1 1 1 1 12 10 1 1 1 12 10 10 1 12 10 1 12 10 1 12 9 1 7 1 1 12 11 1 10 12 10 1 1 12 10 10 1 12 10 1 12 10 1 1 12 10 1 1 12 9 1 12 10 10 1 12 10 12 10 10 1 12 10 12 10 10 12 10 10 1 12 10 1 1 12 10 12 10 10 12 10 12 10 12 10 12 10 10 1 12 10 1 1 1 12 10 1 12 10 10 1 1 1 1 12 10 1 7 1 1 12 10 1 1 1 12 10 10 1 1 7 1 12 10 1 11 12 10 1 1 1 1 12 10 1 1 12 10 1 7 12 10 1 12 10 1 1 100 10 12 10 1 12 10 1 12 10 1 100 1 12 10 1 12 10 1 100 1 8 10 10 1 12 10 1 1 1 8 12 10 3 3 1 7 10 1 12 10 1 12 10 1 1 12 10 1 1 12 10 1 7 1 1 12 11 1 7 1 12 10 1 12 10 1 1 1 1 12 10 1 12 10 1 1 8 1 1 12 10 1 12 10 1 1 1 100 1 1 12 11 1 100 1 12 11 1 1 12 11 1 12 10 1 1 1 12 10 10 1 7 1 1 12 10 12 10 1 12 10 10 12 10 1 1 12 10 10 1 12 10 10 1 12 10 10 1 12 10 10 1 1 12 10 1 1 1 1 12 10 10 1 100 1 12 10 1 8 1 12 10 16 1 12 10 15 16 1 100 1 1 12 10 15 1 1 12 18 1 1 12 11 3 1 12 10 15 1 12 18 1 1 12 10 15 1 12 18 1 8 1 100 1 1 12 10 1 1 12 11 12 10 10 1 12 10 10 1 1 1 12 11 1 1 12 10 1 12 11 1 12 10 15 18 1 3 11 1 100 1 12 10 11 11 12 10 1 1 1 12 10 1 8 1 12 10 1 12 10 1 1 12 10 10 12 10 1 1 1 1 100 12 11 1 1 12 10 10 1 7 1 1 12 10 1 10 1 7 10 1 12 10 10 1 1 12 10 1 1 1 8 10 1 12 10 1 1 1 1 8 1 8 1 1 12 10 1 12 10 10 12 10 1 1 7 12 10 1 1 100 12 10 1 1 100 12 10 1 1 8 1 12 10 1 1 12 10 1 1 100 10 12 10 1 8 1 8 10 1 1 8 1 8 1 8 1 8 1 1 12 10 1 12 10 1 8 1 1 1 1 100 1 1 12 10 1 1 1 12 10 1 1 100 12 10 12 10 10 12 10 12 10 1 1 7 12 9 10 1 1 1 1 1 1 1 1 1 1
staticfield java/lang/String COMPACT_STRINGS Z 1
staticfield java/lang/String serialPersistentFields [Ljava/io/ObjectStreamField; 0 [Ljava/io/ObjectStreamField;
staticfield java/lang/String CASE_INSENSITIVE_ORDER Ljava/util/Comparator; java/lang/String$CaseInsensitiveComparator
ciInstanceKlass java/security/ProtectionDomain 1 1 283 1 7 1 7 1 7 1 100 1 7 1 100 1 100 1 1 1 1 1 1 1 1 1 1 1 1 1 1 1 1 1 1 1 1 12 10 12 9 10 12 9 12 9 12 9 1 7 1 12 10 1 7 1 12 9 1 100 12 9 1 7 12 9 12 9 1 1 100 100 1 1 12 10 1 1 1 1 1 1 1 1 1 1 1 1 1 100 1 1 12 10 1 12 10 12 10 1 12 9 1 100 1 12 9 1 1 12 10 10 1 100 1 100 1 1 12 10 1 1 1 8 1 100 1 8 1 12 10 1 7 10 1 100 1 12 10 1 1 12 10 1 8 11 1 8 12 10 1 8 1 8 1 12 10 1 12 10 1 12 10 12 10 1 8 1 12 10 1 8 1 8 1 100 1 100 1 1 12 10 1 100 1 1 12 9 12 10 1 100 1 1 12 9 1 1 12 10 1 12 10 1 100 1 1 12 10 10 1 100 1 12 10 1 1 12 10 1 100 1 100 1 12 11 1 12 11 1 1 12 11 1 100 1 12 10 10 1 1 12 11 1 1 12 11 1 12 10 1 12 10 1 100 1 12 10 1 12 11 12 10 1 1 8 1 8 1 7 1 1 12 10 10 1 7 1 1 12 10 1 1 1 1
staticfield java/security/ProtectionDomain filePermCompatInPD Z 0
ciInstanceKlass java/security/CodeSource 1 1 337 1 7 1 7 1 100 1 1 5 0 1 1 1 1 1 1 1 1 1 1 1 1 1 1 1 12 10 12 9 12 9 12 9 12 9 1 7 1 1 12 10 12 9 1 100 7 1 1 12 10 1 7 10 1 1 12 10 1 1 1 100 1 12 10 1 1 12 10 1 1 1 1 1 1 1 7 10 1 7 1 1 12 10 1 7 1 12 10 1 1 12 10 1 12 10 1 100 1 1 12 10 1 1 1 1 12 10 1 1 1 12 10 12 10 10 10 1 12 10 1 100 1 1 12 10 1 12 10 1 12 10 1 12 10 1 8 1 12 10 1 12 10 1 1 12 10 1 12 10 1 8 1 1 12 10 10 1 100 10 1 1 12 10 1 8 1 12 10 1 12 10 1 12 10 1 8 1 8 12 9 1 100 1 8 1 12 10 1 12 10 1 8 1 12 10 1 8 1 8 1 8 1 1 1 100 1 100 1 100 1 12 10 1 1 12 10 1 12 10 1 1 12 10 1 1 12 10 1 1 12 10 1 12 10 12 10 1 12 10 1 1 1 100 1 100 1 100 1 12 10 1 12 10 1 100 12 10 1 100 10 1 8 1 12 10 1 12 10 1 1 12 10 1 100 1 1 12 10 1 8 1 8 10 1 1 12 10 1 100 1 1 12 10 1 100 12 10 1 1 12 10 1 12 11 1 100 10 1 12 10 11 12 10 1 8 1 100 1 12 10 1 1 12 10 1 12 10 1 1 12 11 11 1 1 1 1
ciInstanceKlass java/lang/StringBuilder 1 1 371 1 7 1 1 7 1 100 1 100 1 100 1 1 5 0 1 1 1 1 12 10 1 12 10 1 12 10 1 1 1 12 10 1 1 1 7 1 1 12 10 1 12 10 1 12 10 1 1 12 10 1 1 12 10 1 1 12 10 1 1 12 10 1 1 12 10 1 1 12 10 1 1 12 10 1 1 12 10 1 1 12 10 1 1 12 10 1 1 12 10 1 12 10 1 1 1 12 10 1 12 10 1 1 1 12 10 1 1 1 12 10 1 1 12 10 1 1 12 10 1 1 12 10 1 1 12 10 1 1 12 10 1 1 12 10 1 1 12 10 12 10 1 1 12 10 1 1 12 10 1 1 12 10 1 1 12 10 1 12 10 1 12 10 12 10 1 1 1 12 10 1 1 1 1 12 10 1 1 12 9 1 1 12 9 1 7 1 1 12 10 1 7 10 1 1 1 100 1 100 1 12 10 1 12 10 1 1 12 10 1 1 12 10 1 100 10 1 12 10 1 1 1 100 1 100 1 12 10 1 12 10 1 12 10 1 100 1 8 10 1 1 12 10 1 1 12 10 1 12 10 12 10 12 10 12 10 12 10 12 10 12 10 12 10 12 10 12 10 12 10 12 10 12 10 12 10 1 1 12 10 1 1 12 10 1 12 10 12 10 12 10 12 10 12 10 12 10 12 10 12 10 12 10 12 10 12 10 12 10 12 10 12 10 12 10 12 10 1 12 10 1 1 12 10 1 12 10 1 1 12 10 1 12 10 1 1 12 10 1 12 10 1 1 12 10 1 12 10 1 12 10 1 12 10 10 1 12 10 1 1 1 1 12 10 1 1 1 1 1 1
ciInstanceKlass jdk/internal/loader/ClassLoaders 1 1 162 1 7 1 100 1 7 1 7 1 7 1 1 1 1 1 1 1 1 1 1 1 1 1 12 10 1 1 1 7 1 1 12 10 1 1 12 10 1 100 1 1 12 10 1 1 12 9 1 1 12 9 1 12 9 1 1 1 1 100 1 100 1 7 1 100 1 1 12 11 1 100 1 1 12 11 1 1 12 11 1 100 1 1 12 10 1 100 1 1 12 10 1 100 1 1 7 1 1 12 10 12 9 12 10 12 10 1 12 10 1 8 1 7 1 1 12 10 1 1 12 10 1 7 1 12 10 1 12 10 1 12 10 1 8 1 7 1 12 10 1 8 1 8 1 12 10 1 12 10 1 12 10 1 12 10 1 1 1 1 1 1
staticfield jdk/internal/loader/ClassLoaders JLA Ljdk/internal/access/JavaLangAccess; java/lang/System$2
staticfield jdk/internal/loader/ClassLoaders BOOT_LOADER Ljdk/internal/loader/ClassLoaders$BootClassLoader; jdk/internal/loader/ClassLoaders$BootClassLoader
staticfield jdk/internal/loader/ClassLoaders PLATFORM_LOADER Ljdk/internal/loader/ClassLoaders$PlatformClassLoader; jdk/internal/loader/ClassLoaders$PlatformClassLoader
staticfield jdk/internal/loader/ClassLoaders APP_LOADER Ljdk/internal/loader/ClassLoaders$AppClassLoader; jdk/internal/loader/ClassLoaders$AppClassLoader
ciInstanceKlass jdk/internal/misc/Unsafe 1 1 1203 1 7 1 7 1 1 1 1 3 1 1 1 1 1 1 1 1 1 1 1 1 1 1 1 1 1 1 1 1 1 1 12 10 1 1 12 9 1 1 1 1 1 1 1 1 1 1 1 1 1 1 1 1 1 1 1 1 1 1 1 1 1 1 1 1 1 1 1 1 1 1 1 1 1 1 1 12 9 12 10 1 7 1 1 12 10 12 10 1 12 10 12 10 1 1 1 12 10 1 12 10 1 12 10 1 12 10 1 12 10 1 12 10 1 1 1 1 1 12 10 1 12 10 1 12 10 1 12 10 12 10 12 10 1 1 1 100 10 1 1 1 1 12 10 12 10 1 5 0 1 1 1 12 10 12 10 1 1 1 1 7 1 1 12 10 1 1 12 10 1 12 10 1 12 10 12 10 1 1 12 10 1 12 10 1 12 10 1 100 1 100 10 1 8 1 1 12 10 1 12 10 1 8 1 1 12 10 1 12 10 12 10 1 1 1 12 10 1 12 10 1 12 10 1 1 1 12 10 1 12 10 1 12 10 12 10 1 1 1 12 10 1 12 10 1 12 10 1 1 1 12 10 1 12 10 5 0 5 0 5 0 1 12 10 1 12 10 1 12 10 1 1 12 10 1 12 10 1 12 10 1 12 10 1 12 10 1 1 12 10 1 12 10 1 12 10 1 100 1 8 10 1 1 1 100 10 1 12 10 1 1 1 12 10 1 1 12 10 1 1 1 12 10 1 1 1 1 12 10 1 1 12 10 1 1 1 1 12 10 1 1 12 10 1 1 1 7 1 12 9 1 12 9 1 1 1 1 100 10 1 12 10 1 1 1 1 100 1 1 1 1 8 10 1 8 1 8 1 12 10 1 7 1 1 12 9 1 100 9 1 7 9 1 7 9 9 1 100 9 1 100 9 1 100 9 1 1 1 1 1 1 1 12 10 1 1 12 10 1 1 1 1 1 1 1 1 12 10 1 1 12 10 1 1 1 1 1 5 0 5 0 1 1 12 9 1 12 10 12 10 1 1 12 10 1 12 10 1 12 10 1 1 1 1 1 1 1 8 3 1 1 12 10 1 12 10 1 12 10 1 1 1 1 1 1 1 1 1 1 12 10 1 1 12 10 1 12 10 1 12 10 1 1 12 10 1 12 10 1 12 10 1 1 1 1 1 1 12 10 1 12 10 1 12 10 1 12 10 1 1 12 10 1 12 10 1 12 10 1 1 1 1 12 10 1 1 1 1 12 10 1 12 10 1 12 10 1 12 10 1 12 10 1 12 10 1 1 1 1 1 12 10 1 1 12 10 1 1 1 1 12 10 1 12 10 1 1 12 10 1 1 12 10 1 1 12 10 1 1 12 10 1 1 12 10 1 1 12 10 1 1 1 1 1 1 1 1 1 1 1 1 1 1 1 1 1 1 12 10 1 12 10 1 12 10 1 12 10 1 12 10 1 1 12 10 1 12 10 1 12 10 1 12 10 1 12 10 1 12 10 1 12 10 1 12 10 1 12 10 1 12 10 1 12 10 1 12 10 1 1 1 1 1 1 1 1 1 1 1 1 1 1 1 1 1 1 1 1 1 1 1 1 1 12 10 1 1 1 1 12 10 1 1 1 1 12 10 1 1 1 1 12 10 1 1 1 1 12 10 1 1 12 10 1 12 10 1 12 10 1 1 1 1 1 1 1 1 1 1 1 1 1 1 1 1 12 10 1 12 10 12 10 1 12 10 12 10 1 1 1 1 1 12 10 1 12 10 1 12 10 1 1 1 1 12 10 1 12 10 1 12 10 1 12 10 1 12 10 1 12 10 1 12 10 1 12 10 1 12 10 1 1 12 10 1 1 12 10 1 1 12 10 1 1 12 10 1 1 12 10 1 1 12 10 1 1 12 10 1 1 12 10 1 1 12 10 1 1 12 10 1 1 12 10 1 1 12 10 1 1 12 10 1 1 12 10 1 1 12 10 1 1 12 10 1 1 12 10 1 1 12 10 1 1 1 1 1 1 1 1 1 1 1 1 1 1 1 1 1 1 1 1 1 1 12 10 1 12 10 1 1 100 10 1 1 100 10 1 1 1 12 9 1 5 0 1 1 12 10 5 0 1 12 10 5 0 1 12 10 1 12 10 1 1 12 10 1 1 1 12 10 1 12 10 1 12 10 1 12 10 1 1 1 12 10 1 12 10 1 12 10 1 1 12 10 1 12 10 1 1 1 12 10 1 12 10 1 12 10 1 12 10 1 1 1 12 10 1 12 10 1 12 10 1 1 1 12 10 1 12 10 1 1 12 10 1 1 1 12 10 12 10 1 12 10 10 1 1 12 10 1 12 10 1 1 1 12 10 12 10 12 10 5 0 5 0 5 0 1 1 12 10 1 12 10 1 12 10 12 10 1 1 1 100 1 12 10 1 8 1 100 1 1 12 11 1 8 1 1 12 11 1 100 1 12 10 1 1 1 1 1 3 1 1 1 12 10 1 12 10 1 1 12 10 1 12 10 1 12 10 1 12 10 1 12 10 1 1 1 12 10 1 12 10 1 1 1 12 10 1 1 12 10 10 1 7 12 10 12 9 1 7 12 9 1 7 12 9 1 7 12 9 1 7 12 9 1 7 12 9 1 7 12 9 1 7 12 9 1 7 12 9 12 10 12 9 12 9 12 9 12 9 12 9 12 9 12 9 12 9 12 9 1 12 9 1 1 1 1 1 1 1
staticfield jdk/internal/misc/Unsafe theUnsafe Ljdk/internal/misc/Unsafe; jdk/internal/misc/Unsafe
staticfield jdk/internal/misc/Unsafe ARRAY_BOOLEAN_BASE_OFFSET I 16
staticfield jdk/internal/misc/Unsafe ARRAY_BYTE_BASE_OFFSET I 16
staticfield jdk/internal/misc/Unsafe ARRAY_SHORT_BASE_OFFSET I 16
staticfield jdk/internal/misc/Unsafe ARRAY_CHAR_BASE_OFFSET I 16
staticfield jdk/internal/misc/Unsafe ARRAY_INT_BASE_OFFSET I 16
staticfield jdk/internal/misc/Unsafe ARRAY_LONG_BASE_OFFSET I 16
staticfield jdk/internal/misc/Unsafe ARRAY_FLOAT_BASE_OFFSET I 16
staticfield jdk/internal/misc/Unsafe ARRAY_DOUBLE_BASE_OFFSET I 16
staticfield jdk/internal/misc/Unsafe ARRAY_OBJECT_BASE_OFFSET I 16
staticfield jdk/internal/misc/Unsafe ARRAY_BOOLEAN_INDEX_SCALE I 1
staticfield jdk/internal/misc/Unsafe ARRAY_BYTE_INDEX_SCALE I 1
staticfield jdk/internal/misc/Unsafe ARRAY_SHORT_INDEX_SCALE I 2
staticfield jdk/internal/misc/Unsafe ARRAY_CHAR_INDEX_SCALE I 2
staticfield jdk/internal/misc/Unsafe ARRAY_INT_INDEX_SCALE I 4
staticfield jdk/internal/misc/Unsafe ARRAY_LONG_INDEX_SCALE I 8
staticfield jdk/internal/misc/Unsafe ARRAY_FLOAT_INDEX_SCALE I 4
staticfield jdk/internal/misc/Unsafe ARRAY_DOUBLE_INDEX_SCALE I 8
staticfield jdk/internal/misc/Unsafe ARRAY_OBJECT_INDEX_SCALE I 4
staticfield jdk/internal/misc/Unsafe ADDRESS_SIZE I 8
ciInstanceKlass java/lang/ThreadGroup 1 1 263 1 7 1 7 1 100 1 7 1 1 1 1 1 1 1 1 1 1 1 1 1 1 1 1 1 1 1 12 10 12 9 1 8 12 9 12 9 12 9 1 1 1 12 10 1 1 12 10 1 12 10 1 1 12 10 1 12 10 12 9 1 1 12 10 1 12 10 1 1 1 1 1 1 1 1 1 1 1 3 1 12 9 1 1 1 1 1 100 1 1 12 10 12 9 12 9 1 7 1 1 12 10 100 1 100 12 10 1 1 1 1 7 1 1 12 10 1 100 12 10 1 12 9 12 10 1 1 1 12 10 1 12 9 1 12 10 1 12 10 1 1 12 10 1 1 1 12 10 1 1 1 1 12 10 12 10 1 12 10 10 1 12 10 1 12 10 10 1 1 100 10 12 10 1 12 10 1 12 10 1 1 7 1 12 10 1 1 1 1 12 9 1 12 10 1 100 1 8 1 12 10 1 1 12 10 1 1 12 10 1 1 12 10 11 1 100 1 12 9 1 100 10 1 8 1 1 12 10 12 10 1 8 1 12 10 1 1 12 10 1 1 1 12 10 1 100 10 1 8 10 1 8 1 12 10 1 8 1 1 1 1 1
instanceKlass java/security/Provider
ciInstanceKlass java/util/Properties 1 1 545 1 7 1 1 7 1 7 1 7 1 1 7 1 7 1 1 100 1 7 1 1 1 1 5 0 1 1 1 1 1 1 1 1 1 1 12 10 1 1 1 100 1 12 10 12 10 12 9 12 9 12 9 1 7 1 12 10 1 1 1 1 12 10 1 1 1 100 1 8 1 7 1 1 12 10 12 10 1 1 12 10 1 1 8 12 10 1 7 12 10 1 1 12 10 1 1 12 9 1 1 12 10 1 7 1 12 10 1 12 10 1 1 12 10 1 100 1 8 1 12 10 100 1 12 10 1 1 12 10 1 1 1 12 10 3 10 1 100 1 1 12 10 1 12 10 1 1 12 10 1 8 1 12 10 1 1 12 10 1 1 1 8 1 100 1 12 10 1 1 12 10 1 12 10 1 1 1 1 12 10 1 1 12 10 1 100 1 1 12 10 1 100 1 100 1 1 12 9 1 12 10 12 10 1 100 10 10 1 1 12 10 1 7 1 1 12 11 1 100 1 7 1 1 12 11 1 1 12 11 1 12 11 1 12 11 12 10 1 8 1 100 1 12 10 1 1 100 1 12 10 1 100 10 1 12 10 1 100 1 12 10 1 1 100 1 12 9 1 12 10 1 1 100 1 100 1 100 1 1 12 10 1 100 10 1 8 1 8 1 12 10 1 1 1 12 10 12 10 1 1 1 1 10 1 1 12 10 1 12 10 1 1 1 7 10 1 12 10 1 12 11 1 7 1 1 12 10 1 1 1 8 1 100 1 12 10 11 1 8 1 1 100 10 1 11 1 1 12 10 1 12 10 1 1 12 10 1 1 12 10 1 1 1 12 10 1 1 12 10 1 12 10 1 12 10 10 1 12 10 1 1 12 10 1 12 10 10 1 1 1 12 10 1 1 1 12 10 1 10 1 12 10 1 12 10 1 12 10 1 12 10 1 1 1 12 10 1 1 1 12 10 1 12 10 1 12 10 1 1 12 10 12 10 1 1 1 12 10 1 1 1 12 10 1 12 10 1 1 1 12 10 1 1 1 1 12 10 12 10 1 1 1 100 10 1 100 1 12 11 4 11 1 1 12 10 1 100 1 12 10 1 12 11 1 1 12 10 1 1 1 100 1 100 1 12 10 1 12 10 1 100 1 8 1 12 10 10 1 100 1 1 12 10 1 100 6 0 1 1 12 10 1 100 1 1 12 11 1 12 10 1 1 1 12 10 1 1 1 1 1 1 1 1 1
staticfield java/util/Properties UNSAFE Ljdk/internal/misc/Unsafe; jdk/internal/misc/Unsafe
instanceKlass java/util/Hashtable
ciInstanceKlass java/util/Dictionary 1 1 28 1 100 1 1 7 1 1 12 10 1 1 1 1 1 1 1 1 1 1 1 1 1 1 1 1 1 1
instanceKlass java/util/Properties
ciInstanceKlass java/util/Hashtable 1 1 436 1 7 1 1 7 1 100 1 100 1 100 1 7 1 7 1 100 1 100 1 100 1 100 1 1 100 1 1 1 1 1 100 1 100 1 1 1 1 1 1 1 1 1 1 1 1 1 5 0 1 3 1 1 1 1 1 1 1 1 1 3 1 3 1 3 1 1 1 12 10 12 9 1 100 1 100 10 1 8 1 1 12 10 1 12 10 1 1 12 10 1 12 10 1 7 1 1 12 10 1 8 1 12 10 12 9 12 9 4 1 7 1 1 12 10 12 9 1 4 12 10 1 1 1 1 12 11 1 1 12 10 1 12 10 1 12 9 1 1 1 1 1 1 1 12 10 1 1 1 1 1 100 10 100 1 1 12 9 1 7 1 12 10 1 1 12 9 1 12 10 1 1 12 10 3 1 12 9 1 12 9 1 1 1 1 1 1 1 12 10 1 12 10 1 1 1 12 10 1 1 12 11 1 100 1 1 12 11 1 100 1 12 11 1 12 11 1 12 11 1 12 11 12 10 1 1 1 1 12 10 12 10 12 9 12 9 12 9 1 1 100 10 1 100 1 12 10 10 1 8 10 1 12 10 1 8 10 1 100 1 8 1 1 7 1 12 10 1 12 10 1 1 1 1 12 10 1 1 12 10 1 1 12 10 1 10 1 1 10 1 1 12 10 1 100 12 11 12 11 10 1 1 10 1 1 1 1 100 1 12 10 1 100 1 1 12 11 1 100 10 1 1 1 1 100 1 12 11 1 1 1 1 1 1 1 1 1 100 12 11 1 1 1 1 12 10 1 1 1 1 1 1 100 1 12 10 1 100 1 12 10 1 12 10 1 100 1 12 10 1 1 1 1 1 100 1 12 10 1 1 12 10 8 1 12 10 1 100 1 8 10 4 12 10 4 1 12 10 1 8 12 10 1 100 1 1 12 10 1 100 1 100 1 1 12 11 1 1 12 10 12 10 1 1 12 10 1 10 1 1 1 1 1 1 1
instanceKlass java/io/SequenceInputStream
instanceKlass com/twelvemonkeys/imageio/util/IIOInputStreamAdapter
instanceKlass java/util/jar/JarVerifier$VerifierStream
instanceKlass com/thaiopensource/validate/auto/RewindableInputStream
instanceKlass org/apache/xerces/impl/XMLEntityManager$RewindableInputStream
instanceKlass java/util/zip/ZipFile$ZipFileInputStream
instanceKlass java/io/FilterInputStream
instanceKlass java/io/FileInputStream
instanceKlass java/io/ByteArrayInputStream
ciInstanceKlass java/io/InputStream 1 1 150 1 7 1 7 1 100 1 100 1 1 3 1 3 1 3 1 1 12 10 1 1 10 1 1 1 100 1 1 12 10 1 7 1 1 12 10 12 10 1 1 3 1 1 12 10 1 100 1 8 1 12 10 1 7 1 7 1 7 1 1 12 10 1 100 1 8 10 1 7 1 1 12 10 1 7 10 1 1 12 11 1 1 12 10 1 1 12 11 1 7 1 1 12 11 1 1 12 11 1 7 1 1 12 10 1 1 5 0 1 12 10 1 1 12 10 1 100 10 1 8 10 1 1 1 1 1 1 8 1 1 1 1 8 1 1 12 10 1 100 1 1 12 10 1 1 1 1 1 1
ciInstanceKlass java/io/ByteArrayInputStream 1 1 96 1 7 1 7 1 1 3 1 1 1 1 1 1 1 1 1 1 12 10 12 9 12 9 12 9 12 9 1 1 100 1 1 12 10 1 1 1 1 7 1 1 12 10 1 7 1 1 12 10 1 1 1 100 1 1 12 10 1 12 10 1 1 1 100 1 100 10 1 100 1 12 10 12 9 1 100 10 1 1 1 1 1 1 1 1 1 1 7 1 12 10 1 1 1 1
staticfield java/io/ByteArrayInputStream $assertionsDisabled Z 1
instanceKlass java/util/logging/LogManager$Cleaner
instanceKlass jdk/internal/misc/InnocuousThread
instanceKlass java/lang/ref/Finalizer$FinalizerThread
instanceKlass java/lang/ref/Reference$ReferenceHandler
ciInstanceKlass java/lang/Thread 1 1 559 1 7 1 7 1 7 1 100 1 100 1 100 1 100 1 100 1 100 1 100 1 1 1 1 1 1 1 1 1 1 1 1 1 1 1 1 1 1 1 1 1 1 1 1 1 1 1 1 1 1 1 1 1 1 1 1 1 3 1 3 1 3 1 1 1 1 1 1 1 1 1 1 1 1 1 1 1 12 9 1 1 12 9 1 1 1 1 12 10 12 9 12 9 1 100 1 100 1 1 1 1 1 100 1 1 100 1 8 1 1 12 10 3 1 8 5 0 12 10 1 1 12 10 12 9 12 9 12 9 12 9 1 100 1 8 10 1 7 1 100 1 100 12 9 1 7 1 1 12 10 1 100 1 1 12 10 10 1 12 10 1 1 12 10 1 1 12 10 1 100 1 1 12 9 1 1 12 10 1 12 10 12 9 1 1 12 10 1 12 10 12 9 1 1 12 10 12 9 1 7 1 1 12 10 12 9 12 9 1 1 12 10 1 1 12 10 12 9 12 10 12 9 1 1 1 100 10 1 100 10 1 8 1 1 12 10 12 10 1 12 10 1 1 12 10 1 12 10 1 1 12 10 1 1 1 1 1 1 12 9 1 100 10 1 1 12 10 1 12 10 1 12 10 1 12 11 1 1 100 1 1 12 9 1 12 10 1 12 10 12 10 12 9 1 1 1 1 10 1 12 9 1 12 10 1 100 10 1 1 12 10 1 12 9 1 12 10 12 11 1 12 10 1 1 12 9 1 1 1 12 10 1 12 10 10 1 12 10 1 12 10 1 1 12 10 1 1 12 10 1 1 12 10 1 1 100 10 1 12 10 1 12 10 1 12 10 1 100 1 1 12 9 1 1 12 10 12 10 1 1 100 1 8 10 1 12 10 1 1 1 12 10 1 8 12 10 1 8 10 1 8 1 8 1 1 100 1 12 10 1 100 1 1 12 10 1 1 1 100 8 10 1 1 1 1 1 12 9 12 9 1 1 12 10 1 100 100 10 12 10 1 1 1 1 12 9 1 1 12 10 1 100 12 10 1 100 1 100 1 1 12 11 1 1 1 12 9 1 1 12 9 1 1 12 10 1 12 10 1 100 1 1 12 11 1 100 1 12 10 1 1 12 10 1 12 11 1 12 10 1 12 10 1 1 12 10 1 1 1 1 100 1 1 12 10 1 1 8 12 9 1 1 1 1 1 1 12 10 1 1 12 11 1 1 100 1 1 12 10 1 12 11 1 100 1 12 10 1 7 1 1 1 1 1 1 1 1 1
staticfield java/lang/Thread EMPTY_STACK_TRACE [Ljava/lang/StackTraceElement; 0 [Ljava/lang/StackTraceElement;
ciMethod java/lang/System arraycopy (Ljava/lang/Object;ILjava/lang/Object;II)V 256 0 128 0 -1
instanceKlass java/lang/Exception
instanceKlass java/lang/Error
ciInstanceKlass java/lang/Throwable 1 1 353 1 7 1 7 1 100 1 100 1 100 1 100 1 100 1 1 1 1 1 1 5 0 1 1 1 1 1 1 1 1 1 1 1 1 1 1 1 1 1 8 1 1 8 1 1 8 1 1 8 1 1 1 1 1 1 12 10 12 9 12 9 12 9 12 9 12 9 1 1 12 10 1 12 9 1 1 1 1 12 10 1 100 1 1 1 12 10 1 1 1 1 100 1 100 10 1 8 1 1 12 10 1 8 1 100 1 12 10 10 12 10 1 100 1 8 10 1 1 1 12 10 1 7 1 12 10 12 10 1 8 1 1 100 1 1 12 9 1 12 10 12 10 1 12 10 1 100 10 1 7 1 1 12 10 1 100 1 1 12 11 1 1 12 10 1 1 12 10 1 1 12 10 100 1 8 1 12 10 1 1 12 10 100 1 8 1 1 12 10 12 10 1 8 1 12 9 1 100 1 12 10 1 100 10 1 12 11 1 8 1 8 1 7 1 12 10 1 8 1 12 10 1 8 1 12 10 12 9 1 12 10 1 1 12 10 12 9 1 1 12 10 1 1 1 100 1 8 12 10 1 1 1 100 1 100 1 100 1 12 10 1 1 12 10 1 100 1 100 1 1 12 10 1 12 10 1 100 1 1 12 11 1 100 1 1 12 11 1 12 11 1 1 12 10 10 10 1 1 12 9 1 8 1 1 1 12 10 10 1 100 1 8 10 1 1 12 11 1 8 1 1 1 12 9 1 100 1 12 10 1 11 12 9 1 1 12 11 1 1 12 10 1 1 12 10 1 1 1 1 1 1 1
staticfield java/lang/Throwable UNASSIGNED_STACK [Ljava/lang/StackTraceElement; 0 [Ljava/lang/StackTraceElement;
staticfield java/lang/Throwable SUPPRESSED_SENTINEL Ljava/util/List; java/util/Collections$EmptyList
staticfield java/lang/Throwable EMPTY_THROWABLE_ARRAY [Ljava/lang/Throwable; 0 [Ljava/lang/Throwable;
staticfield java/lang/Throwable $assertionsDisabled Z 1
instanceKlass org/idpf/epubcheck/util/css/CssExceptions$CssException
instanceKlass com/adobe/epubcheck/util/InvalidDateException
instanceKlass com/thaiopensource/validate/nvdl/Path$ParseException
instanceKlass com/thaiopensource/validate/schematron/SchemaReaderImpl$UserException
instanceKlass java/lang/InterruptedException
instanceKlass com/thaiopensource/validate/schematron/ISOSchemaReaderImpl$UserException
instanceKlass net/sf/saxon/om/QNameException
instanceKlass java/security/GeneralSecurityException
instanceKlass javax/xml/stream/XMLStreamException
instanceKlass net/sf/saxon/s9api/SaxonApiException
instanceKlass com/thaiopensource/validate/OptionArgumentException
instanceKlass javax/xml/transform/TransformerException
instanceKlass com/thaiopensource/datatype/xsd/regex/RegexSyntaxException
instanceKlass com/thaiopensource/relaxng/parse/compact/EOFException
instanceKlass com/thaiopensource/relaxng/parse/compact/ParseException
instanceKlass com/thaiopensource/relaxng/parse/IllegalSchemaException
instanceKlass org/relaxng/datatype/DatatypeException
instanceKlass com/thaiopensource/relaxng/pattern/RestrictionViolationException
instanceKlass com/thaiopensource/validate/IncorrectSchemaException
instanceKlass com/thaiopensource/resolver/ResolverException
instanceKlass org/apache/xerces/impl/dv/DatatypeException
instanceKlass javax/xml/parsers/ParserConfigurationException
instanceKlass org/xml/sax/SAXException
instanceKlass java/lang/CloneNotSupportedException
instanceKlass com/google/common/collect/RegularImmutableMap$BucketOverflowException
instanceKlass java/text/ParseException
instanceKlass java/net/URISyntaxException
instanceKlass java/security/PrivilegedActionException
instanceKlass com/adobe/epubcheck/util/InvalidVersionException
instanceKlass io/mola/galimatias/GalimatiasParseException
instanceKlass java/io/IOException
instanceKlass java/lang/ReflectiveOperationException
instanceKlass java/lang/RuntimeException
ciInstanceKlass java/lang/Exception 1 1 27 1 100 1 7 1 1 5 0 1 1 12 10 1 12 10 1 12 10 1 12 10 1 12 10 1 1
instanceKlass java/lang/reflect/InvocationTargetException
instanceKlass java/lang/IllegalAccessException
instanceKlass java/lang/InstantiationException
instanceKlass java/lang/NoSuchFieldException
instanceKlass java/lang/NoSuchMethodException
instanceKlass java/lang/ClassNotFoundException
ciInstanceKlass java/lang/ReflectiveOperationException 1 1 24 1 100 1 7 1 1 5 0 1 1 12 10 1 12 10 1 12 10 1 12 10 1 1
instanceKlass javax/xml/transform/TransformerFactoryConfigurationError
instanceKlass com/thaiopensource/relaxng/parse/compact/TokenMgrError
instanceKlass com/thaiopensource/relaxng/parse/compact/CompactSyntax$LookaheadSuccess
instanceKlass org/apache/xerces/impl/dv/ObjectFactory$ConfigurationError
instanceKlass org/apache/xerces/parsers/ObjectFactory$ConfigurationError
instanceKlass java/util/ServiceConfigurationError
instanceKlass java/lang/AssertionError
instanceKlass java/lang/VirtualMachineError
instanceKlass java/lang/LinkageError
instanceKlass java/lang/ThreadDeath
ciInstanceKlass java/lang/Error 1 1 27 1 100 1 7 1 1 5 0 1 1 12 10 1 12 10 1 12 10 1 12 10 1 12 10 1 1
ciInstanceKlass java/lang/ThreadDeath 0 0 15 1 100 1 100 1 1 5 0 1 1 12 10 1 1
ciMethod java/lang/Throwable getMessage ()Ljava/lang/String; 386 0 193 0 -1
ciInstanceKlass java/lang/ClassNotFoundException 1 1 80 1 7 1 7 1 100 1 100 1 1 100 1 100 1 1 1 5 0 1 1 1 1 1 7 1 12 10 1 1 12 10 1 1 1 12 10 1 1 1 100 1 1 12 10 1 8 1 1 12 10 1 12 10 1 1 1 1 12 10 1 1 12 10 1 12 10 1 1 7 1 12 10 12 9 1 1 1 1 1
staticfield java/lang/ClassNotFoundException serialPersistentFields [Ljava/io/ObjectStreamField; 1 [Ljava/io/ObjectStreamField;
instanceKlass java/lang/IncompatibleClassChangeError
instanceKlass java/lang/BootstrapMethodError
instanceKlass java/lang/NoClassDefFoundError
ciInstanceKlass java/lang/LinkageError 1 1 21 1 100 1 7 1 1 5 0 1 1 12 10 1 12 10 1 12 10 1 1
instanceKlass jdk/internal/misc/ThreadTracker$ThreadRef
instanceKlass sun/security/pkcs/SignerInfo$AlgorithmInfo
ciInstanceKlass java/lang/Record 1 1 16 1 100 1 7 1 1 12 10 1 1 1 1 1 1 1
ciInstanceKlass java/lang/StringLatin1 1 1 288 1 7 1 100 1 100 1 100 1 1 1 1 1 1 12 10 1 1 1 100 1 12 10 1 1 1 1 1 1 1 1 1 1 1 1 1 12 10 1 1 7 1 1 12 10 1 12 10 1 1 1 1 1 7 1 1 12 10 1 1 1 1 1 1 12 10 1 7 1 1 12 10 1 12 10 1 12 10 10 1 12 10 1 7 1 1 12 10 10 1 1 100 1 7 1 1 12 9 1 1 12 10 1 7 1 1 12 10 1 12 10 1 1 12 10 1 1 12 10 1 12 10 1 1 1 1 7 1 1 12 10 1 12 10 1 1 12 10 1 1 100 12 9 1 100 10 1 100 1 100 1 1 12 10 1 7 1 1 12 10 1 12 10 1 12 10 1 100 1 8 1 12 10 1 8 1 1 12 10 1 1 1 100 10 10 1 7 1 1 12 10 1 8 1 8 1 8 1 1 12 10 1 100 1 12 10 1 12 10 1 1 12 10 1 12 10 1 100 1 1 12 10 1 12 10 12 10 12 10 1 12 10 12 10 1 1 10 1 1 12 10 1 1 12 10 12 10 1 1 1 1 1 1 1 12 10 1 100 1 1 12 10 1 1 1 1 12 10 1 1 1 12 10 10 1 1 7 1 1 12 10 1 1 1 1 1 1
staticfield java/lang/StringLatin1 $assertionsDisabled Z 1
ciInstanceKlass java/lang/Math 1 1 330 1 7 1 100 1 100 1 1 1 6 0 1 6 0 1 6 0 1 6 0 1 1 1 1 1 1 1 1 1 12 10 1 1 1 1 7 12 10 1 12 10 1 12 10 1 12 10 1 12 10 1 12 10 1 1 1 12 10 1 12 10 1 12 10 1 12 10 1 12 10 1 1 12 10 1 12 10 1 12 10 1 12 10 1 12 10 1 12 10 1 1 1 7 1 12 10 3 3 3 1 1 7 1 12 10 5 0 5 0 5 0 5 0 5 0 1 1 1 1 12 9 1 100 1 12 10 1 1 1 100 1 8 1 12 10 1 1 8 1 1 1 12 10 1 1 12 10 5 0 5 0 1 1 3 5 0 1 3 1 1 1 1 1 1 5 0 1 12 10 1 1 12 10 1 1 8 12 10 1 8 1 1 1 12 9 12 9 1 1 1 1 1 12 10 6 0 1 12 10 12 9 1 100 10 1 12 10 1 100 1 12 10 1 1 12 10 1 12 10 1 12 10 1 1 12 10 1 1 12 10 12 10 1 1 1 12 10 12 10 6 0 1 1 12 10 1 1 12 10 12 10 12 10 4 1 1 12 10 1 12 10 1 1 12 10 12 10 12 10 1 12 10 1 12 10 1 12 10 1 12 10 1 12 10 1 12 10 5 0 1 6 0 1 4 1 6 0 4 1 6 0 4 1 1 12 10 12 9 12 10 12 9 1 1 1 7 1 1 12 10 4 6 0 1 1 1 1 1 1
staticfield java/lang/Math negativeZeroFloatBits J -2147483648
staticfield java/lang/Math negativeZeroDoubleBits J -9223372036854775808
staticfield java/lang/Math $assertionsDisabled Z 1
ciInstanceKlass java/util/Arrays 1 1 887 1 7 1 7 1 100 1 7 1 7 1 100 1 1 100 1 100 1 1 100 1 1 1 100 1 100 1 1 100 1 1 100 1 1 100 1 1 1 100 1 100 1 1 100 1 1 100 1 1 1 100 1 100 1 1 1 3 1 3 1 1 1 1 12 10 1 1 1 7 1 12 10 1 1 1 12 10 1 1 12 10 1 1 1 12 10 1 1 12 10 1 1 12 10 1 1 12 10 1 1 1 12 10 1 1 1 100 1 1 12 10 1 100 1 7 10 1 8 1 1 12 10 1 12 10 1 8 1 8 1 1 12 10 1 12 10 1 100 1 12 10 1 1 1 1 12 9 1 7 1 12 10 1 1 12 10 1 7 1 12 10 1 7 1 1 12 10 1 100 1 12 10 1 1 12 10 1 1 1 1 1 7 1 100 1 1 1 1 12 9 1 12 10 1 100 1 12 10 1 12 10 1 1 12 10 1 12 10 1 1 12 10 1 7 1 1 12 11 1 12 10 1 7 1 1 12 10 12 10 12 10 1 12 10 12 10 12 10 1 1 12 11 1 1 1 1 7 1 1 12 10 1 12 10 10 1 1 1 1 12 10 10 1 1 1 12 10 10 1 1 1 12 10 10 1 1 1 1 1 12 10 1 1 12 10 1 1 12 10 1 1 12 10 1 1 12 10 1 1 12 10 1 100 1 1 12 10 1 100 1 1 12 10 1 100 1 1 12 10 1 100 1 1 12 10 1 1 1 12 10 1 1 1 1 7 1 1 12 10 1 1 12 10 1 1 12 10 1 1 12 10 1 1 12 10 1 1 12 10 1 1 1 12 10 1 1 12 10 1 1 12 10 1 1 12 10 1 1 12 10 1 1 12 10 1 1 12 10 1 1 12 10 1 1 12 10 1 1 12 10 1 1 12 10 1 1 1 1 1 1 1 1 1 1 1 1 1 1 1 1 1 1 1 1 1 1 1 1 1 1 1 12 10 1 1 7 1 1 12 10 1 1 1 1 1 1 1 1 1 1 12 10 1 1 8 1 1 1 1 1 1 1 1 1 1 1 1 12 10 1 1 1 100 1 1 100 1 1 100 1 1 100 1 1 100 1 1 100 1 1 1 12 10 1 12 10 1 1 12 10 1 1 100 1 1 12 9 12 10 1 100 9 12 10 1 100 9 12 10 1 100 9 12 10 1 100 9 12 10 1 100 9 12 10 9 12 10 12 10 1 1 12 10 12 9 1 100 10 12 10 12 10 12 10 12 10 12 10 12 10 12 10 12 10 12 10 1 12 10 1 1 8 1 8 1 12 10 1 12 10 1 8 1 1 1 1 1 1 12 10 1 1 12 10 1 1 12 10 1 1 100 1 1 12 10 1 3 10 1 7 10 1 12 10 1 1 100 1 12 11 1 1 12 10 12 10 12 10 12 10 12 10 12 10 12 10 12 10 12 10 1 12 11 1 8 10 1 12 11 1 1 1 1 100 1 1 12 11 1 1 100 1 1 12 11 1 1 12 11 16 1 1 12 10 15 1 100 1 1 12 10 15 1 1 12 18 1 1 12 11 1 1 100 1 1 12 11 1 1 12 10 15 1 12 18 1 1 100 1 1 12 11 1 1 12 10 15 1 12 18 1 1 100 1 1 12 11 1 1 12 10 15 1 12 18 1 1 1 1 100 1 12 10 1 1 1 12 10 1 1 12 10 1 1 12 10 1 1 12 10 1 1 12 10 1 1 12 10 1 1 12 10 1 1 1 1 12 10 1 12 10 1 100 1 12 10 1 1 12 10 12 10 1 1 12 10 1 1 12 10 12 10 1 1 12 10 1 1 12 10 12 10 1 1 12 10 1 1 12 10 1 1 1 12 10 1 1 12 10 1 1 12 10 1 12 10 1 1 12 10 1 1 12 10 1 12 10 1 1 12 10 1 12 10 1 1 12 10 1 1 1 12 10 1 1 1 1 1 1 1 1 1 1 1 1 1 12 10 1 1 1 1 1 1 1 1
staticfield java/util/Arrays $assertionsDisabled Z 1
ciMethod java/lang/StringLatin1 equals ([B[B)Z 970 588 1784 0 -1
ciMethod java/lang/StringLatin1 inflate ([BI[BII)V 0 0 190 0 -1
ciMethod java/lang/StringLatin1 charAt ([BI)C 868 0 2043222 0 128
ciMethod java/lang/StringLatin1 newString ([BII)Ljava/lang/String; 270 0 6392 0 1152
ciMethod java/lang/StringLatin1 toLowerCase (Ljava/lang/String;[BLjava/util/Locale;)Ljava/lang/String; 246 6162 1390 0 -1
ciMethod java/lang/StringLatin1 canEncode (I)Z 644 0 49762 0 96
ciInstanceKlass java/lang/StringUTF16 1 1 468 1 7 1 100 1 100 1 100 1 100 1 1 1 1 1 1 1 3 1 1 1 1 12 10 1 1 1 100 10 1 100 1 100 10 1 8 1 1 12 10 1 12 10 1 8 1 1 12 10 1 12 10 1 1 1 12 9 1 1 12 10 1 100 1 8 1 12 10 12 9 12 9 1 1 1 1 10 1 1 12 10 12 10 1 7 1 1 12 10 1 12 10 1 1 12 10 1 12 10 1 1 1 12 10 1 1 1 12 10 12 10 1 1 1 1 12 10 1 1 12 10 1 100 12 10 1 1 12 10 1 1 12 10 1 12 10 1 1 1 12 10 1 12 10 1 100 1 100 1 12 10 10 1 1 12 10 1 12 10 1 1 1 1 1 1 1 1 1 1 12 10 1 12 10 1 100 1 1 12 10 1 1 100 1 12 10 12 10 1 1 1 12 10 1 12 10 1 1 12 10 1 1 12 10 1 12 10 1 12 10 1 1 12 10 1 1 3 1 1 12 10 1 12 10 1 12 10 1 1 12 10 1 7 1 12 10 1 12 10 1 1 12 10 1 1 1 12 9 1 12 10 12 10 1 12 10 1 1 100 12 10 12 10 10 1 100 12 10 12 10 10 1 100 1 1 12 10 1 7 1 1 12 10 1 12 10 1 12 10 1 8 1 8 1 1 1 1 12 10 1 1 100 10 1 100 1 1 12 10 1 100 1 12 10 1 8 1 8 1 8 1 1 12 10 1 1 12 10 12 10 1 12 10 1 100 1 12 10 1 1 12 10 1 12 10 1 100 1 12 10 12 10 12 10 1 12 10 12 10 1 1 1 12 10 1 1 12 10 1 12 10 1 12 10 12 10 1 1 1 1 1 1 1 12 10 1 100 1 1 12 10 1 1 1 1 1 12 10 1 1 12 10 1 1 100 1 12 11 1 1 1 1 1 12 10 1 1 12 10 1 1 1 1 1 1 1 1 1 12 10 1 1 1 1 1 1 12 9 1 12 9 5 0 5 0 1 12 10 12 10 12 10 1 1 7 1 12 10 12 10 1 1 1 1 1 1 1
staticfield java/lang/StringUTF16 HI_BYTE_SHIFT I 0
staticfield java/lang/StringUTF16 LO_BYTE_SHIFT I 8
staticfield java/lang/StringUTF16 $assertionsDisabled Z 1
ciMethod java/lang/StringUTF16 length ([B)I 2 0 5192 0 0
ciMethod java/lang/StringUTF16 compress ([BII)[B 86 0 43 0 -1
ciMethod java/lang/StringUTF16 checkIndex (I[B)V 0 0 4946 0 0
ciMethod java/lang/StringUTF16 getChar ([BI)C 834 0 13182 0 -1
ciMethod java/lang/StringUTF16 putChar ([BII)V 822 0 11263 0 -1
ciMethod java/lang/StringUTF16 newBytesFor (I)[B 0 0 48 0 0
ciMethod java/lang/StringUTF16 charAt ([BI)C 0 0 2082 0 0
ciMethod java/lang/StringUTF16 codePointAt ([BIIZ)I 0 0 3356 0 0
ciMethod java/lang/StringUTF16 codePointAt ([BII)I 0 0 3356 0 0
ciMethod java/lang/StringUTF16 newString ([BII)Ljava/lang/String; 0 0 43 0 0
ciMethod java/lang/StringUTF16 toLowerCase (Ljava/lang/String;[BLjava/util/Locale;)Ljava/lang/String; 0 0 1 0 -1
ciMethod java/lang/StringUTF16 putCharSB ([BII)V 0 0 2864 0 0
ciInstanceKlass java/lang/Boolean 1 1 136 1 7 1 1 7 1 100 1 100 1 100 1 1 1 1 1 1 1 1 1 1 1 5 0 1 1 1 1 1 1 3 1 12 10 12 9 1 1 1 12 10 12 10 1 8 1 7 1 12 10 1 1 1 1 1 12 9 12 9 1 1 1 1 8 1 1 1 1 12 10 1 1 12 10 1 1 100 1 100 1 7 1 1 12 10 1 100 1 1 1 1 12 10 1 1 1 1 1 1 1 1 100 1 12 9 12 9 1 100 1 100 1 1 12 10 1 12 10 1 1 8 1 7 1 1 12 10 12 9 1 1 1 1 1 1
staticfield java/lang/Boolean TRUE Ljava/lang/Boolean; java/lang/Boolean
staticfield java/lang/Boolean FALSE Ljava/lang/Boolean; java/lang/Boolean
staticfield java/lang/Boolean TYPE Ljava/lang/Class; java/lang/Class
instanceKlass java/util/concurrent/locks/AbstractQueuedSynchronizer
ciInstanceKlass java/util/concurrent/locks/AbstractOwnableSynchronizer 1 1 25 1 7 1 7 1 100 1 1 5 0 1 1 1 1 12 10 1 1 12 9 1 1 1 1
instanceKlass java/math/BigInteger
instanceKlass java/math/BigDecimal
instanceKlass java/util/concurrent/atomic/Striped64
instanceKlass java/util/concurrent/atomic/AtomicLong
instanceKlass java/util/concurrent/atomic/AtomicInteger
instanceKlass java/lang/Long
instanceKlass java/lang/Integer
instanceKlass java/lang/Short
instanceKlass java/lang/Byte
instanceKlass java/lang/Double
instanceKlass java/lang/Float
ciInstanceKlass java/lang/Number 1 1 31 1 100 1 7 1 100 1 1 5 0 1 1 12 10 1 1 1 1 1 1 1 1 1 1 12 10 1 1 1 1
instanceKlass java/lang/LiveStackFrameInfo
ciInstanceKlass java/lang/StackFrameInfo 0 0 123 1 100 1 100 1 100 1 100 1 1 1 1 1 1 1 1 1 1 1 1 1 1 12 10 12 9 9 12 9 1 100 1 1 12 11 12 9 1 1 1 1 1 12 11 1 1 12 10 1 100 1 12 10 1 12 10 1 1 12 11 1 1 1 12 11 1 1 12 11 1 1 1 1 12 10 12 9 1 1 1 12 10 1 100 12 10 1 12 10 1 1 12 11 1 12 10 12 9 1 1 12 10 1 100 1 100 1 8 1 12 10 1 1 100 1 1 12 10 1 1 1 1
ciInstanceKlass java/lang/LiveStackFrameInfo 0 0 85 1 100 1 100 1 100 1 100 1 100 1 1 1 100 1 1 1 1 1 3 1 3 1 1 1 1 1 1 12 10 12 9 12 9 12 9 12 9 12 9 1 1 1 1 1 1 1 100 12 10 1 12 10 1 8 1 1 12 10 1 8 1 8 1 8 10 1 1 1 12 10 1 1 12 10 1 1 1 100 1 1 1 1 1
ciInstanceKlass java/lang/Character 1 1 531 1 7 1 1 100 1 100 1 100 1 100 1 1 100 1 100 1 100 1 100 1 1 1 1 1 1 3 1 3 1 1 3 1 3 1 1 1 1 1 1 3 1 1 3 1 3 1 3 1 3 1 3 1 3 1 3 1 3 1 3 1 3 1 3 1 3 1 3 1 3 1 3 1 3 1 3 1 3 1 3 1 3 1 3 1 3 1 3 1 3 1 3 1 3 1 3 1 3 1 1 1 1 1 1 1 1 1 1 1 1 1 1 1 1 1 1 1 3 1 1 1 1 1 1 3 1 3 1 3 1 3 1 1 1 3 1 1 3 1 1 1 5 0 1 1 1 1 1 1 1 1 100 1 1 12 9 1 8 1 1 12 9 1 100 12 9 1 100 1 1 12 10 1 100 1 1 12 10 1 100 1 1 12 10 1 1 1 1 1 1 1 12 10 1 1 1 1 12 9 12 10 1 1 1 1 1 12 10 1 1 12 10 1 1 1 100 1 12 10 1 1 12 10 1 1 1 1 3 1 1 1 3 1 1 1 12 10 12 10 1 1 1 1 3 1 1 1 7 1 1 12 11 1 12 11 12 10 1 1 1 12 10 1 100 10 1 1 12 10 1 3 1 1 1 12 10 12 10 1 1 12 10 1 100 1 8 1 1 12 10 1 12 10 1 12 10 12 10 1 1 1 12 10 1 1 1 12 10 1 12 10 1 7 1 12 10 10 1 12 10 10 1 12 10 1 12 10 1 12 10 10 1 12 10 1 12 10 1 12 10 1 1 1 12 10 1 1 12 10 1 1 12 10 1 12 10 12 10 10 12 10 10 1 12 10 10 1 12 10 10 1 12 10 10 1 1 12 10 10 1 12 10 10 1 12 10 10 1 1 1 12 10 10 1 12 10 10 1 5 0 1 12 10 1 12 10 10 1 12 10 10 1 1 1 1 1 12 10 10 1 12 10 10 1 1 1 12 10 1 12 9 1 100 10 12 10 1 12 10 1 3 1 1 100 1 1 12 10 12 10 1 12 10 1 100 10 12 10 1 1 12 10 1 1 12 10 1 8 1 12 10 1 100 1 1 12 9 1 12 10 10 1 1 1 100 1 12 10 1 12 10 1 12 10 10 1 1 12 10 10 12 10 1 8 1 12 10 1 1 7 1 1 12 10 1 8 1 1 12 10 12 9 1 1 1 1 1 1 1 1
staticfield java/lang/Character TYPE Ljava/lang/Class; java/lang/Class
staticfield java/lang/Character $assertionsDisabled Z 1
ciMethod java/lang/Character isWhitespace (I)Z 480 0 18400 0 0
ciMethod java/lang/Character isWhitespace (C)Z 240 0 10408 0 0
ciMethod java/lang/Character toChars (I)[C 0 0 1 0 -1
ciMethod java/lang/Character isHighSurrogate (C)Z 592 0 18815 0 0
ciMethod java/lang/Character isLowSurrogate (C)Z 288 0 15666 0 0
ciMethod java/lang/Character toCodePoint (CC)I 2 0 201 0 0
ciMethod java/lang/Character toLowerCase (I)I 520 0 28345 0 -1
ciMethod java/lang/Character toUpperCase (C)C 858 0 3360 0 -1
ciMethod java/lang/Character isBmpCodePoint (I)Z 806 0 141911 0 0
ciMethod java/lang/Character charCount (I)I 644 0 820656 0 -1
ciMethod java/lang/Character digit (II)I 772 0 40229 0 0
ciMethod java/lang/Character digit (CI)I 772 0 40229 0 352
ciInstanceKlass java/lang/CharacterDataLatin1 1 1 111 1 7 1 7 1 1 1 1 1 1 1 1 1 1 1 12 9 1 12 9 1 1 1 1 12 10 1 1 1 1 12 10 1 1 1 1 1 12 10 1 3 3 1 3 1 12 10 1 1 12 9 1 1 1 1 3 1 3 1 1 1 12 9 100 1 1 12 10 1 10 12 9 3 3 3 3 3 3 3 3 3 3 3 3 3 3 3 3 3 3 3 3 3 3 3 3 3 3 3 3 3 3 3 3 3 3 3 1 1 1
staticfield java/lang/CharacterDataLatin1 DIGITS [B 256
staticfield java/lang/CharacterDataLatin1 instance Ljava/lang/CharacterDataLatin1; java/lang/CharacterDataLatin1
staticfield java/lang/CharacterDataLatin1 A [I 256
staticfield java/lang/CharacterDataLatin1 B [B 256
instanceKlass java/lang/CharacterData00
instanceKlass java/lang/CharacterDataLatin1
ciInstanceKlass java/lang/CharacterData 1 1 73 1 100 1 7 1 1 12 10 1 1 1 1 1 1 1 1 1 1 1 1 1 1 1 1 1 1 1 1 1 1 1 12 10 1 1 1 1 1 1 1 7 1 1 12 9 1 7 1 12 9 1 100 1 12 9 1 100 9 1 100 9 1 100 9 1 100 9 1 100 9 1 1
ciInstanceKlass java/lang/CharacterData00 1 1 222 1 7 1 7 1 1 1 1 1 1 1 1 1 1 1 1 8 1 1 1 1 1 12 9 12 9 12 9 1 12 9 1 12 10 1 1 12 10 1 1 1 1 1 1 12 10 1 3 3 3 3 3 3 3 3 3 3 3 3 3 3 3 3 3 3 3 3 3 3 3 3 3 3 3 3 3 3 3 3 3 3 3 3 3 3 3 3 3 3 3 3 3 3 3 3 3 3 3 3 3 3 3 3 3 3 3 3 3 3 3 3 3 3 3 3 3 3 3 3 3 3 3 3 3 3 3 3 3 3 3 1 3 3 3 3 3 3 3 3 3 3 3 3 3 3 3 1 3 12 10 1 1 1 3 3 1 1 1 1 1 1 3 1 3 1 1 1 1 12 10 12 9 7 1 1 12 10 1 1 7 1 1 12 10 12 9 10 12 9 1 8 1 7 1 1 12 10 1 8 1 8 1 7 3 3 3 3 3 3 3 3 3 3 3 3 1 100 10 1 1 1
staticfield java/lang/CharacterData00 instance Ljava/lang/CharacterData00; java/lang/CharacterData00
staticfield java/lang/CharacterData00 charMap [[[C 103 [[[C
staticfield java/lang/CharacterData00 X [C 2048
staticfield java/lang/CharacterData00 Y [C 5856
staticfield java/lang/CharacterData00 A [I 972
staticfield java/lang/CharacterData00 B [C 972
staticfield java/lang/CharacterData00 $assertionsDisabled Z 1
ciMethod java/lang/CharacterData isWhitespace (I)Z 0 0 1 0 -1
ciMethod java/lang/CharacterData toLowerCase (I)I 0 0 1 0 -1
ciMethod java/lang/CharacterData digit (II)I 0 0 1 0 -1
ciMethod java/lang/CharacterData of (I)Ljava/lang/CharacterData; 522 0 35087 0 128
ciMethod java/lang/CharacterDataLatin1 isWhitespace (I)Z 1024 0 17194 0 128
ciMethod java/lang/CharacterDataLatin1 getProperties (I)I 564 0 55723 0 96
ciMethod java/lang/CharacterDataLatin1 digit (II)I 778 0 5510 0 192
ciInstanceKlass java/lang/Float 1 1 199 1 7 1 1 7 1 100 1 100 1 100 1 1 100 1 100 1 1 1 4 1 4 1 4 1 4 1 4 1 4 1 1 3 1 3 1 3 1 3 1 1 1 1 1 1 5 0 1 1 1 7 1 12 10 1 1 100 1 1 12 10 1 1 12 10 1 100 1 12 10 1 8 1 8 1 100 1 1 12 10 1 1 1 100 1 1 12 10 1 1 12 10 1 1 10 1 1 1 1 1 1 1 1 3 1 12 10 12 9 1 1 1 12 10 12 10 1 12 10 1 1 1 1 1 1 1 1 1 1 1 1 1 1 12 10 1 12 10 1 1 1 12 10 3 1 1 1 1 1 1 12 10 1 1 1 12 10 1 12 10 1 1 1 1 100 1 1 12 10 1 1 1 12 10 1 1 100 12 10 1 1 8 1 7 1 1 12 10 12 9 1 1 1 1 1 1 1 1
staticfield java/lang/Float TYPE Ljava/lang/Class; java/lang/Class
ciInstanceKlass java/lang/Double 1 1 253 1 7 1 1 7 1 100 1 100 1 100 1 1 100 1 100 1 1 1 6 0 1 6 0 1 6 0 1 6 0 1 6 0 1 6 0 1 1 3 1 3 1 3 1 3 1 1 1 1 1 1 5 0 1 1 1 7 1 12 10 1 1 1 12 10 12 10 1 100 1 1 12 10 1 100 1 1 12 10 6 0 1 8 1 1 12 10 1 8 1 1 12 10 1 8 1 1 12 10 5 0 5 0 1 8 1 8 1 100 1 100 1 12 10 1 1 12 10 1 8 1 1 12 10 1 8 1 8 1 8 1 1 12 10 1 12 10 1 1 12 10 1 12 10 1 12 10 1 1 1 100 1 1 12 10 1 12 10 1 1 10 1 1 1 1 1 1 3 1 12 10 12 9 1 1 12 10 12 10 1 1 1 1 1 1 1 1 1 1 1 1 1 12 10 1 12 10 5 0 1 1 1 1 1 1 12 10 1 1 12 10 1 12 10 1 1 1 1 100 1 1 12 10 1 1 1 12 10 1 1 100 12 10 1 1 8 1 7 1 1 12 10 12 9 1 1 1 1 1 1 1 1
staticfield java/lang/Double TYPE Ljava/lang/Class; java/lang/Class
ciInstanceKlass java/lang/Byte 1 1 197 1 7 1 1 7 1 100 1 100 1 1 7 1 1 1 3 1 3 1 1 1 1 1 1 3 1 3 1 1 5 0 1 1 1 100 1 12 10 1 1 1 1 100 1 1 12 9 1 8 1 1 12 9 1 100 1 1 12 10 1 1 12 10 1 100 1 1 12 10 1 100 1 1 12 10 1 1 1 1 12 9 1 1 1 100 1 1 12 10 1 100 1 1 12 10 1 8 1 1 12 10 1 8 1 12 10 1 12 10 1 12 10 1 12 10 1 12 10 1 12 10 1 1 12 10 10 1 8 1 8 1 1 1 1 1 10 12 9 1 1 1 1 1 1 1 1 1 1 1 12 10 1 1 12 10 1 1 12 10 1 1 1 1 12 10 1 1 12 10 1 1 5 0 1 12 10 1 1 8 1 7 1 1 12 10 12 9 1 1 1 1 1 1 1 1 1
staticfield java/lang/Byte TYPE Ljava/lang/Class; java/lang/Class
ciInstanceKlass java/lang/Short 1 1 204 1 7 1 1 100 1 100 1 100 1 1 100 1 1 1 3 1 3 1 1 1 1 1 1 3 1 3 1 1 5 0 1 1 1 100 1 12 10 1 1 1 100 1 1 12 10 1 100 1 1 12 10 1 8 1 1 12 10 1 8 1 12 10 1 12 10 1 12 10 1 12 10 1 1 1 12 10 1 12 10 1 1 1 1 100 1 1 12 9 1 8 1 1 12 9 1 100 1 1 12 10 1 12 10 1 100 1 1 12 10 1 100 1 1 12 10 1 1 1 12 9 1 12 10 1 1 12 10 10 1 8 1 8 1 1 1 1 3 10 12 9 1 1 1 1 1 1 1 1 1 1 1 12 10 1 1 12 10 1 1 12 10 1 1 1 1 12 10 1 1 12 10 1 1 3 3 1 1 5 0 1 12 10 1 1 8 1 7 1 1 12 10 12 9 1 1 1 1 1 1 1 1 1
staticfield java/lang/Short TYPE Ljava/lang/Class; java/lang/Class
ciInstanceKlass java/lang/Integer 1 1 390 1 7 1 1 7 1 100 1 100 1 100 1 1 7 1 1 100 1 100 1 1 1 3 1 3 1 1 1 1 1 1 1 1 1 1 1 1 3 1 3 1 1 5 0 1 1 1 12 10 1 7 1 1 12 9 100 12 9 1 100 1 1 12 10 1 12 10 1 100 1 1 12 10 10 1 1 1 12 10 1 100 1 12 10 1 1 12 10 1 1 1 1 12 10 1 7 1 1 12 10 1 1 12 10 1 1 12 10 1 12 10 1 1 12 10 1 1 12 10 10 1 12 10 12 9 12 9 1 1 1 100 1 8 1 12 10 1 100 1 12 10 1 8 1 1 12 10 1 12 10 1 8 1 12 10 1 8 1 1 12 10 3 1 1 12 10 1 1 12 10 1 7 1 1 12 10 1 1 7 1 1 12 10 1 7 11 1 100 10 11 1 1 12 10 1 8 1 12 10 1 1 8 1 100 1 1 12 10 1 1 12 10 5 0 1 8 12 10 1 12 10 12 10 1 1 1 12 10 1 1 12 9 1 1 12 9 1 12 10 1 1 1 1 3 10 12 9 1 1 1 1 1 1 1 1 1 1 1 1 12 10 1 1 12 10 1 1 12 10 1 100 1 100 1 7 1 1 12 10 1 100 1 12 10 1 1 12 10 1 8 1 8 1 1 12 10 1 8 1 8 1 8 1 8 1 8 1 8 1 12 10 12 10 1 1 1 12 10 1 5 0 1 1 1 1 3 1 1 3 3 3 1 1 1 1 12 10 1 3 1 1 12 10 1 1 1 1 100 1 1 12 10 1 1 1 12 10 1 1 100 12 10 1 1 8 1 7 1 1 12 10 12 9 3 3 3 3 3 12 9 1 1 1 1 1 1 1 1 1
staticfield java/lang/Integer TYPE Ljava/lang/Class; java/lang/Class
staticfield java/lang/Integer digits [C 36
staticfield java/lang/Integer DigitTens [B 100
staticfield java/lang/Integer DigitOnes [B 100
staticfield java/lang/Integer sizeTable [I 10
ciMethod java/lang/Integer parseInt (Ljava/lang/String;I)I 516 1520 8079 0 2208
ciMethod java/lang/Integer parseInt (Ljava/lang/String;)I 518 0 25476 0 0
ciInstanceKlass java/lang/Long 1 1 440 1 7 1 1 7 1 100 1 100 1 100 1 1 7 1 1 100 1 100 1 1 1 5 0 1 5 0 1 1 1 1 1 1 3 1 3 1 5 0 1 1 1 12 10 1 7 1 1 12 9 1 100 1 7 1 1 12 9 1 100 1 1 12 10 1 12 10 1 100 1 1 12 10 10 1 12 10 1 12 10 1 12 10 1 12 10 5 0 5 0 1 7 1 1 12 10 1 1 12 10 1 12 10 1 12 10 1 12 10 1 1 12 10 1 100 1 12 10 1 12 10 1 1 12 10 1 1 12 10 1 1 12 10 1 1 12 10 1 100 1 1 12 10 1 1 12 10 1 12 10 1 12 10 1 1 1 12 10 1 1 12 10 10 12 10 5 0 5 0 1 12 9 1 12 9 5 0 1 1 1 100 1 8 1 12 10 1 8 1 12 10 1 8 1 8 1 1 12 10 5 0 1 1 12 10 1 1 12 10 1 7 1 1 12 10 1 1 100 1 1 12 10 1 100 11 1 100 10 11 1 1 12 10 1 8 1 12 10 1 1 8 1 100 1 1 12 10 12 10 1 8 1 8 1 1 12 11 1 12 10 12 10 1 1 12 10 1 1 5 0 5 0 1 1 12 9 1 12 10 1 1 1 12 10 1 8 1 8 1 1 12 10 1 8 1 8 1 8 1 8 1 8 1 8 1 12 10 12 10 1 1 12 10 1 1 1 1 3 10 12 9 1 1 1 1 1 1 1 1 1 1 12 10 1 1 1 1 12 10 1 1 100 1 100 1 100 1 1 12 10 1 100 12 10 1 1 1 1 12 10 1 1 1 5 0 1 1 1 1 1 12 10 1 12 10 1 5 0 5 0 5 0 1 1 1 1 1 12 10 1 5 0 5 0 1 12 10 1 12 10 1 1 1 1 100 1 1 12 10 1 1 1 12 10 1 1 100 12 10 1 1 8 1 7 1 1 12 10 12 9 1 1 1 1 1 1 1 1 1
staticfield java/lang/Long TYPE Ljava/lang/Class; java/lang/Class
instanceKlass java/lang/ref/PhantomReference
instanceKlass java/lang/ref/FinalReference
instanceKlass java/lang/ref/WeakReference
instanceKlass java/lang/ref/SoftReference
ciInstanceKlass java/lang/ref/Reference 1 1 179 1 7 1 1 7 1 7 1 7 1 1 1 1 1 1 1 1 1 1 1 1 1 1 1 1 1 1 1 1 1 1 1 12 9 1 7 1 12 9 1 1 12 10 1 12 10 12 9 12 10 12 9 1 100 12 9 1 7 1 12 10 1 12 10 12 10 1 1 100 12 10 1 12 10 1 1 1 1 12 9 1 1 1 1 12 10 1 12 10 1 1 12 10 1 12 9 1 100 1 100 1 12 10 12 9 1 1 1 1 1 1 12 9 1 1 100 10 1 1 1 12 10 1 10 1 1 1 1 7 1 12 10 1 7 1 1 12 10 1 1 12 10 1 7 1 12 10 1 8 1 12 10 1 1 12 10 1 1 12 10 1 12 10 10 1 7 1 1 12 10 1 1 1 1 1 1 1 1
staticfield java/lang/ref/Reference processPendingLock Ljava/lang/Object; java/lang/Object
staticfield java/lang/ref/Reference $assertionsDisabled Z 1
instanceKlass sun/util/locale/provider/LocaleResources$ResourceReference
instanceKlass sun/util/resources/Bundles$BundleReference
instanceKlass sun/security/util/MemoryCache$SoftCacheEntry
instanceKlass java/lang/invoke/LambdaFormEditor$Transform
instanceKlass java/util/ResourceBundle$BundleReference
instanceKlass sun/util/locale/LocaleObjectCache$CacheEntry
ciInstanceKlass java/lang/ref/SoftReference 1 1 32 1 7 1 1 7 1 1 1 1 1 1 12 10 12 9 12 9 1 1 12 10 1 1 1 12 10 1 100 1 1 1
instanceKlass java/util/logging/LogManager$LoggerWeakRef
instanceKlass java/util/logging/Level$KnownLevel
instanceKlass java/lang/invoke/MethodType$ConcurrentWeakInternSet$WeakEntry
instanceKlass java/util/ResourceBundle$KeyElementReference
instanceKlass java/lang/ThreadLocal$ThreadLocalMap$Entry
instanceKlass java/util/WeakHashMap$Entry
ciInstanceKlass java/lang/ref/WeakReference 1 1 17 1 100 1 1 7 1 1 1 12 10 1 1 12 10 1 1
instanceKlass java/lang/ref/Finalizer
ciInstanceKlass java/lang/ref/FinalReference 1 1 33 1 7 1 1 7 1 1 1 12 10 1 1 1 1 12 10 1 1 1 12 10 1 1 1 100 1 8 1 12 10 1 1
ciInstanceKlass java/lang/ref/Finalizer 1 1 137 1 7 1 1 7 1 7 1 100 1 100 1 1 1 1 1 1 1 1 1 1 1 1 1 1 12 9 1 12 10 12 9 12 9 12 9 12 9 1 7 1 100 1 1 1 1 12 10 1 1 1 1 12 10 12 9 1 100 1 12 10 1 7 1 7 1 12 11 1 12 10 1 1 12 10 1 100 1 1 12 10 1 1 100 1 1 12 10 10 12 10 1 1 7 1 1 12 10 1 7 10 10 1 7 1 1 12 10 1 1 12 10 1 7 1 12 10 1 12 10 1 1 12 10 1 1 12 10 1 12 10 1 1 1 1 1
staticfield java/lang/ref/Finalizer lock Ljava/lang/Object; java/lang/Object
staticfield java/lang/ref/Finalizer $assertionsDisabled Z 1
instanceKlass jdk/internal/ref/PhantomCleanable
instanceKlass jdk/internal/ref/Cleaner
ciInstanceKlass java/lang/ref/PhantomReference 1 1 24 1 100 1 1 7 1 1 1 1 1 1 1 12 10 1 1 1 1 12 10 1 1 1
instanceKlass java/lang/reflect/Executable
instanceKlass java/lang/reflect/Field
ciInstanceKlass java/lang/reflect/AccessibleObject 1 1 356 1 7 1 7 1 7 1 100 1 1 7 1 7 1 1 1 1 1 1 1 1 1 1 1 1 7 1 1 12 10 1 100 1 1 12 9 1 100 1 12 10 1 1 1 12 10 1 7 1 1 12 10 1 100 1 1 12 10 1 7 1 1 12 10 1 1 12 10 1 12 9 1 1 1 100 1 1 12 10 1 12 11 1 100 1 12 10 1 1 1 1 1 7 1 100 1 12 10 1 1 12 10 1 100 1 12 10 1 1 12 10 1 100 1 1 12 10 1 100 1 100 10 10 1 7 1 1 12 10 1 1 12 10 1 12 10 1 12 10 1 1 12 10 1 12 10 1 8 1 100 10 1 1 12 10 1 8 1 12 10 1 12 10 1 8 1 8 1 8 1 8 1 8 1 8 1 100 1 12 10 1 12 10 1 1 12 9 1 1 12 10 1 1 12 10 1 10 1 1 1 1 1 11 1 100 1 100 1 8 10 1 12 10 1 1 12 10 1 8 1 12 10 1 8 1 1 12 10 1 10 1 1 1 1 100 1 8 10 1 1 12 11 1 1 1 1 1 1 12 10 1 12 10 1 12 10 1 12 9 1 12 10 1 1 7 1 12 10 1 1 1 1 100 1 1 12 10 10 1 12 10 12 10 1 12 10 1 1 12 10 1 12 10 1 1 12 10 1 12 10 12 9 1 100 1 12 10 1 8 1 100 1 1 12 10 1 8 1 1 12 10 12 9 1 1 1 100 10 1 1 7 10 1 7 1 1 12 10 10 1 7 1 1 12 10 12 9 1 1 1 1 1 1 1 1
staticfield java/lang/reflect/AccessibleObject reflectionFactory Ljdk/internal/reflect/ReflectionFactory; jdk/internal/reflect/ReflectionFactory
instanceKlass java/lang/reflect/Constructor
instanceKlass java/lang/reflect/Method
ciInstanceKlass java/lang/reflect/Executable 1 1 484 1 7 1 7 1 100 1 100 1 100 1 100 1 100 1 100 1 1 100 1 100 1 1 1 1 1 1 1 1 1 1 12 10 1 1 1 1 1 1 1 1 1 1 1 1 7 1 1 12 10 1 1 12 10 1 7 1 1 12 11 1 7 1 12 10 1 1 1 1 12 10 1 100 1 1 12 10 1 100 1 1 12 10 1 12 10 1 8 1 1 1 1 100 10 12 10 1 1 12 10 1 100 1 1 12 10 1 16 1 100 1 1 12 11 15 1 16 1 100 1 1 12 10 15 1 1 12 18 1 100 1 1 12 11 1 8 1 8 1 8 1 100 1 1 12 10 1 1 12 11 1 100 1 8 1 8 12 10 1 100 1 8 1 12 10 1 8 1 1 1 1 100 1 1 12 11 1 100 1 1 12 10 1 12 11 1 100 1 8 1 16 18 1 8 1 12 10 1 1 1 1 12 10 12 10 15 16 18 1 8 1 100 1 12 10 1 100 1 12 10 1 12 10 1 12 10 1 8 1 8 1 1 12 10 1 1 12 10 10 1 12 10 1 1 1 1 1 1 1 1 1 100 10 12 10 12 10 1 100 12 10 12 10 1 12 10 1 1 12 10 100 1 100 1 12 10 1 12 10 1 12 10 1 1 12 10 1 12 10 1 8 1 12 10 1 12 10 1 1 3 1 100 1 8 1 12 10 1 12 10 10 1 12 10 1 1 12 10 1 8 1 8 1 8 1 100 12 9 1 12 10 1 8 12 9 12 10 12 10 1 1 12 10 1 12 10 12 10 1 1 12 10 1 1 1 1 1 1 100 12 10 1 1 12 10 1 100 1 100 1 1 12 10 1 100 1 1 1 1 1 7 1 12 10 1 12 10 1 7 1 12 11 1 7 1 12 10 1 1 1 1 100 1 1 12 10 1 1 1 1 12 10 1 12 9 1 1 12 10 12 10 1 1 12 10 1 100 1 1 1 1 1 1 12 9 1 100 1 1 12 10 1 1 12 10 1 1 12 10 1 12 9 1 10 10 10 1 100 1 1 12 10 1 1 12 10 1 12 9 1 1 12 10 1 1 12 9 1 1 1 1 1 1
ciInstanceKlass java/lang/reflect/Constructor 1 1 399 1 7 1 1 7 1 100 1 100 1 1 1 1 1 1 1 1 1 1 1 1 1 1 1 1 1 1 1 1 1 1 1 1 1 1 100 1 1 12 10 1 100 1 12 10 1 1 12 9 1 1 12 10 12 10 1 100 1 12 10 1 1 1 12 9 1 1 1 1 12 10 12 9 12 9 12 9 12 9 12 9 12 9 12 9 12 9 1 1 100 1 8 1 12 10 12 10 12 9 1 1 1 1 7 1 12 10 1 7 1 1 12 10 1 1 12 10 1 1 12 10 1 1 12 10 1 7 1 100 1 8 10 1 1 1 1 1 1 1 12 10 12 10 1 1 1 1 1 12 10 12 10 1 100 1 1 12 9 1 1 1 1 1 7 1 1 12 10 1 1 1 12 10 1 1 12 10 1 1 1 1 12 10 1 1 100 12 10 1 1 100 1 12 10 1 1 12 10 1 1 1 12 10 1 100 1 1 12 10 1 1 8 10 1 12 10 1 100 1 8 1 12 10 12 10 1 1 12 10 1 12 10 12 10 1 1 1 12 10 1 12 10 1 1 1 1 100 1 100 1 100 1 1 1 12 9 1 100 1 1 12 10 1 1 1 12 10 12 10 1 8 1 1 12 10 1 7 12 11 1 12 10 1 12 10 1 12 10 1 1 12 9 1 7 1 1 12 10 1 1 12 10 1 1 1 1 1 1 12 10 1 1 12 10 1 1 1 1 12 10 1 1 1 1 12 10 1 100 1 12 9 1 12 10 1 12 10 1 12 10 1 100 1 8 10 1 1 1 1 12 10 1 1 12 10 10 1 1 12 10 1 12 10 1 100 1 1 12 10 1 100 1 1 12 11 1 1 12 10 1 1 12 9 1 100 1 1 12 10 1 12 10 1 1 1 1 1 1
ciInstanceKlass java/lang/reflect/Method 1 1 418 1 7 1 7 1 1 1 1 1 1 1 1 1 1 1 1 1 1 1 1 1 1 1 1 1 1 1 1 1 1 1 12 9 1 1 1 100 1 1 12 10 1 100 1 12 10 1 1 12 9 12 10 12 10 1 100 1 12 10 1 1 1 1 12 10 12 9 12 9 12 9 12 9 12 9 12 9 12 9 12 9 12 9 12 9 1 1 12 9 1 100 1 8 1 12 10 12 10 12 9 1 1 8 1 1 1 1 7 1 12 10 1 7 1 1 12 10 1 1 12 10 1 1 12 10 1 1 12 10 1 1 1 1 1 1 1 1 1 1 1 1 1 12 10 12 10 1 100 1 1 12 9 1 1 1 12 10 12 10 1 1 1 1 1 7 1 1 12 10 1 1 1 12 10 1 1 12 10 1 1 12 10 12 10 1 7 12 10 1 1 12 10 1 1 100 10 1 100 12 10 1 1 7 1 12 10 1 12 10 1 1 12 10 1 1 1 12 10 1 100 1 1 12 10 1 12 10 1 10 1 8 1 12 10 12 10 1 100 1 8 1 8 1 8 1 12 10 12 10 1 1 12 10 10 1 1 1 12 10 1 12 10 1 100 11 1 1 1 100 1 100 1 1 1 1 12 9 1 1 12 10 1 100 1 12 10 1 1 12 10 1 1 12 10 1 7 12 11 1 12 10 1 12 10 1 12 10 1 12 10 1 12 10 1 1 12 9 1 7 1 1 12 10 1 1 12 10 1 1 100 1 1 12 10 1 100 1 1 12 10 1 100 1 1 12 10 1 100 1 1 12 11 1 100 1 1 12 10 1 100 1 100 1 100 1 12 10 1 1 12 10 1 12 10 1 100 1 8 1 12 10 10 1 1 1 12 10 1 1 12 10 1 1 1 1 12 10 1 1 1 1 12 10 1 1 1 1 8 1 1 12 10 1 1 1 1 1
ciInstanceKlass java/lang/reflect/Field 1 1 398 1 7 1 7 1 100 1 100 1 100 1 1 1 1 1 1 1 1 1 1 1 1 1 1 1 1 1 1 1 1 1 1 1 1 1 1 1 12 9 1 1 1 1 12 10 1 100 1 1 12 10 1 100 1 12 10 1 1 12 9 12 10 12 10 1 100 1 12 10 1 1 1 1 12 10 12 9 12 9 12 9 12 9 12 9 12 9 12 9 1 1 12 9 1 100 1 8 1 12 10 12 10 12 9 12 9 1 1 1 1 12 10 1 7 1 12 10 1 1 12 10 1 1 12 10 1 1 12 10 1 1 1 1 1 1 12 10 1 1 100 1 12 10 1 1 1 12 10 12 10 12 10 1 1 12 10 1 1 100 10 1 100 12 10 1 1 100 10 1 8 1 12 10 1 1 12 10 1 8 12 10 1 12 10 1 8 1 1 8 1 10 1 100 11 1 1 1 100 1 1 12 9 1 1 12 10 1 1 12 10 1 100 12 11 1 12 11 1 1 12 11 1 1 12 11 1 1 12 11 1 1 12 11 1 1 12 11 1 1 12 11 1 1 12 11 1 1 12 11 1 1 12 11 1 1 12 11 1 1 12 11 1 1 12 11 1 1 12 11 1 1 12 11 1 1 12 11 1 1 12 11 1 1 12 10 1 100 1 12 10 1 12 10 1 1 12 10 12 10 1 1 12 9 1 100 1 1 12 10 1 1 12 10 1 1 1 1 1 1 100 1 12 10 1 12 10 1 100 11 1 12 10 1 100 1 1 1 1 100 1 1 12 10 1 1 1 100 1 1 12 10 1 12 9 1 100 1 1 12 10 1 100 1 1 12 11 1 1 12 10 1 100 1 1 1 1 12 10 1 1 12 9 1 100 1 1 12 10 1 12 10 1 1 1 1 1 1
ciInstanceKlass java/lang/reflect/Parameter 0 0 207 1 100 1 100 1 100 1 1 1 1 1 1 1 1 1 1 1 1 1 1 1 1 1 1 12 10 12 9 12 9 12 9 12 9 1 1 12 10 1 1 12 10 1 1 1 100 1 12 10 1 1 1 100 10 1 1 12 10 1 100 1 12 11 1 12 10 1 100 1 12 10 1 1 12 10 1 12 10 1 100 1 12 10 1 8 1 8 1 1 12 10 1 12 10 12 10 1 1 1 12 10 1 8 1 12 10 1 12 9 1 1 12 10 1 1 1 12 9 1 1 12 10 1 100 1 1 1 1 12 10 1 1 1 12 10 1 12 10 10 1 12 10 1 1 1 1 100 1 1 12 10 1 12 10 1 100 1 12 11 1 12 10 1 100 1 1 1 1 100 1 1 12 10 1 1 1 1 12 10 1 12 10 1 12 10 1 12 10 1 12 9 1 100 10 1 100 1 12 11 1 1 12 11 1 1 1
ciInstanceKlass java/lang/StringBuffer 1 1 417 1 7 1 1 7 1 100 1 100 1 100 1 100 1 100 1 1 100 1 100 1 1 1 1 1 5 0 1 1 1 1 1 1 12 10 1 12 10 1 12 10 1 1 1 12 10 1 1 1 1 12 9 1 12 10 1 12 10 1 12 10 1 12 9 12 10 1 1 12 10 1 1 12 10 1 12 10 1 1 12 10 1 12 10 1 1 12 10 1 1 12 10 1 1 1 100 1 1 12 10 1 12 10 1 1 1 12 10 1 1 12 10 1 1 12 10 1 1 12 10 1 1 12 10 1 1 12 10 1 1 12 10 1 1 12 10 1 1 12 10 1 12 10 1 1 12 10 1 1 12 10 1 1 12 10 1 1 1 12 10 1 12 10 1 1 1 12 10 1 1 1 12 10 1 1 10 1 1 1 12 10 1 1 12 10 1 1 1 12 10 1 1 12 10 1 1 12 10 1 1 12 10 1 1 12 10 12 10 1 1 12 10 1 1 12 10 1 1 12 10 1 1 12 10 1 12 10 1 12 10 10 1 1 1 12 10 1 1 1 1 12 10 1 1 12 9 1 7 1 1 12 10 1 7 10 10 1 1 1 100 1 1 12 10 10 1 12 10 1 7 10 8 1 1 12 10 8 1 12 10 1 8 1 12 10 1 12 10 1 1 1 100 1 1 12 10 1 1 12 10 12 10 1 100 1 8 10 1 1 12 10 1 1 12 10 1 1 12 10 1 12 10 12 10 12 10 12 10 12 10 12 10 12 10 12 10 12 10 12 10 12 10 12 10 1 12 10 12 10 12 10 12 10 12 10 12 10 12 10 12 10 12 10 12 10 12 10 12 10 12 10 12 10 12 10 12 10 12 10 12 10 12 10 1 12 10 1 1 1 1 12 10 1 1 7 1 12 10 1 7 1 1 12 9 1 7 9 12 9 1 1 1 1 1 1 1
staticfield java/lang/StringBuffer serialPersistentFields [Ljava/io/ObjectStreamField; 3 [Ljava/io/ObjectStreamField;
instanceKlass java/lang/StringBuilder
instanceKlass java/lang/StringBuffer
ciInstanceKlass java/lang/AbstractStringBuilder 1 1 485 1 7 1 7 1 100 1 7 1 100 1 7 1 1 100 1 7 1 1 100 1 100 1 100 1 1 100 1 100 1 1 1 1 1 1 1 1 1 3 1 1 12 10 12 9 12 9 1 1 7 1 1 12 9 12 9 1 1 12 10 1 1 1 12 10 3 3 1 12 10 100 1 1 12 10 1 11 1 100 1 100 10 1 8 1 12 10 1 12 10 1 1 12 10 12 10 1 12 10 1 12 10 1 1 12 9 1 1 12 10 1 12 10 10 1 12 10 1 12 10 1 1 1 12 10 1 1 12 10 1 7 1 1 12 10 1 7 1 1 12 10 1 100 1 8 10 1 1 12 10 1 1 1 100 12 10 1 1 12 10 10 1 1 1 1 12 10 1 12 10 1 1 1 12 10 1 1 1 12 10 1 1 1 100 10 1 12 10 1 1 7 1 12 10 1 1 1 1 12 10 1 12 10 1 12 10 10 1 1 1 1 12 10 12 10 1 12 10 1 1 1 12 10 1 1 12 10 1 1 12 10 1 1 12 10 10 1 1 12 10 1 12 10 1 1 12 10 1 8 1 1 12 10 1 12 10 1 1 12 10 1 1 1 12 10 1 1 1 7 1 12 10 1 12 10 1 12 10 1 1 7 1 12 10 1 12 10 1 12 10 1 1 100 1 1 12 10 1 1 12 10 1 1 1 12 10 1 1 12 10 12 10 1 1 12 10 12 10 1 1 1 1 1 1 12 10 1 1 1 1 12 10 10 1 7 1 1 12 10 1 1 1 12 10 1 12 10 1 1 12 10 1 1 1 12 10 1 12 10 1 12 10 1 1 12 10 1 12 10 1 1 12 10 1 1 12 10 1 1 12 10 1 1 1 12 10 1 12 10 1 12 10 12 10 1 1 12 10 1 1 1 16 1 1 12 10 15 16 1 100 1 1 12 10 15 1 1 12 18 1 100 1 1 12 10 1 1 12 10 15 18 1 1 1 1 1 12 10 1 12 10 1 1 12 10 12 11 1 12 10 1 12 10 1 100 10 12 10 10 1 8 1 8 1 8 10 10 1 1 100 1 1 1 12 10 10 10 1 1 1 1 1 1 1
staticfield java/lang/AbstractStringBuilder EMPTYVALUE [B 0
ciMethod java/lang/AbstractStringBuilder length ()I 256 0 128 0 0
ciMethod java/lang/AbstractStringBuilder append ([C)Ljava/lang/AbstractStringBuilder; 0 0 1 0 -1
ciMethod java/lang/AbstractStringBuilder append (Ljava/lang/String;)Ljava/lang/AbstractStringBuilder; 212 0 25000 0 1984
ciMethod java/lang/AbstractStringBuilder append (C)Ljava/lang/AbstractStringBuilder; 772 0 14392 0 1472
ciMethod java/lang/AbstractStringBuilder charAt (I)C 1024 0 5682 0 -1
ciMethod java/lang/AbstractStringBuilder setLength (I)V 10 0 6251 0 -1
ciMethod java/lang/AbstractStringBuilder setCharAt (IC)V 0 0 1 0 -1
ciMethod java/lang/AbstractStringBuilder appendCodePoint (I)Ljava/lang/AbstractStringBuilder; 806 0 141911 0 0
ciMethod java/lang/AbstractStringBuilder <init> (Ljava/lang/String;)V 246 0 3688 0 0
ciMethod java/lang/AbstractStringBuilder <init> (I)V 118 0 5203 0 544
ciMethod java/lang/AbstractStringBuilder inflate ()V 2322 0 1610 0 0
ciMethod java/lang/AbstractStringBuilder isLatin1 ()Z 254 0 275755 0 96
ciMethod java/lang/AbstractStringBuilder getCoder ()B 530 0 31857 0 64
ciMethod java/lang/AbstractStringBuilder ensureCapacityInternal (I)V 570 0 7250 0 1152
ciMethod java/lang/AbstractStringBuilder newCapacity (I)I 90 0 396 0 0
ciMethod java/lang/AbstractStringBuilder appendNull ()Ljava/lang/AbstractStringBuilder; 0 0 1 0 -1
ciMethod java/lang/AbstractStringBuilder putStringAt (ILjava/lang/String;II)V 528 0 23055 0 736
ciMethod java/lang/AbstractStringBuilder putStringAt (ILjava/lang/String;)V 528 0 23055 0 768
ciInstanceKlass java/lang/SecurityManager 0 0 521 1 100 1 100 1 1 1 1 3 1 100 1 100 1 100 1 100 1 1 100 1 1 100 1 100 1 1 1 1 1 1 1 1 1 1 1 1 1 1 1 1 1 1 12 10 12 9 1 100 1 1 12 10 1 100 1 8 1 12 10 1 1 12 10 1 100 1 1 1 1 1 1 100 1 1 12 10 10 1 1 100 10 1 100 10 1 1 100 1 1 12 9 1 1 1 100 1 1 12 10 1 12 10 1 100 1 12 10 1 1 1 100 1 8 10 12 9 1 12 9 1 1 8 1 12 9 1 1 1 100 10 1 8 1 1 12 10 1 12 10 1 1 12 10 1 1 100 10 1 1 12 10 1 100 1 8 1 12 10 1 8 1 1 8 1 8 1 1 1 8 1 8 1 8 1 12 10 1 1 8 1 8 1 1 8 1 1 1 8 1 8 1 100 1 1 12 10 1 1 12 10 1 8 1 100 1 8 10 1 8 1 8 1 1 1 8 1 8 1 1 8 1 1 1 100 1 12 10 1 8 1 1 1 1 100 1 8 1 8 10 1 1 1 8 1 1 1 12 10 1 100 1 8 10 1 1 12 10 100 1 12 10 1 12 10 1 12 10 1 1 1 100 1 1 12 10 1 12 10 1 100 1 12 10 1 100 1 1 12 11 1 16 1 100 1 1 12 10 15 1 16 1 100 1 1 12 10 15 1 1 12 18 1 100 1 1 12 11 1 16 1 1 12 10 15 1 16 1 1 12 18 1 1 12 11 1 12 10 15 16 18 1 100 11 15 1 16 18 1 12 11 1 16 1 12 10 15 16 1 12 18 1 1 12 11 1 12 9 12 9 12 9 12 9 1 1 100 1 12 10 1 12 10 1 12 10 1 1 12 10 15 16 1 12 18 1 12 10 15 1 16 18 1 100 1 12 10 1 12 11 15 1 12 18 1 12 10 1 1 12 10 15 16 18 10 15 1 16 18 1 1 8 1 12 10 12 9 1 100 1 12 11 1 8 1 12 10 1 1 12 10 12 10 12 9 1 12 10 1 1 12 10 1 1 8 10 12 9 1 8 1 12 10 1 1 8 1 1 100 10 1 12 10 10 1 100 1 1 12 9 1 1 12 11 1 12 10 1 12 11 1 12 10 1 100 10 1 1 12 10 12 10 1 1 1 1 1 1 1 1
instanceKlass org/idpf/epubcheck/util/css/CssTokenList$PrematureEOFException
instanceKlass java/lang/NegativeArraySizeException
instanceKlass java/util/IllformedLocaleException
instanceKlass java/util/ConcurrentModificationException
instanceKlass com/thaiopensource/validate/nvdl/SchemaImpl$WrappedIOException
instanceKlass com/thaiopensource/relaxng/pattern/IdTypeMapBuilder$WrappedSAXException
instanceKlass java/util/EmptyStackException
instanceKlass java/time/DateTimeException
instanceKlass net/sf/saxon/s9api/SaxonApiUncheckedException
instanceKlass net/sf/saxon/trans/XmlProcessingAbort
instanceKlass net/sf/saxon/trans/UncheckedXPathException
instanceKlass net/sf/saxon/regex/RESyntaxException
instanceKlass net/sf/saxon/type/MissingComponentException
instanceKlass net/sf/saxon/om/NamePool$NamePoolLimitException
instanceKlass net/sf/saxon/trans/LicenseException
instanceKlass com/thaiopensource/relaxng/parse/compact/EscapeSyntaxException
instanceKlass com/thaiopensource/relaxng/parse/BuildException
instanceKlass org/apache/xerces/impl/dv/DVFactoryException
instanceKlass org/apache/xerces/xni/XNIException
instanceKlass java/nio/BufferOverflowException
instanceKlass java/lang/UnsupportedOperationException
instanceKlass java/lang/SecurityException
instanceKlass com/ibm/icu/util/ICUUncheckedIOException
instanceKlass com/ibm/icu/util/ICUException
instanceKlass java/util/NoSuchElementException
instanceKlass java/lang/IllegalStateException
instanceKlass java/lang/IndexOutOfBoundsException
instanceKlass java/util/MissingResourceException
instanceKlass java/lang/IllegalArgumentException
instanceKlass java/lang/ArithmeticException
instanceKlass java/lang/NullPointerException
instanceKlass java/lang/IllegalMonitorStateException
instanceKlass java/lang/ArrayStoreException
instanceKlass java/lang/ClassCastException
ciInstanceKlass java/lang/RuntimeException 1 1 27 1 100 1 7 1 1 5 0 1 1 12 10 1 12 10 1 12 10 1 12 10 1 12 10 1 1
instanceKlass java/util/IllegalFormatException
instanceKlass java/nio/charset/UnsupportedCharsetException
instanceKlass java/nio/charset/IllegalCharsetNameException
instanceKlass com/ibm/icu/impl/IllegalIcuArgumentException
instanceKlass java/security/InvalidParameterException
instanceKlass java/lang/NumberFormatException
ciInstanceKlass java/lang/IllegalArgumentException 1 1 24 1 100 1 100 1 1 5 0 1 1 12 10 1 12 10 1 12 10 1 12 10 1 1
ciInstanceKlass java/lang/ArithmeticException 1 1 18 1 100 1 100 1 1 5 0 1 1 12 10 1 12 10 1 1
ciInstanceKlass java/lang/NullPointerException 1 1 44 1 100 1 100 1 1 5 0 1 1 1 1 1 1 12 10 1 12 10 1 1 12 9 1 1 12 10 12 9 12 10 1 12 10 1 100 1 100 1 100 1 1 1
instanceKlass sun/awt/SoftCache
instanceKlass java/util/concurrent/ConcurrentSkipListMap
instanceKlass com/google/common/collect/Maps$IteratorBasedAbstractMap
instanceKlass java/util/EnumMap
instanceKlass java/util/TreeMap
instanceKlass com/google/common/collect/Maps$ViewCachingAbstractMap
instanceKlass java/util/IdentityHashMap
instanceKlass java/util/WeakHashMap
instanceKlass java/util/Collections$EmptyMap
instanceKlass sun/util/PreHashedMap
instanceKlass java/util/HashMap
instanceKlass java/util/ImmutableCollections$AbstractImmutableMap
instanceKlass java/util/concurrent/ConcurrentHashMap
ciInstanceKlass java/util/AbstractMap 1 1 151 1 7 1 1 7 1 7 1 100 1 100 1 100 1 100 1 7 1 100 1 7 1 1 1 1 1 1 1 1 1 1 1 12 10 1 1 1 1 12 10 1 7 12 11 1 1 10 1 1 1 1 12 11 1 7 1 12 11 1 1 12 11 1 12 11 1 12 10 1 1 12 11 1 1 1 1 1 1 1 100 10 1 12 11 1 1 1 11 12 10 1 12 11 1 12 9 1 12 10 1 1 12 9 10 1 100 1 1 100 1 100 11 12 11 12 11 1 12 11 1 1 1 8 1 100 10 1 1 12 10 1 8 1 12 10 12 10 1 1 100 12 10 1 1 1 1 1 1 1 1
ciInstanceKlass java/security/AccessControlContext 1 1 318 1 7 1 7 1 1 1 1 3 1 100 1 1 1 1 1 1 1 1 1 1 1 1 1 1 1 1 1 1 1 1 12 9 12 9 1 100 1 1 12 10 1 8 1 100 1 1 12 10 1 1 1 12 10 12 9 12 9 12 9 7 1 1 12 10 1 100 1 12 10 1 100 1 1 12 11 1 12 11 1 12 11 1 1 12 11 1 100 1 1 12 11 1 1 12 10 1 100 1 1 12 10 1 100 1 1 12 9 1 100 1 1 12 10 1 100 1 100 1 1 12 11 10 1 7 1 100 1 8 1 12 10 1 1 12 10 1 7 1 7 1 1 12 10 12 9 12 9 12 9 12 9 12 9 12 9 1 12 9 1 1 1 1 1 1 7 1 1 12 10 1 1 12 9 1 12 10 1 100 12 10 1 8 1 1 12 10 1 1 12 10 1 100 1 1 12 10 1 100 10 1 1 12 10 1 100 1 1 12 10 10 1 8 1 100 1 12 10 1 8 1 100 1 12 10 1 8 1 8 1 12 10 1 8 1 12 10 1 8 1 12 10 1 12 10 1 1 12 10 1 8 1 8 1 12 10 1 1 12 10 1 12 10 1 8 1 12 10 1 12 10 10 1 1 8 1 1 12 10 1 1 12 10 1 1 12 10 1 1 12 10 1 12 10 1 12 10 1 12 10 1 1 12 10 10 10 1 12 10 1 1 1 1 1 1 1 1
ciInstanceKlass java/net/URL 1 1 672 1 7 1 7 1 100 1 7 1 7 1 100 1 100 1 100 1 100 1 1 100 1 100 1 1 1 1 1 8 1 1 5 0 1 1 8 1 1 1 1 1 1 1 1 1 1 1 1 1 1 1 1 1 1 1 1 1 1 1 1 1 1 1 1 1 1 1 1 1 100 1 12 10 1 12 10 1 12 10 12 9 12 9 1 7 1 1 12 10 1 1 12 10 1 7 1 7 1 1 12 10 12 9 1 1 12 10 1 8 1 1 12 10 1 100 10 1 1 12 10 1 8 1 1 12 10 12 9 1 8 1 12 10 1 12 10 1 8 12 9 1 1 12 10 12 9 1 12 10 1 12 10 12 9 12 9 1 8 12 9 1 1 12 10 1 8 12 9 1 1 12 10 1 7 1 1 12 10 1 8 1 12 10 1 7 1 12 10 1 12 10 1 12 10 1 100 1 1 12 10 1 1 12 10 1 8 1 1 12 10 1 12 10 1 8 12 9 1 8 1 12 10 1 1 12 10 1 12 10 1 1 12 10 1 1 1 7 1 1 12 10 1 100 1 8 10 1 12 10 1 8 1 1 12 10 1 12 10 1 12 10 1 12 10 1 12 10 1 12 10 1 8 1 12 10 10 1 7 1 1 12 10 1 12 10 1 100 1 1 12 9 1 100 1 1 12 10 1 1 12 9 1 100 1 1 1 100 1 100 1 12 10 1 100 1 1 12 10 1 1 1 1 1 12 10 1 1 1 1 12 10 1 12 10 1 1 12 10 1 12 10 12 10 1 1 1 100 10 10 1 12 10 1 12 10 1 1 1 100 1 12 10 1 1 8 1 1 12 9 1 100 1 1 12 10 1 1 12 10 1 1 12 9 1 1 12 10 1 100 1 12 10 1 12 10 10 1 1 12 10 1 12 10 12 10 1 12 10 1 1 12 10 1 7 1 12 10 1 1 12 10 1 1 12 10 1 1 12 9 12 9 1 100 1 8 10 1 12 10 12 9 1 7 1 12 10 1 7 1 1 100 1 7 1 12 10 1 8 1 1 12 10 1 100 1 12 10 1 8 1 8 1 7 1 1 12 10 1 100 1 1 12 10 1 12 10 1 12 10 1 1 1 10 1 12 9 1 7 1 12 10 1 8 1 12 10 10 1 100 1 1 12 10 8 1 100 1 1 12 9 1 12 10 1 1 12 10 1 12 10 12 10 1 7 1 12 10 1 12 11 12 10 12 10 12 9 1 1 12 10 1 1 1 100 1 12 10 1 1 1 1 12 10 8 1 12 10 10 8 8 1 12 10 8 8 8 1 100 1 12 10 12 9 1 1 100 12 10 1 1 12 10 1 12 10 12 10 1 1 12 10 1 1 12 10 10 10 12 10 12 10 12 10 1 12 10 1 100 1 12 10 10 1 12 10 1 8 10 10 1 1 12 10 1 12 10 1 1 12 10 1 10 10 10 1 7 1 12 10 1 7 1 1 12 9 12 9 10 1 7 1 1 12 10 1 1 1 1 1 1 1
staticfield java/net/URL defaultFactory Ljava/net/URLStreamHandlerFactory; java/net/URL$DefaultFactory
staticfield java/net/URL streamHandlerLock Ljava/lang/Object; java/lang/Object
staticfield java/net/URL serialPersistentFields [Ljava/io/ObjectStreamField; 7 [Ljava/io/ObjectStreamField;
ciInstanceKlass java/util/jar/Manifest 1 1 290 1 7 1 7 1 100 1 7 1 100 1 7 1 1 1 1 1 1 1 1 1 1 1 12 10 1 7 10 12 9 1 7 10 12 9 12 9 1 1 100 1 12 10 1 1 12 10 1 1 1 12 10 1 1 12 10 1 1 12 10 11 1 1 1 1 1 12 11 1 12 10 1 100 1 1 12 10 1 100 1 100 10 1 8 1 1 12 10 1 1 12 10 1 12 10 1 12 10 11 1 1 1 100 12 10 1 1 12 10 1 1 12 11 1 12 10 1 1 12 11 1 100 1 1 12 11 1 100 1 12 11 1 1 12 11 1 12 10 1 8 1 12 11 1 7 1 1 12 10 1 12 11 12 10 1 12 10 1 1 1 1 1 1 100 1 1 12 10 1 8 1 1 12 10 10 1 7 1 1 12 9 1 1 12 10 1 100 12 10 1 100 1 12 10 1 12 10 1 1 1 100 1 1 12 9 1 8 1 12 10 1 8 1 8 12 10 1 12 10 1 100 1 1 12 10 1 8 12 10 1 8 10 1 1 12 10 1 8 1 1 12 10 1 7 1 1 12 10 1 12 10 10 1 1 12 11 1 12 10 1 7 1 1 12 10 1 1 12 10 1 1 12 10 11 1 12 10 11 1 12 10 1 1 1 1 1 1 1 1
ciInstanceKlass java/util/Objects 1 1 119 1 7 1 7 1 1 12 10 1 100 1 8 1 12 10 1 1 1 12 10 1 1 7 1 12 10 1 1 1 12 10 1 1 12 10 1 1 1 100 1 12 10 1 1 12 10 1 1 1 1 100 1 12 11 1 1 1 1 1 100 10 1 1 1 12 10 1 1 1 1 1 1 8 12 10 1 1 1 1 8 1 100 1 1 12 11 1 8 1 1 1 1 7 1 12 10 1 1 1 12 10 1 12 10 1 1 12 10 1 1 12 10 12 10 1 1 1 1
ciInstanceKlass java/lang/Iterable 1 1 48 1 100 1 1 100 1 1 1 1 1 1 1 100 1 1 12 10 12 11 1 100 1 1 12 11 1 1 12 11 1 100 1 1 12 11 1 1 1 1 100 1 1 12 10 1 1 1
instanceKlass com/google/common/collect/Collections2$FilteredCollection
instanceKlass com/google/common/collect/Collections2$TransformedCollection
instanceKlass com/google/common/collect/AbstractMapBasedMultimap$WrappedCollection
instanceKlass java/util/HashMap$Values
instanceKlass java/util/AbstractQueue
instanceKlass java/util/LinkedHashMap$LinkedValues
instanceKlass java/util/IdentityHashMap$Values
instanceKlass com/google/common/collect/ImmutableCollection
instanceKlass java/util/ArrayDeque
instanceKlass java/util/AbstractSet
instanceKlass java/util/ImmutableCollections$AbstractImmutableCollection
instanceKlass java/util/AbstractList
ciInstanceKlass java/util/AbstractCollection 1 1 130 1 7 1 1 7 1 7 1 1 12 10 1 1 1 1 1 1 1 12 10 1 1 12 10 1 7 1 12 11 1 1 12 11 1 12 10 1 1 1 7 1 100 1 1 12 10 1 1 12 10 1 1 1 1 12 10 1 7 1 12 10 1 7 1 1 12 10 1 100 1 1 12 10 1 1 100 1 1 12 10 1 1 1 100 10 1 12 11 1 1 1 11 12 10 1 1 12 10 1 1 100 1 1 12 10 11 1 1 1 1 1 8 1 100 10 1 1 12 10 1 8 1 12 10 12 10 1 1 1
ciInstanceKlass java/util/List 1 1 177 1 100 1 1 7 1 100 1 100 1 100 1 1 100 1 7 1 1 7 1 1 1 1 1 1 1 1 1 1 1 1 1 1 1 1 1 1 1 1 1 1 1 1 1 1 1 1 1 1 100 1 1 12 10 1 1 12 11 1 100 1 12 11 1 1 12 11 1 100 1 12 11 1 1 12 11 1 1 1 12 11 1 100 1 12 10 1 100 1 100 1 1 1 1 1 1 1 1 1 1 1 1 1 1 1 1 1 1 1 1 1 1 1 1 100 1 1 12 10 1 100 1 12 10 1 1 1 1 1 12 9 1 1 12 10 1 1 1 12 10 1 1 1 1 12 10 1 1 1 1 1 1 1 1 1 1 1 1 1 1 1 1 1 12 10 1 1 1 1 12 10 1 1 1 1 1
ciMethod java/util/AbstractCollection <init> ()V 630 0 284177 0 64
instanceKlass com/google/common/primitives/Ints$IntArrayAsList
instanceKlass com/google/common/primitives/Bytes$ByteArrayAsList
instanceKlass com/google/common/collect/Lists$TransformingRandomAccessList
instanceKlass java/util/Collections$SingletonList
instanceKlass sun/security/jca/ProviderList$ServiceList
instanceKlass java/util/ArrayList$SubList
instanceKlass java/util/Vector
instanceKlass sun/security/jca/ProviderList$3
instanceKlass java/util/AbstractSequentialList
instanceKlass java/util/Arrays$ArrayList
instanceKlass java/util/Collections$EmptyList
instanceKlass java/util/ArrayList
ciInstanceKlass java/util/AbstractList 1 1 187 1 7 1 1 7 1 100 1 100 1 100 1 100 1 100 1 100 1 7 1 1 1 1 1 1 1 1 1 12 10 12 9 1 1 1 1 1 12 10 1 12 10 1 1 1 1 1 1 1 100 10 1 1 1 1 1 1 12 10 1 100 1 1 12 11 1 1 12 11 1 12 11 1 100 1 12 10 1 1 12 10 1 12 11 1 12 11 1 12 11 1 1 1 12 10 1 1 1 1 1 12 10 1 100 1 1 12 11 1 100 11 11 1 1 12 10 1 1 1 12 10 1 1 1 1 1 12 10 1 100 1 12 10 10 1 100 1 100 10 1 8 1 1 12 10 1 12 10 1 1 12 10 1 12 10 1 8 1 100 1 8 1 8 1 8 10 11 1 10 12 10 12 11 1 1 12 10 1 8 1 8 1 1 1 1 1
ciMethod java/util/Objects checkIndex (II)I 526 0 73542 0 -1
ciInstanceKlass java/lang/AssertionStatusDirectives 0 0 18 1 100 1 100 1 1 1 1 1 1 1 1 1 1 12 10 1
ciInstanceKlass java/lang/invoke/MethodHandleNatives$CallSiteContext 1 1 40 1 7 1 7 1 100 1 7 1 1 100 1 7 1 1 1 12 10 1 1 10 1 7 1 1 12 10 1 1 12 10 1 1 1 12 10 1 1 1
ciInstanceKlass jdk/internal/invoke/NativeEntryPoint 0 0 80 1 100 1 100 1 1 1 1 1 1 1 1 1 1 1 1 1 1 12 10 12 9 1 100 1 1 12 10 100 12 9 12 9 12 9 12 9 12 9 1 1 1 100 1 8 1 12 10 1 100 1 1 12 11 1 1 12 10 12 10 1 100 1 12 11 1 12 11 1 1 12 10 1 1 1 12 10 1 1
instanceKlass java/lang/invoke/VolatileCallSite
instanceKlass java/lang/invoke/MutableCallSite
instanceKlass java/lang/invoke/ConstantCallSite
ciInstanceKlass java/lang/invoke/CallSite 1 1 267 1 7 1 7 1 7 1 100 1 1 100 1 100 1 1 1 1 1 1 1 1 1 1 1 1 1 1 1 12 10 1 1 12 10 12 9 1 1 12 10 12 9 1 1 7 1 1 12 10 1 1 100 12 10 1 100 1 1 12 10 1 12 10 1 100 1 1 12 9 1 100 1 12 10 1 1 1 1 1 1 12 10 1 7 1 100 1 100 10 1 100 1 1 12 10 1 1 12 10 1 8 1 12 10 1 1 12 10 1 12 10 1 1 1 12 10 1 1 12 10 10 1 12 10 1 1 12 10 1 100 12 9 1 1 12 9 8 1 1 12 10 1 1 12 10 1 1 12 10 1 12 9 1 8 1 100 1 12 10 1 12 10 1 100 1 8 10 1 12 10 1 1 12 10 1 100 1 1 12 10 12 10 1 12 10 1 1 12 10 1 1 12 10 1 1 12 9 8 1 1 12 10 12 9 1 100 10 12 10 1 1 12 10 1 12 10 1 1 12 10 1 1 12 10 1 1 1 1 100 1 7 1 1 12 10 1 100 1 8 10 1 7 12 10 1 1 12 10 1 100 1 8 1 12 10 1 1 1 12 10 1 1 1 1 1 1
staticfield java/lang/invoke/CallSite $assertionsDisabled Z 1
ciInstanceKlass java/lang/invoke/VolatileCallSite 0 0 26 1 100 1 100 1 1 12 10 1 12 10 1 1 1 12 10 1 1 12 10 1 1 12 10 1
ciInstanceKlass java/lang/invoke/MethodType 1 1 688 1 7 1 1 7 1 100 1 100 1 100 1 7 1 7 1 100 1 1 1 1 100 1 1 100 1 1 100 1 100 1 1 1 5 0 1 1 1 1 1 1 1 1 1 1 1 1 1 1 1 1 1 3 1 3 1 3 1 1 1 1 1 1 1 1 1 1 1 1 1 1 1 12 10 12 9 12 9 1 12 9 1 1 1 1 1 1 1 1 1 7 1 7 1 1 12 10 1 7 1 12 9 1 8 1 100 1 1 12 10 1 7 1 7 9 1 7 9 1 1 12 10 1 100 10 1 8 1 1 12 10 1 12 10 1 1 12 10 1 1 1 100 1 8 1 12 10 1 100 10 1 12 10 1 1 1 1 1 12 10 1 1 1 1 12 10 1 1 7 1 1 12 11 12 9 1 1 12 11 1 1 1 7 1 1 12 10 1 1 1 1 1 1 1 12 10 12 9 1 12 10 12 10 1 7 1 1 12 10 1 7 1 1 12 10 1 12 10 1 1 12 9 1 1 12 10 1 100 1 12 10 1 1 1 1 1 12 10 1 1 12 10 1 1 1 1 1 12 10 12 10 1 12 10 1 1 1 1 12 10 12 10 1 1 1 1 12 10 1 1 1 1 8 1 8 1 1 12 10 1 1 1 12 9 1 100 10 1 1 12 10 12 10 1 12 10 1 12 10 1 12 10 12 10 1 1 12 10 1 8 1 1 1 12 10 1 100 1 1 12 10 12 10 1 1 12 10 1 12 10 1 12 10 1 1 1 12 10 1 1 12 10 1 12 10 1 12 9 1 12 10 10 1 1 1 12 10 1 12 10 12 9 1 1 12 10 1 1 1 1 1 1 12 10 1 1 12 10 1 1 1 1 1 12 10 12 10 1 12 10 1 12 10 1 100 1 8 1 8 1 8 1 12 10 1 12 10 1 12 10 10 1 1 1 1 1 12 11 12 11 1 1 1 100 1 1 12 10 1 12 9 1 12 10 1 1 12 10 1 1 12 10 1 12 10 1 1 12 10 1 1 100 1 1 12 10 1 1 12 10 1 12 10 1 12 10 1 12 10 10 1 12 9 1 7 1 12 10 1 1 1 100 1 100 1 1 12 10 1 100 1 1 12 9 1 100 1 1 12 10 1 100 1 1 12 10 1 100 1 12 10 1 1 12 10 1 1 12 10 1 8 1 7 1 1 12 10 1 1 12 11 1 12 9 1 1 12 10 1 12 10 1 1 1 1 12 10 1 1 1 1 100 12 10 1 100 1 12 10 1 100 12 10 1 100 1 1 12 11 16 1 1 12 10 15 16 1 100 1 1 12 10 15 1 1 12 18 1 1 12 11 16 1 1 12 10 15 16 1 12 18 1 12 11 1 100 1 100 1 12 11 1 12 10 1 12 10 1 1 1 100 1 100 1 12 10 1 12 10 1 1 1 100 1 1 12 9 1 12 9 1 100 1 1 12 10 1 12 9 1 100 1 12 10 12 10 1 100 1 1 1 12 10 1 1 1 1 1 1 12 10 10 1 7 1 7 12 9 1 1 1 1 1 1 1 1 1
staticfield java/lang/invoke/MethodType internTable Ljava/lang/invoke/MethodType$ConcurrentWeakInternSet; java/lang/invoke/MethodType$ConcurrentWeakInternSet
staticfield java/lang/invoke/MethodType NO_PTYPES [Ljava/lang/Class; 0 [Ljava/lang/Class;
staticfield java/lang/invoke/MethodType objectOnlyTypes [Ljava/lang/invoke/MethodType; 20 [Ljava/lang/invoke/MethodType;
staticfield java/lang/invoke/MethodType METHOD_HANDLE_ARRAY [Ljava/lang/Class; 1 [Ljava/lang/Class;
staticfield java/lang/invoke/MethodType serialPersistentFields [Ljava/io/ObjectStreamField; 0 [Ljava/io/ObjectStreamField;
staticfield java/lang/invoke/MethodType $assertionsDisabled Z 1
ciInstanceKlass java/lang/BootstrapMethodError 0 0 35 1 100 1 100 1 1 5 0 1 1 12 10 1 12 10 1 12 10 1 1 100 1 1 12 10 1 100 1 1 12 10 1 1 1
ciInstanceKlass jdk/internal/loader/ClassLoaders$AppClassLoader 1 1 91 1 100 1 7 1 100 1 1 1 1 8 1 12 10 1 1 1 1 100 1 7 1 1 12 10 1 100 1 1 12 10 1 1 12 10 1 100 1 1 12 10 12 10 1 1 12 10 1 7 1 8 12 10 1 7 1 1 12 10 1 1 12 10 1 1 12 10 1 1 1 1 12 10 1 1 7 1 1 12 10 1 100 12 10 1 1 1 1 1 1
ciInstanceKlass jdk/internal/loader/ClassLoaders$PlatformClassLoader 1 1 34 1 100 1 7 1 100 1 1 100 1 1 1 1 8 1 12 10 1 1 1 7 1 1 12 10 1 100 12 10 1 1 1 1
ciInstanceKlass java/lang/ArrayStoreException 1 1 18 1 100 1 100 1 1 5 0 1 1 12 10 1 12 10 1 1
instanceKlass net/sf/saxon/expr/sort/ComparisonException
ciInstanceKlass java/lang/ClassCastException 1 1 18 1 100 1 7 1 1 5 0 1 1 12 10 1 12 10 1 1
ciInstanceKlass java/lang/NoClassDefFoundError 0 0 18 1 100 1 100 1 1 5 0 1 1 12 10 1 12 10 1 1
ciInstanceKlass java/lang/IllegalMonitorStateException 1 1 18 1 100 1 100 1 1 5 0 1 1 12 10 1 12 10 1 1
ciInstanceKlass java/lang/StackOverflowError 1 1 18 1 100 1 100 1 1 5 0 1 1 12 10 1 12 10 1 1
instanceKlass java/lang/StackOverflowError
instanceKlass java/lang/OutOfMemoryError
instanceKlass java/lang/InternalError
ciInstanceKlass java/lang/VirtualMachineError 1 1 24 1 100 1 100 1 1 5 0 1 1 12 10 1 12 10 1 12 10 1 12 10 1 1
ciInstanceKlass java/lang/OutOfMemoryError 1 1 18 1 100 1 100 1 1 5 0 1 1 12 10 1 12 10 1 1
ciInstanceKlass java/lang/InternalError 0 0 24 1 100 1 100 1 1 5 0 1 1 12 10 1 12 10 1 12 10 1 12 10 1 1
ciInstanceKlass java/lang/StackTraceElement 0 0 198 1 100 1 100 1 100 1 100 1 1 1 1 1 1 1 1 1 1 1 1 1 1 1 1 3 1 3 1 1 5 0 1 1 1 12 10 1 12 10 12 9 12 9 12 9 12 9 1 8 1 100 1 1 12 10 1 100 12 9 1 8 12 9 12 9 12 9 1 1 1 1 1 1 1 1 1 1 1 1 1 8 1 12 10 1 12 10 1 100 10 1 1 12 10 1 8 12 10 1 12 10 1 8 1 8 1 8 12 10 1 8 1 8 1 12 10 1 8 1 8 1 1 12 10 1 12 10 1 12 10 1 12 10 1 12 9 1 100 1 1 12 10 1 1 12 10 1 100 1 100 1 100 1 1 12 10 1 100 1 100 1 12 10 1 100 1 1 12 10 1 12 10 1 12 10 1 1 1 100 10 1 1 12 10 12 10 1 1 1 12 10 1 1 1 1 1 1
instanceKlass java/nio/CharBuffer
instanceKlass java/nio/IntBuffer
instanceKlass java/nio/LongBuffer
instanceKlass java/nio/ByteBuffer
ciInstanceKlass java/nio/Buffer 1 1 202 1 7 1 7 1 7 1 100 1 7 1 1 1 1 1 1 1 3 1 1 1 1 1 1 1 1 1 1 1 1 1 12 10 12 9 12 9 12 9 12 9 12 9 1 1 1 12 10 1 100 1 12 10 12 10 1 100 1 100 10 1 8 1 1 12 10 1 12 10 1 8 1 8 1 1 12 10 1 12 10 1 1 1 8 12 9 1 100 1 8 1 12 10 1 8 1 8 1 12 9 1 12 10 1 8 1 100 1 8 1 8 1 12 10 1 8 1 8 1 8 1 1 1 100 10 1 1 1 1 1 1 1 1 1 1 1 1 1 1 1 1 1 1 100 10 1 1 1 100 10 1 1 1 100 10 1 1 1 1 1 1 12 10 1 10 1 12 11 1 1 7 1 12 10 1 7 1 1 12 10 12 9 1 1 12 10 12 9 10 1 7 1 1 12 10 1 1 1 1 1 1
staticfield java/nio/Buffer UNSAFE Ljdk/internal/misc/Unsafe; jdk/internal/misc/Unsafe
staticfield java/nio/Buffer SCOPED_MEMORY_ACCESS Ljdk/internal/misc/ScopedMemoryAccess; jdk/internal/misc/ScopedMemoryAccess
staticfield java/nio/Buffer $assertionsDisabled Z 1
ciInstanceKlass java/lang/StringCoding 1 1 25 1 100 1 100 1 1 12 10 1 1 1 1 1 1 100 1 1 12 10 1 1 1 1 1
ciMethod java/lang/StringCoding hasNegatives ([BII)Z 250 32896 1152 0 -1
ciInstanceKlass jdk/internal/util/ArraysSupport 1 1 229 1 7 1 100 1 1 1 1 1 1 1 1 1 1 1 1 1 1 1 3 1 1 1 100 1 8 1 1 12 10 1 7 1 12 10 1 12 10 1 1 1 12 9 12 9 1 7 1 1 12 10 12 9 1 100 1 1 12 10 12 9 12 10 12 9 1 1 12 10 12 10 1 1 1 12 9 12 9 12 10 1 1 1 12 9 12 9 1 1 1 12 9 12 9 1 1 1 12 9 12 9 1 1 1 12 9 1 1 1 12 10 1 100 1 1 12 10 1 12 9 12 9 1 1 12 10 1 12 10 1 1 12 9 1 1 1 12 10 1 100 1 1 12 10 1 12 9 12 9 1 12 10 1 12 10 1 1 1 7 1 1 12 10 1 12 10 1 100 1 100 10 1 8 1 1 12 10 1 12 10 1 8 1 8 1 1 12 10 10 1 1 1 12 10 1 1 12 10 1 12 9 12 10 1 12 9 1 12 9 1 12 9 1 12 9 1 12 9 1 12 9 1 12 9 1 1 1 1
staticfield jdk/internal/util/ArraysSupport U Ljdk/internal/misc/Unsafe; jdk/internal/misc/Unsafe
staticfield jdk/internal/util/ArraysSupport BIG_ENDIAN Z 0
staticfield jdk/internal/util/ArraysSupport LOG2_ARRAY_BOOLEAN_INDEX_SCALE I 0
staticfield jdk/internal/util/ArraysSupport LOG2_ARRAY_BYTE_INDEX_SCALE I 0
staticfield jdk/internal/util/ArraysSupport LOG2_ARRAY_CHAR_INDEX_SCALE I 1
staticfield jdk/internal/util/ArraysSupport LOG2_ARRAY_SHORT_INDEX_SCALE I 1
staticfield jdk/internal/util/ArraysSupport LOG2_ARRAY_INT_INDEX_SCALE I 2
staticfield jdk/internal/util/ArraysSupport LOG2_ARRAY_LONG_INDEX_SCALE I 3
staticfield jdk/internal/util/ArraysSupport LOG2_ARRAY_FLOAT_INDEX_SCALE I 2
staticfield jdk/internal/util/ArraysSupport LOG2_ARRAY_DOUBLE_INDEX_SCALE I 3
staticfield jdk/internal/util/ArraysSupport LOG2_BYTE_BIT_SIZE I 3
ciInstanceKlass sun/nio/cs/US_ASCII 1 1 60 1 7 1 7 1 100 1 100 1 100 1 1 1 1 1 1 1 1 1 8 1 7 1 1 12 10 1 12 10 1 1 1 8 1 1 1 1 1 12 10 1 1 10 1 12 10 12 9 1 7 1 1 12 10 12 9 1 1 1
staticfield sun/nio/cs/US_ASCII INSTANCE Lsun/nio/cs/US_ASCII; sun/nio/cs/US_ASCII
staticfield sun/nio/cs/US_ASCII JLA Ljdk/internal/access/JavaLangAccess; java/lang/System$2
instanceKlass sun/nio/cs/MS1252
instanceKlass sun/nio/cs/US_ASCII
instanceKlass sun/nio/cs/ISO_8859_1
instanceKlass sun/nio/cs/Unicode
ciInstanceKlass java/nio/charset/Charset 1 1 331 1 7 1 1 7 1 100 1 100 1 100 1 100 1 100 1 100 1 1 1 1 1 1 1 1 1 1 1 1 1 1 1 1 1 1 1 1 1 1 7 1 1 12 10 1 100 1 12 10 1 1 12 10 1 1 12 9 12 9 1 1 1 1 12 10 1 1 1 7 1 1 12 10 12 9 1 7 1 1 12 10 1 1 12 10 10 1 100 1 1 12 10 1 100 1 1 1 12 9 100 1 7 1 12 10 1 1 100 1 8 10 1 1 12 10 100 1 12 10 12 9 12 10 12 10 12 10 12 10 1 1 12 10 1 1 100 10 1 1 1 1 100 1 12 11 1 12 11 1 12 10 1 100 1 12 11 1 12 11 1 1 1 10 1 100 1 12 9 1 8 1 7 1 1 12 10 1 100 1 1 12 9 1 10 12 9 12 9 100 1 1 12 10 1 7 1 1 12 10 1 1 12 10 1 100 1 1 12 10 1 8 1 8 1 8 12 9 12 9 1 1 1 100 1 12 10 1 12 10 1 100 1 1 12 10 1 1 1 8 1 12 10 1 8 1 1 1 1 1 1 1 1 1 1 1 100 1 100 1 1 12 10 1 100 1 1 12 9 1 100 1 1 12 10 1 12 10 12 10 1 100 1 12 10 1 1 1 1 12 10 1 100 1 12 10 12 10 12 10 1 1 100 1 1 12 10 10 1 1 1 1 12 10 1 12 10 1 1 12 10 1 1 7 10 10 1 1 1 1 1
staticfield java/nio/charset/Charset standardProvider Ljava/nio/charset/spi/CharsetProvider; sun/nio/cs/StandardCharsets
staticfield java/nio/charset/Charset zeroAliases [Ljava/lang/String; 0 [Ljava/lang/String;
ciInstanceKlass sun/nio/cs/ISO_8859_1 1 1 53 1 7 1 7 1 100 1 100 1 100 1 1 1 1 1 1 1 8 1 7 1 1 12 10 1 12 10 1 1 1 8 1 1 1 100 1 1 1 12 10 1 1 10 1 12 10 12 9 1 1 1 1
staticfield sun/nio/cs/ISO_8859_1 INSTANCE Lsun/nio/cs/ISO_8859_1; sun/nio/cs/ISO_8859_1
ciInstanceKlass sun/nio/cs/UTF_8 1 1 72 1 7 1 7 1 100 1 7 1 1 1 1 1 1 1 1 1 8 1 7 1 1 12 10 1 12 10 1 1 1 8 1 1 1 12 10 1 1 10 1 1 1 7 1 1 12 10 1 1 12 10 1 1 12 10 1 12 10 12 9 1 7 1 1 12 10 12 9 1 1 1
staticfield sun/nio/cs/UTF_8 INSTANCE Lsun/nio/cs/UTF_8; sun/nio/cs/UTF_8
staticfield sun/nio/cs/UTF_8 JLA Ljdk/internal/access/JavaLangAccess; java/lang/System$2
ciMethod jdk/internal/util/ArraysSupport newLength (III)I 518 0 1802 0 0
ciMethod jdk/internal/util/ArraysSupport hugeLength (II)I 0 0 1 0 -1
ciInstanceKlass jdk/internal/misc/UnsafeConstants 1 1 28 1 7 1 100 1 1 1 1 1 1 1 1 1 12 10 1 12 9 12 9 12 9 12 9 12 9 1
staticfield jdk/internal/misc/UnsafeConstants ADDRESS_SIZE0 I 8
staticfield jdk/internal/misc/UnsafeConstants PAGE_SIZE I 4096
staticfield jdk/internal/misc/UnsafeConstants BIG_ENDIAN Z 0
staticfield jdk/internal/misc/UnsafeConstants UNALIGNED_ACCESS Z 1
staticfield jdk/internal/misc/UnsafeConstants DATA_CACHE_LINE_FLUSH_SIZE I 0
instanceKlass java/lang/invoke/DelegatingMethodHandle
instanceKlass java/lang/invoke/BoundMethodHandle
instanceKlass java/lang/invoke/DirectMethodHandle
ciInstanceKlass java/lang/invoke/MethodHandle 1 1 579 1 7 1 7 1 100 1 100 1 100 1 100 1 100 1 1 100 1 100 1 1 7 1 7 1 1 1 1 1 1 1 1 1 1 1 1 1 1 1 1 1 12 9 1 1 1 12 10 1 7 1 1 12 10 1 7 1 7 1 1 12 10 12 9 1 12 10 1 1 1 100 1 1 1 1 1 1 1 1 1 1 1 1 12 10 1 1 12 10 1 100 1 1 12 10 1 1 12 10 1 12 10 1 1 1 100 1 1 12 11 12 10 1 12 10 1 12 10 12 9 1 1 12 10 1 100 1 100 10 1 8 1 1 12 10 1 12 10 1 8 1 1 12 10 1 12 10 1 1 12 10 1 1 1 12 10 1 1 12 10 1 12 10 1 1 1 12 10 1 1 12 10 1 7 1 1 12 10 1 100 1 1 12 10 1 7 1 1 12 10 1 1 12 10 1 1 1 12 10 1 8 1 7 1 1 12 10 1 8 1 1 12 10 1 1 12 10 1 1 12 10 1 12 10 1 8 1 1 12 10 1 1 8 1 12 10 1 8 1 100 1 1 12 10 12 9 1 100 10 1 100 1 1 12 9 1 100 9 1 8 1 1 1 1 12 10 1 12 10 1 1 12 10 1 12 10 1 1 12 10 1 12 10 1 12 10 1 12 10 1 1 12 10 1 1 12 10 1 1 8 1 1 12 10 1 8 1 12 10 1 1 1 12 10 1 1 1 1 1 12 10 1 12 10 1 1 12 10 1 1 1 1 100 1 1 12 9 1 1 12 10 1 100 1 12 11 1 12 10 12 10 1 100 1 1 12 10 1 100 1 12 11 10 1 100 1 12 11 1 12 10 1 100 1 12 11 1 1 12 9 1 1 12 11 1 100 1 1 12 11 1 1 12 10 1 12 9 1 12 11 1 12 9 1 12 9 1 12 9 1 1 12 11 1 12 9 1 12 9 1 12 9 1 12 9 1 12 9 1 12 9 1 12 9 1 8 1 12 10 1 12 10 1 8 1 12 10 1 12 10 10 1 1 1 100 1 100 1 7 1 12 10 12 10 1 8 1 1 12 10 1 1 1 1 12 10 1 12 10 1 12 10 1 100 1 1 12 10 1 12 10 1 1 1 1 1 1 1 1 12 9 1 1 1 1 1 12 10 12 10 1 1 1 1 8 1 1 12 9 12 9 1 1 12 9 1 12 10 1 12 10 1 1 12 10 1 1 1 12 9 12 9 1 7 1 1 12 10 1 100 1 12 11 12 9 1 1 12 10 12 9 1 1 12 10 8 1 1 12 10 8 1 1 1 1 1 1 1
staticfield java/lang/invoke/MethodHandle FORM_OFFSET J 20
staticfield java/lang/invoke/MethodHandle UPDATE_OFFSET J 13
staticfield java/lang/invoke/MethodHandle $assertionsDisabled Z 1
ciInstanceKlass java/lang/invoke/LambdaForm 1 1 940 1 7 1 7 1 100 1 7 1 100 1 7 1 7 1 7 1 7 1 100 1 100 1 1 1 1 1 1 100 1 7 1 1 7 1 7 1 1 7 1 7 1 1 1 1 1 1 1 1 1 1 1 1 1 1 1 1 1 1 1 1 1 3 1 3 1 1 1 1 1 3 1 1 1 1 1 1 1 1 1 1 1 1 1 1 1 1 1 1 1 1 1 12 9 1 12 10 1 1 1 12 10 12 9 12 9 1 1 12 10 1 100 10 7 1 100 12 9 1 1 12 10 12 9 1 1 12 10 12 9 12 9 12 9 12 9 1 1 12 10 1 12 10 1 1 1 1 1 1 100 1 1 12 10 1 100 1 1 12 10 1 1 7 1 12 10 1 1 12 10 1 100 1 1 12 9 1 1 12 10 1 12 9 1 1 12 10 1 12 10 1 1 12 10 1 1 12 10 1 100 1 1 12 10 1 7 10 1 1 12 10 1 8 1 12 10 1 12 10 1 1 12 10 1 1 12 10 1 1 12 10 1 12 10 1 1 12 10 1 1 12 9 1 12 9 1 12 9 1 1 12 10 12 9 1 100 1 1 12 10 1 100 1 1 1 12 10 1 12 10 1 1 12 9 1 100 1 1 12 10 1 12 10 1 12 10 1 12 10 1 12 10 1 12 10 1 1 12 10 1 12 10 12 10 1 8 1 12 10 1 12 10 1 8 1 8 1 1 12 9 12 9 12 9 1 1 1 1 12 10 1 12 10 1 12 9 1 1 12 10 1 7 1 1 12 10 1 1 12 10 1 12 10 1 12 10 1 1 12 10 100 1 12 9 1 12 10 1 8 1 8 1 8 1 8 1 8 1 8 1 8 1 8 1 1 1 1 12 10 1 1 1 12 9 1 1 1 1 7 1 100 12 10 1 12 9 12 10 1 1 12 10 12 10 1 12 10 1 1 12 10 1 1 1 1 12 10 10 1 1 12 10 1 1 12 10 1 1 8 1 1 12 10 1 12 10 1 1 12 10 10 1 1 1 1 8 12 10 1 1 8 1 1 8 1 1 8 1 1 12 10 12 9 12 10 1 1 12 10 1 100 1 1 12 10 12 10 1 1 12 10 1 1 12 10 1 1 12 9 1 8 1 100 1 1 12 10 1 100 1 100 1 12 10 12 10 10 1 1 12 10 12 9 8 1 1 12 10 12 10 1 12 10 1 7 1 12 9 1 1 12 9 1 8 1 100 1 12 10 1 1 12 10 10 1 1 12 10 1 1 12 10 1 8 1 8 1 8 12 10 1 12 10 1 12 10 1 1 12 10 1 1 8 1 8 1 1 12 9 1 12 10 1 1 12 10 1 8 1 8 1 8 1 100 1 8 1 100 1 8 1 100 1 8 1 12 10 1 8 1 9 1 7 1 1 12 10 1 12 10 1 1 12 9 1 12 10 10 1 12 10 1 12 10 1 12 10 1 1 1 1 1 12 10 1 12 10 1 1 12 10 1 1 12 10 1 1 12 10 1 8 1 12 10 1 12 10 1 1 12 9 1 12 10 1 8 1 8 1 8 1 8 1 8 1 8 1 8 1 8 1 8 1 8 1 12 10 12 10 1 12 10 12 10 1 8 1 8 1 8 1 12 10 1 8 1 12 10 1 8 1 8 1 8 1 8 1 8 1 12 10 1 12 10 1 1 12 10 1 1 1 7 1 1 12 10 1 1 12 10 1 1 100 1 12 10 1 12 10 1 1 1 12 10 1 1 12 10 12 10 1 1 1 12 10 12 9 1 8 12 10 1 1 12 9 1 1 12 10 1 12 9 1 12 9 12 9 1 100 1 7 1 1 12 9 1 7 1 7 1 1 12 10 12 9 1 12 10 1 12 10 1 8 1 12 10 12 9 1 1 12 10 1 8 1 100 1 12 10 1 12 9 1 12 9 12 10 1 12 10 1 7 1 1 12 10 1 12 10 1 12 9 1 1 12 10 1 12 10 1 12 10 12 9 1 12 10 10 1 1 1 1 1 1 1 1 1 1 1 1 1 1 1 1 1 1 1 12 10 9 1 12 9 7 1 1 12 9 100 1 1 12 10 1 12 9 1 12 10 10 9 1 1 1 1 1 1 1 1
staticfield java/lang/invoke/LambdaForm COMPILE_THRESHOLD I 0
staticfield java/lang/invoke/LambdaForm INTERNED_ARGUMENTS [[Ljava/lang/invoke/LambdaForm$Name; 5 [[Ljava/lang/invoke/LambdaForm$Name;
staticfield java/lang/invoke/LambdaForm IMPL_NAMES Ljava/lang/invoke/MemberName$Factory; java/lang/invoke/MemberName$Factory
staticfield java/lang/invoke/LambdaForm LF_identity [Ljava/lang/invoke/LambdaForm; 6 [Ljava/lang/invoke/LambdaForm;
staticfield java/lang/invoke/LambdaForm LF_zero [Ljava/lang/invoke/LambdaForm; 6 [Ljava/lang/invoke/LambdaForm;
staticfield java/lang/invoke/LambdaForm NF_identity [Ljava/lang/invoke/LambdaForm$NamedFunction; 6 [Ljava/lang/invoke/LambdaForm$NamedFunction;
staticfield java/lang/invoke/LambdaForm NF_zero [Ljava/lang/invoke/LambdaForm$NamedFunction; 6 [Ljava/lang/invoke/LambdaForm$NamedFunction;
staticfield java/lang/invoke/LambdaForm createFormsLock Ljava/lang/Object; java/lang/Object
staticfield java/lang/invoke/LambdaForm DEBUG_NAME_COUNTERS Ljava/util/HashMap; null
staticfield java/lang/invoke/LambdaForm DEBUG_NAMES Ljava/util/HashMap; null
staticfield java/lang/invoke/LambdaForm TRACE_INTERPRETER Z 0
staticfield java/lang/invoke/LambdaForm $assertionsDisabled Z 1
ciInstanceKlass java/lang/invoke/MethodHandleNatives 1 1 606 1 7 1 7 1 100 1 100 1 1 7 1 7 1 1 7 1 1 7 1 1 7 1 7 1 1 7 1 100 1 1 1 1 1 1 1 1 12 10 1 1 1 1 1 1 1 1 100 1 100 1 1 1 1 1 1 1 1 1 1 1 1 1 1 1 1 1 1 1 1 1 1 12 9 12 10 1 100 10 1 1 12 10 12 10 1 1 1 1 12 10 1 1 1 1 8 1 8 1 8 1 8 1 8 1 8 1 8 1 8 1 8 1 8 1 7 1 1 1 1 1 100 1 100 1 100 12 10 1 7 1 1 12 10 1 100 1 1 12 10 1 7 10 1 1 12 10 1 8 1 12 10 1 8 1 1 12 10 1 8 1 1 12 10 1 100 1 1 12 9 1 8 1 100 1 1 12 10 1 100 12 10 1 100 1 8 1 1 1 7 10 1 12 10 1 7 1 7 1 12 9 1 1 12 10 1 12 10 1 1 7 1 1 12 10 1 7 1 1 12 10 1 7 1 1 12 10 1 12 10 1 100 1 1 12 10 1 1 12 10 1 12 9 1 8 1 12 10 1 8 1 12 10 1 8 1 8 1 8 1 12 10 1 8 1 1 1 1 12 10 1 12 10 1 1 100 1 1 12 10 1 8 1 100 1 1 12 10 1 7 1 8 1 12 10 1 8 1 8 1 8 1 8 1 8 1 1 1 1 1 1 1 1 12 10 1 1 1 1 12 10 1 12 10 1 100 1 1 12 10 1 1 12 10 1 12 10 1 12 10 1 12 10 1 8 1 8 10 1 1 1 12 10 1 1 12 10 1 8 1 100 1 1 12 10 1 8 1 8 1 100 1 1 12 10 1 1 12 10 1 1 12 10 1 1 12 9 1 1 12 10 10 1 12 10 1 12 9 1 1 12 10 1 12 9 1 12 9 1 1 12 10 1 12 10 1 100 1 1 12 10 1 7 1 1 12 10 1 12 10 1 1 12 10 1 1 12 10 1 12 10 1 8 1 12 10 1 12 10 1 1 12 10 1 12 10 1 1 7 1 1 12 10 1 1 12 10 1 100 1 8 10 1 1 1 1 1 12 9 1 1 12 10 1 12 10 1 1 12 10 1 1 12 10 1 100 1 100 10 10 1 100 1 100 10 1 100 10 1 1 12 10 1 1 100 10 1 12 10 1 12 10 1 1 12 10 1 1 12 10 1 1 1 12 10 12 10 1 12 10 10 1 8 1 100 1 12 10 1 1 12 10 1 12 10 1 12 10 1 1 12 10 1 12 10 1 1 1 1 1 12 9 1 7 1 1 12 10 12 9 1 7 12 11 1 1 12 10 12 10 10 12 10 1 7 1 1 12 10 1 1 1 1 1 1
staticfield java/lang/invoke/MethodHandleNatives JLA Ljdk/internal/access/JavaLangAccess; java/lang/System$2
staticfield java/lang/invoke/MethodHandleNatives $assertionsDisabled Z 1
instanceKlass java/lang/invoke/DirectMethodHandle$Special
instanceKlass java/lang/invoke/DirectMethodHandle$Interface
instanceKlass java/lang/invoke/DirectMethodHandle$Accessor
instanceKlass java/lang/invoke/DirectMethodHandle$Constructor
ciInstanceKlass java/lang/invoke/DirectMethodHandle 1 1 858 1 7 1 7 1 7 1 7 1 100 1 7 1 7 1 7 1 7 1 100 1 100 1 100 1 7 1 1 7 1 7 1 1 1 1 1 1 1 7 1 7 1 1 7 1 1 7 1 1 1 1 1 1 1 1 1 1 1 3 1 3 1 3 1 3 1 3 1 3 1 3 1 1 3 1 1 3 1 3 1 1 1 1 1 1 1 1 1 1 1 1 1 3 1 3 1 1 1 1 3 1 1 1 1 1 1 1 1 1 12 10 1 1 12 10 1 100 1 12 10 1 7 1 1 12 10 1 7 1 12 10 1 1 12 10 1 12 10 1 12 10 1 7 1 1 12 10 1 1 12 10 1 12 10 1 1 12 10 1 1 12 10 1 12 10 12 9 1 100 10 12 9 12 9 1 1 1 1 12 10 1 12 10 1 1 12 10 1 12 10 1 12 10 1 12 10 1 1 12 10 1 12 10 1 1 12 10 1 8 1 1 12 10 1 12 10 10 1 12 10 12 10 1 12 10 1 1 12 10 1 1 12 10 1 12 10 1 12 10 1 12 10 1 1 12 10 1 1 12 10 12 10 8 1 100 1 1 12 10 1 12 10 1 12 10 1 1 12 10 1 12 10 1 7 1 1 12 9 1 12 10 1 1 1 7 1 1 12 10 1 1 1 12 10 1 1 1 1 12 10 1 1 12 9 1 1 1 100 10 1 8 1 1 12 10 1 12 10 1 12 10 10 1 1 12 10 1 12 10 1 12 10 1 12 10 1 1 12 10 1 12 10 1 1 12 10 1 12 10 1 1 12 10 10 1 7 1 1 12 10 1 12 10 1 7 1 1 12 10 1 12 10 1 1 12 10 1 100 1 8 1 1 12 9 1 8 1 12 9 1 12 9 1 8 1 12 9 1 12 9 1 8 1 12 9 1 12 9 1 8 1 12 10 1 1 12 10 12 9 1 7 1 1 12 10 1 7 1 1 12 10 1 1 12 10 1 12 10 1 1 12 10 1 100 1 1 12 10 1 12 10 1 1 12 10 1 7 1 1 12 10 1 7 1 1 12 10 1 12 10 1 12 10 1 12 10 1 1 12 9 10 12 9 1 12 9 1 7 1 1 12 10 1 1 1 12 10 1 7 1 7 1 7 1 1 12 9 1 7 12 10 1 1 12 10 1 12 10 1 12 10 1 1 12 10 1 1 12 9 1 1 12 10 1 100 1 100 1 1 12 10 1 12 10 1 12 10 1 1 8 1 1 12 9 1 1 100 1 12 9 12 10 1 1 12 9 1 1 100 1 12 10 1 1 1 12 9 1 1 12 9 1 1 12 10 1 12 10 1 12 10 1 1 1 1 1 1 12 10 1 7 1 1 12 10 1 12 10 1 7 1 12 10 12 9 1 12 10 1 12 10 1 12 10 1 12 10 12 10 12 9 1 1 12 10 1 1 1 1 12 9 1 12 9 1 12 9 1 12 9 1 12 9 1 12 9 1 12 9 1 12 9 1 12 9 1 12 9 1 12 9 1 12 9 1 12 9 1 12 9 1 12 9 1 12 9 1 12 9 1 12 9 1 12 9 1 12 9 1 12 9 1 12 9 1 12 9 1 12 9 1 12 9 1 12 9 1 12 9 1 12 9 1 12 9 1 12 9 1 12 9 1 12 9 1 12 9 1 12 9 1 12 9 1 12 9 1 12 9 1 8 1 1 12 9 12 9 1 12 10 12 10 1 7 9 1 12 10 1 1 12 9 12 10 1 12 10 1 12 10 1 12 10 10 1 8 1 8 1 8 1 8 1 1 12 10 12 9 1 12 10 1 100 1 1 12 10 8 12 9 1 1 12 10 8 8 8 12 9 8 8 8 8 8 8 8 1 12 10 1 12 10 8 1 8 1 12 10 1 12 10 1 1 12 10 1 1 12 10 1 1 1 1 1 1 1 1
staticfield java/lang/invoke/DirectMethodHandle IMPL_NAMES Ljava/lang/invoke/MemberName$Factory; java/lang/invoke/MemberName$Factory
staticfield java/lang/invoke/DirectMethodHandle FT_UNCHECKED_REF I 8
staticfield java/lang/invoke/DirectMethodHandle ACCESSOR_FORMS [Ljava/lang/invoke/LambdaForm; 132 [Ljava/lang/invoke/LambdaForm;
staticfield java/lang/invoke/DirectMethodHandle ALL_WRAPPERS [Lsun/invoke/util/Wrapper; 10 [Lsun/invoke/util/Wrapper;
staticfield java/lang/invoke/DirectMethodHandle NFS [Ljava/lang/invoke/LambdaForm$NamedFunction; 12 [Ljava/lang/invoke/LambdaForm$NamedFunction;
staticfield java/lang/invoke/DirectMethodHandle OBJ_OBJ_TYPE Ljava/lang/invoke/MethodType; java/lang/invoke/MethodType
staticfield java/lang/invoke/DirectMethodHandle LONG_OBJ_TYPE Ljava/lang/invoke/MethodType; java/lang/invoke/MethodType
staticfield java/lang/invoke/DirectMethodHandle $assertionsDisabled Z 1
ciInstanceKlass jdk/internal/reflect/CallerSensitive 0 0 15 1 100 1 100 1 100 1 1 1 1 1 1 1 1
ciInstanceKlass jdk/internal/reflect/ConstantPool 1 1 134 1 7 1 100 1 100 1 1 1 1 1 12 10 1 1 12 9 1 1 12 10 1 1 1 1 1 12 10 1 1 12 10 1 1 1 1 12 10 1 1 1 1 12 10 1 1 12 10 1 1 1 1 12 10 1 1 12 10 1 1 1 1 12 10 1 1 12 10 1 1 12 10 1 1 12 10 1 1 1 1 12 10 1 1 1 1 12 10 1 1 1 1 12 10 1 1 1 1 12 10 1 1 12 10 1 1 1 1 12 10 1 1 12 10 1 1 8 1 7 1 1 12 11 1 7 1 1 12 10 1 1 1 1
ciInstanceKlass jdk/internal/reflect/UnsafeStaticFieldAccessorImpl 0 0 39 1 100 1 100 1 1 1 1 12 10 1 1 12 9 1 100 1 1 12 10 12 9 1 1 8 1 100 1 1 12 11 1 100 1 1 12 10 1
instanceKlass jdk/internal/reflect/UnsafeFieldAccessorImpl
ciInstanceKlass jdk/internal/reflect/FieldAccessorImpl 1 1 53 1 100 1 100 1 100 1 1 12 10 1 1 1 100 1 1 1 1 1 1 1 1 1 1 1 1 1 1 1 1 1 1 1 100 1 1 1 1 1 1 1 1 1 1 1 1 1 1 1 1 1 1
instanceKlass jdk/internal/reflect/UnsafeStaticFieldAccessorImpl
ciInstanceKlass jdk/internal/reflect/UnsafeFieldAccessorImpl 1 1 227 1 7 1 100 1 1 1 1 1 1 1 1 1 1 1 12 10 12 9 1 100 1 1 12 10 1 100 1 1 12 10 12 9 1 7 1 1 12 10 12 9 1 12 10 12 10 12 9 1 1 1 1 12 10 1 100 1 12 10 1 100 1 1 12 10 1 12 10 1 1 1 100 10 1 12 10 1 1 12 10 1 8 10 1 12 10 1 1 1 100 1 8 1 12 10 1 8 12 10 1 8 1 12 10 1 1 1 100 1 1 12 10 10 1 8 1 100 12 10 1 1 8 1 100 1 12 10 1 1 8 1 100 1 12 10 1 1 8 1 100 1 12 10 1 1 8 1 100 1 12 10 1 1 8 1 100 1 12 10 1 1 8 1 100 1 12 10 1 1 8 1 100 1 12 10 1 1 8 1 100 1 12 10 1 1 12 10 1 1 1 1 1 1 1 1 8 1 8 1 8 1 8 1 8 1 8 1 1 12 10 1 8 1 8 1 8 12 10 1 1 1 12 10 1 1 1
staticfield jdk/internal/reflect/UnsafeFieldAccessorImpl unsafe Ljdk/internal/misc/Unsafe; jdk/internal/misc/Unsafe
ciInstanceKlass jdk/internal/reflect/NativeConstructorAccessorImpl 1 1 113 1 7 1 7 1 1 1 1 1 1 1 1 1 1 1 1 1 1 1 1 12 10 12 9 1 1 1 100 1 100 1 100 1 100 12 9 1 7 1 1 12 10 1 7 1 1 12 10 1 7 1 1 12 10 12 9 12 9 12 9 1 7 1 1 12 10 1 7 10 1 1 12 10 1 12 10 1 12 10 1 1 12 10 12 9 1 7 1 1 12 10 1 1 12 10 1 1 1 1 1 1 12 10 8 1 1 12 10 1 1 1 1
staticfield jdk/internal/reflect/NativeConstructorAccessorImpl U Ljdk/internal/misc/Unsafe; jdk/internal/misc/Unsafe
staticfield jdk/internal/reflect/NativeConstructorAccessorImpl GENERATED_OFFSET J 16
ciInstanceKlass java/lang/invoke/ConstantCallSite 1 1 55 1 7 1 7 1 1 1 1 1 1 1 12 10 12 9 12 9 1 7 1 1 12 10 1 1 100 12 10 1 1 1 100 12 10 1 1 12 9 1 1 100 10 1 12 10 1 1 1 12 10 1 1 1 1
staticfield java/lang/invoke/ConstantCallSite UNSAFE Ljdk/internal/misc/Unsafe; jdk/internal/misc/Unsafe
ciInstanceKlass java/lang/invoke/MutableCallSite 0 0 52 1 100 1 100 1 1 1 1 12 10 1 12 10 1 1 1 1 12 9 1 1 12 10 1 1 12 10 1 1 12 9 1 100 1 1 12 10 1 100 1 100 1 1 12 10 1 1 12 10 1 1
instanceKlass java/lang/invoke/VarHandleReferences$FieldStaticReadOnly
instanceKlass java/lang/invoke/VarHandleReferences$FieldInstanceReadOnly
instanceKlass java/lang/invoke/VarHandleByteArrayAsLongs$ByteArrayViewVarHandle
instanceKlass java/lang/invoke/VarHandleByteArrayAsInts$ByteArrayViewVarHandle
ciInstanceKlass java/lang/invoke/VarHandle 1 1 368 1 7 1 7 1 100 1 100 1 100 1 100 1 7 1 7 1 100 1 7 1 7 1 1 1 1 1 1 100 1 100 1 1 1 1 1 1 1 1 1 1 1 1 1 1 1 1 1 1 12 10 1 12 10 12 9 12 9 1 1 1 100 10 1 1 1 1 1 1 1 1 1 1 1 1 1 1 1 1 1 1 1 1 1 1 1 1 1 1 1 1 1 1 1 1 1 1 1 1 1 1 1 1 1 1 1 1 1 1 1 8 1 1 12 10 1 7 1 12 10 1 1 12 10 1 100 1 1 12 10 1 1 1 12 9 1 1 12 10 1 100 1 1 12 10 1 1 12 10 1 1 12 9 1 12 10 1 1 12 9 1 12 10 1 12 10 1 1 1 1 1 12 9 1 1 12 9 1 12 10 1 1 100 1 100 10 1 8 1 1 12 10 1 12 10 1 8 12 10 1 12 10 1 1 12 10 1 1 12 9 1 12 10 1 1 12 10 1 12 10 1 1 10 1 100 1 1 12 10 1 1 12 10 1 1 12 10 1 1 12 10 1 100 1 1 12 10 1 1 1 1 100 1 12 10 12 9 10 1 1 12 9 1 12 10 1 12 10 1 1 12 10 1 12 10 1 100 1 1 12 10 1 1 12 9 1 1 12 10 12 9 1 12 10 1 12 10 1 100 1 12 10 1 100 10 1 1 7 1 1 12 9 12 9 1 7 1 1 12 10 1 12 10 1 1 12 10 1 1 12 10 1 12 10 1 12 10 1 1 12 10 10 1 7 1 1 12 10 12 9 8 1 1 12 10 1 7 1 1 12 10 1 1 1 1 1 1
staticfield java/lang/invoke/VarHandle AIOOBE_SUPPLIER Ljava/util/function/BiFunction; jdk/internal/util/Preconditions$1
staticfield java/lang/invoke/VarHandle VFORM_OFFSET J 16
staticfield java/lang/invoke/VarHandle $assertionsDisabled Z 1
ciInstanceKlass java/lang/invoke/MemberName 1 1 693 1 7 1 7 1 100 1 100 1 7 1 100 1 7 1 1 100 1 100 1 1 100 1 100 1 1 1 1 1 1 1 1 1 1 1 1 1 1 1 3 1 3 1 3 1 3 1 3 1 3 1 1 8 1 3 1 3 1 3 1 3 1 3 1 3 1 3 1 3 1 3 1 3 1 3 1 3 1 1 1 1 1 12 9 1 1 1 7 12 10 1 1 12 9 1 1 12 10 1 1 1 1 12 10 1 12 10 1 12 10 1 12 10 1 7 1 1 12 10 1 12 10 1 100 1 12 9 1 12 10 1 100 1 100 12 10 1 8 1 1 12 10 1 12 10 1 12 10 1 12 10 12 9 1 8 1 100 1 1 12 10 1 7 10 1 1 12 10 1 100 1 100 1 1 12 10 12 9 1 100 1 8 1 12 10 1 100 1 1 12 10 1 12 10 1 12 10 1 1 12 10 1 12 10 1 12 10 1 1 12 10 1 1 1 1 12 10 1 1 12 10 1 8 1 8 1 8 1 1 1 1 100 1 1 12 10 1 12 10 1 1 12 9 1 1 12 10 1 12 10 1 12 10 10 1 1 12 10 1 12 10 1 12 10 1 12 10 1 12 10 8 1 1 12 10 1 12 10 1 8 1 100 9 8 1 100 9 1 1 12 10 1 1 1 12 10 1 12 10 1 8 1 1 12 10 1 12 10 12 10 1 1 12 10 1 1 12 10 1 100 1 1 12 10 1 12 10 1 8 1 12 10 1 12 10 1 8 1 1 1 12 10 1 1 1 12 10 1 1 1 100 1 1 12 10 12 10 1 8 1 8 1 1 12 10 1 100 1 1 12 10 1 7 12 10 1 12 10 1 12 10 1 12 10 1 12 10 1 10 1 12 10 1 12 10 1 12 10 1 3 12 10 1 1 12 10 1 1 1 1 3 1 1 1 12 10 1 7 1 1 12 10 1 1 1 12 10 1 1 1 12 9 1 1 12 10 1 1 3 1 1 12 10 10 1 7 1 1 12 10 1 12 10 1 100 10 10 12 10 12 10 1 12 10 10 12 10 12 10 12 10 12 10 1 100 10 10 12 10 1 100 10 10 12 10 1 1 1 12 10 10 1 1 12 10 1 1 1 100 10 1 1 12 10 1 100 10 12 10 1 12 10 1 12 10 1 1 1 10 1 12 10 1 1 12 10 1 1 1 12 10 1 12 10 1 12 10 1 100 12 10 1 1 12 10 1 1 100 1 8 10 1 7 1 12 10 12 10 1 1 12 10 1 12 10 1 12 10 1 1 1 1 1 1 8 1 8 1 8 1 8 1 12 10 1 1 1 12 10 1 1 12 10 1 8 1 8 1 12 10 1 8 10 1 12 10 1 12 10 1 8 1 8 10 1 12 10 1 1 1 8 1 1 12 10 1 8 1 12 10 1 1 12 10 1 12 10 1 100 1 8 1 8 1 8 1 8 1 100 10 1 1 8 1 8 1 8 1 8 1 12 10 1 100 1 100 1 100 10 1 100 10 1 100 1 1 12 10 1 1 1 1 12 9 1 1 1 1 1 1 1 1
staticfield java/lang/invoke/MemberName $assertionsDisabled Z 1
ciInstanceKlass java/lang/invoke/ResolvedMethodName 1 1 10 1 100 1 100 1 1 12 10 1
ciInstanceKlass java/lang/StackWalker 0 0 217 1 100 1 100 1 100 1 100 1 100 1 1 1 100 1 100 1 1 100 1 1 1 100 1 100 1 1 1 1 1 1 1 1 1 1 1 1 1 1 1 1 1 12 9 1 1 100 1 1 12 10 1 100 1 1 12 10 1 12 10 1 1 100 1 1 12 11 1 1 12 10 1 1 12 10 1 1 12 10 1 1 1 100 1 8 1 12 10 1 12 10 1 1 12 10 1 1 1 12 10 12 9 12 9 12 9 1 1 12 9 1 1 12 10 12 9 1 1 100 1 1 12 10 1 1 12 11 1 100 1 8 10 1 100 1 12 10 1 12 9 1 1 12 10 1 1 1 1 1 1 12 10 1 12 10 1 1 1 16 1 1 12 10 15 1 16 1 100 1 1 12 10 15 1 1 12 18 1 1 1 1 100 1 8 10 1 1 12 10 1 12 10 1 1 1 1 1 1 12 9 1 100 12 11 1 1 1 12 10 1 1 1 1 1 1 1
ciInstanceKlass java/lang/StackStreamFactory$AbstractStackWalker 1 0 286 1 100 1 1 100 1 100 1 1 100 1 100 1 1 100 1 1 100 1 100 1 1 1 1 1 1 1 1 1 1 1 1 1 1 1 1 3 1 12 10 1 12 10 1 100 1 1 12 10 12 9 1 1 12 10 12 9 12 9 12 9 12 9 1 1 12 9 1 1 12 10 1 1 12 10 1 1 1 1 1 1 1 1 12 9 1 12 10 12 10 1 1 12 9 1 100 1 1 12 9 1 100 10 1 8 1 1 12 10 1 12 10 1 8 1 1 12 10 1 100 1 1 12 10 1 1 1 100 1 8 1 12 10 1 8 12 10 1 1 12 9 1 12 10 12 9 1 8 5 0 1 8 1 8 1 1 1 1 12 9 12 10 1 12 10 12 10 1 100 1 1 12 9 1 1 1 1 12 10 1 12 10 1 12 10 1 12 10 12 10 1 1 12 10 1 8 1 12 10 1 12 10 1 100 1 12 10 1 1 1 1 12 10 1 8 1 100 1 1 12 10 1 1 12 10 1 1 12 10 12 10 12 10 1 100 1 1 12 10 1 12 9 1 8 1 12 10 1 12 10 1 1 12 10 12 10 12 10 1 12 10 1 1 12 10 1 1 12 10 1 1 12 10 1 12 10 1 8 1 1 1 1 1 1 1
ciInstanceKlass jdk/internal/module/Modules 1 1 441 1 7 1 100 1 100 1 100 1 1 100 1 1 100 1 100 1 1 1 1 1 1 1 1 1 1 1 12 10 1 1 12 9 1 7 12 11 1 1 12 11 1 1 12 11 1 1 12 11 1 12 11 1 12 11 1 12 11 1 12 11 1 1 1 12 11 1 1 1 1 100 1 1 12 10 1 100 1 1 12 10 1 16 1 1 12 10 15 16 1 100 1 1 12 10 15 1 1 12 18 1 100 1 1 12 10 1 100 1 100 1 12 10 1 7 1 100 1 100 1 100 1 1 12 10 1 100 1 12 10 1 12 10 1 12 11 1 1 1 12 9 1 100 1 12 11 1 1 1 12 10 10 1 12 10 10 1 1 12 9 1 12 10 1 1 12 10 1 100 1 12 10 1 100 1 100 1 1 12 11 1 100 1 1 12 10 1 100 1 12 11 1 1 12 10 1 100 1 12 10 1 100 1 1 12 10 1 1 12 10 1 1 12 10 1 1 12 11 16 1 1 12 10 15 1 16 1 1 12 18 1 100 1 12 11 1 100 1 1 12 10 1 100 1 1 12 11 1 100 1 100 1 1 12 11 1 100 1 1 12 11 1 12 11 1 1 12 10 1 12 10 1 16 1 12 10 15 1 16 1 1 12 18 1 1 12 11 1 16 1 1 12 10 15 1 16 1 1 12 18 1 1 12 11 1 12 10 10 15 1 16 18 1 1 12 10 15 1 16 18 1 1 12 10 12 9 1 100 1 1 12 11 1 100 10 1 12 11 1 1 12 11 1 1 12 11 10 1 100 1 1 12 10 1 100 1 12 10 1 12 10 12 11 1 12 10 1 100 10 1 1 12 10 15 16 1 12 18 1 1 12 10 1 1 1 100 1 8 1 12 10 1 12 10 1 1 12 10 15 16 1 12 18 11 12 11 1 12 10 10 10 1 1 12 10 15 1 12 18 10 10 1 1 12 10 1 7 1 1 12 10 1 1 12 10 1 1 1 1 1
staticfield jdk/internal/module/Modules JLA Ljdk/internal/access/JavaLangAccess; java/lang/System$2
staticfield jdk/internal/module/Modules JLMA Ljdk/internal/access/JavaLangModuleAccess; java/lang/module/ModuleDescriptor$1
staticfield jdk/internal/module/Modules $assertionsDisabled Z 1
ciInstanceKlass java/util/Locale 1 1 1042 1 7 1 7 1 100 1 100 1 100 1 100 1 100 1 100 1 7 1 100 1 100 1 7 1 100 1 100 1 100 1 100 1 1 1 1 1 1 100 1 100 1 1 100 1 100 1 1 100 1 100 1 1 1 1 1 100 1 100 1 1 1 1 1 1 1 1 1 1 1 1 1 1 1 1 1 1 1 1 1 1 1 1 1 1 1 1 1 3 1 3 1 1 5 0 1 1 3 1 3 1 3 1 3 1 3 1 3 1 1 1 1 1 1 1 1 1 1 1 1 1 1 1 1 1 1 1 1 7 1 1 12 9 1 1 12 10 12 9 1 7 1 1 12 11 1 12 10 12 9 12 9 1 1 7 1 100 10 1 1 12 10 1 8 1 1 12 10 1 1 12 10 1 12 10 1 1 1 12 10 1 12 10 1 1 12 11 1 1 12 9 10 10 1 1 12 9 1 1 7 1 12 10 1 1 12 9 12 9 1 12 10 12 9 1 12 9 1 100 1 8 1 12 10 12 9 1 12 10 1 12 10 1 7 1 1 12 10 1 8 1 8 1 7 1 1 12 10 1 8 12 10 1 1 12 10 1 1 12 10 1 12 10 1 8 1 8 1 8 1 8 1 1 12 10 1 7 1 12 10 1 100 1 12 9 1 1 12 10 1 12 9 1 12 10 1 12 9 1 12 10 1 12 9 1 12 10 1 12 9 1 1 12 10 1 1 100 1 7 1 1 12 10 1 1 12 10 1 7 10 1 1 12 10 10 1 1 12 10 1 1 1 12 10 1 8 12 10 1 8 1 100 1 1 12 10 1 100 1 8 12 10 1 100 1 1 12 10 1 1 12 9 1 1 12 10 1 8 1 1 1 12 10 1 1 12 9 1 8 1 1 12 10 1 1 12 10 1 1 1 12 10 1 12 9 1 8 1 12 10 100 10 10 1 12 10 10 1 1 1 12 10 1 1 1 1 12 10 1 100 1 7 10 1 8 1 1 12 10 1 12 10 1 12 10 10 1 100 1 1 12 10 1 1 12 10 1 1 1 1 100 1 12 10 1 12 10 1 1 12 10 1 1 12 10 1 8 12 10 1 12 10 1 1 12 10 1 12 10 10 1 8 1 12 9 1 7 1 1 12 10 10 1 12 10 10 1 8 1 12 10 10 1 12 10 1 1 12 10 1 7 1 1 12 11 1 7 1 12 11 1 1 12 11 1 12 10 1 12 10 1 12 10 10 1 8 1 100 1 1 1 1 12 10 1 1 12 10 12 10 1 1 100 1 12 10 1 8 1 8 10 1 8 10 1 1 8 1 8 1 1 12 10 1 12 10 1 12 10 1 1 12 10 1 12 10 1 12 10 1 100 1 1 12 10 1 8 1 1 12 9 1 7 1 12 10 1 1 12 10 1 12 10 1 100 1 1 12 10 1 1 12 10 1 1 12 10 1 8 1 100 1 12 10 1 1 12 10 1 12 10 1 8 1 100 1 12 10 1 1 12 10 1 100 1 1 12 10 1 1 12 10 1 100 1 1 12 11 16 1 1 12 10 15 16 1 100 1 1 12 10 15 1 1 12 18 1 100 1 1 12 11 16 15 16 1 1 12 18 1 1 12 11 1 1 12 10 15 1 12 18 1 12 10 1 12 10 1 1 12 10 1 1 12 11 1 100 1 100 10 1 1 12 10 1 8 1 1 100 12 10 1 100 1 12 10 1 12 9 12 10 10 1 12 10 10 1 100 1 8 10 1 12 10 1 12 10 1 1 10 10 1 8 1 8 1 8 12 9 1 12 10 1 12 10 1 8 1 12 10 1 12 10 1 100 1 12 10 1 12 10 15 1 12 18 1 12 10 1 8 1 12 10 1 12 10 1 8 1 100 1 1 12 10 1 1 12 11 16 1 1 12 10 15 16 1 12 18 1 1 12 11 1 12 10 1 1 1 100 1 1 12 10 1 8 1 12 10 1 8 1 8 1 8 1 8 1 8 1 12 10 1 12 10 1 1 1 100 1 1 12 10 1 12 10 1 100 1 12 10 10 1 1 100 1 12 10 1 12 10 10 1 8 1 1 12 10 1 8 1 8 1 12 9 1 8 1 8 1 12 9 1 1 1 1 100 12 10 1 1 1 1 12 9 10 1 1 12 10 1 10 1 1 1 12 10 1 1 1 12 10 1 1 12 10 12 10 1 1 7 1 12 10 1 7 10 12 10 12 9 12 9 12 9 12 9 12 9 12 9 12 9 12 9 12 9 12 9 12 9 12 9 12 9 12 9 12 9 12 9 12 9 12 9 12 9 12 9 12 9 12 10 1 7 1 12 10 1 1 12 9 12 9 1 1 1 1 1 1 1 1
staticfield java/util/Locale ENGLISH Ljava/util/Locale; java/util/Locale
staticfield java/util/Locale FRENCH Ljava/util/Locale; java/util/Locale
staticfield java/util/Locale GERMAN Ljava/util/Locale; java/util/Locale
staticfield java/util/Locale ITALIAN Ljava/util/Locale; java/util/Locale
staticfield java/util/Locale JAPANESE Ljava/util/Locale; java/util/Locale
staticfield java/util/Locale KOREAN Ljava/util/Locale; java/util/Locale
staticfield java/util/Locale CHINESE Ljava/util/Locale; java/util/Locale
staticfield java/util/Locale SIMPLIFIED_CHINESE Ljava/util/Locale; java/util/Locale
staticfield java/util/Locale TRADITIONAL_CHINESE Ljava/util/Locale; java/util/Locale
staticfield java/util/Locale FRANCE Ljava/util/Locale; java/util/Locale
staticfield java/util/Locale GERMANY Ljava/util/Locale; java/util/Locale
staticfield java/util/Locale ITALY Ljava/util/Locale; java/util/Locale
staticfield java/util/Locale JAPAN Ljava/util/Locale; java/util/Locale
staticfield java/util/Locale KOREA Ljava/util/Locale; java/util/Locale
staticfield java/util/Locale UK Ljava/util/Locale; java/util/Locale
staticfield java/util/Locale US Ljava/util/Locale; java/util/Locale
staticfield java/util/Locale CANADA Ljava/util/Locale; java/util/Locale
staticfield java/util/Locale CANADA_FRENCH Ljava/util/Locale; java/util/Locale
staticfield java/util/Locale ROOT Ljava/util/Locale; java/util/Locale
staticfield java/util/Locale CONSTANT_LOCALES Ljava/util/Map; java/util/HashMap
staticfield java/util/Locale CHINA Ljava/util/Locale; java/util/Locale
staticfield java/util/Locale PRC Ljava/util/Locale; java/util/Locale
staticfield java/util/Locale TAIWAN Ljava/util/Locale; java/util/Locale
staticfield java/util/Locale serialPersistentFields [Ljava/io/ObjectStreamField; 6 [Ljava/io/ObjectStreamField;
staticfield java/util/Locale $assertionsDisabled Z 1
ciInstanceKlass java/util/Arrays$ArrayList 1 1 119 1 7 1 1 7 1 100 1 100 1 7 1 1 7 1 1 1 5 0 1 1 1 1 1 1 1 12 10 1 7 1 1 12 10 7 12 9 1 1 1 1 1 1 12 10 1 1 12 10 1 7 1 1 12 10 1 100 1 1 12 10 1 1 1 1 1 1 1 1 1 1 12 10 1 12 10 1 1 1 1 100 1 12 10 1 1 1 1 100 1 1 12 11 1 1 1 1 100 1 12 11 1 1 1 1 12 10 1 1 1 12 10 1 1 1 1 1 1
ciMethod java/util/AbstractList <init> ()V 70 0 241484 0 64
ciMethod java/util/List add (Ljava/lang/Object;)Z 0 0 1 0 -1
ciMethod java/util/List remove (I)Ljava/lang/Object; 0 0 1 0 -1
ciMethod java/util/List isEmpty ()Z 0 0 1 0 -1
ciMethod java/util/List contains (Ljava/lang/Object;)Z 0 0 1 0 -1
ciMethod java/util/List size ()I 0 0 1 0 -1
ciMethod java/util/Arrays copyOfRange ([BII)[B 608 0 6575 0 736
ciMethod java/util/Arrays copyOf ([BI)[B 108 0 5184 0 704
ciMethod java/lang/Math max (II)I 1024 0 257642 0 -1
ciMethod java/lang/Math min (II)I 632 0 81685 0 -1
ciMethod java/lang/StringBuilder charAt (I)C 512 0 10157 0 0
ciMethod java/lang/StringBuilder length ()I 514 0 23721 0 64
ciMethod java/lang/StringBuilder <init> (Ljava/lang/String;)V 12 0 2429 0 0
ciMethod java/lang/StringBuilder <init> (I)V 768 0 38463 0 544
ciMethod java/lang/StringBuilder <init> ()V 112 0 126071 0 416
ciMethod java/lang/StringBuilder toString ()Ljava/lang/String; 116 0 221196 0 1120
ciMethod java/lang/StringBuilder append (Ljava/lang/String;)Ljava/lang/AbstractStringBuilder; 512 0 6617 0 0
ciMethod java/lang/StringBuilder append (C)Ljava/lang/AbstractStringBuilder; 806 0 141919 0 0
ciMethod java/lang/StringBuilder append (Ljava/lang/String;)Ljava/lang/StringBuilder; 212 0 208296 0 1696
ciMethod java/lang/StringBuilder append (C)Ljava/lang/StringBuilder; 772 0 423773 0 1440
ciMethod java/lang/StringBuilder insert (ILjava/lang/String;)Ljava/lang/StringBuilder; 0 0 1 0 -1
ciMethod java/lang/StringBuilder codePointAt (I)I 0 0 1 0 -1
ciMethod java/lang/StringBuilder setLength (I)V 10 0 25007 0 1248
ciMethod java/lang/StringBuilder setCharAt (IC)V 0 0 1 0 0
ciMethod java/lang/StringBuilder appendCodePoint (I)Ljava/lang/StringBuilder; 806 0 141559 0 1472
ciMethod java/lang/StringBuilder deleteCharAt (I)Ljava/lang/StringBuilder; 0 0 22 0 -1
ciMethod java/lang/String charAt (I)C 868 0 2094352 0 160
ciMethod java/lang/String isEmpty ()Z 524 0 305471 0 -1
ciMethod java/lang/String length ()I 626 0 1198185 0 96
ciMethod java/lang/String <init> ([BB)V 658 0 23765 0 320
ciMethod java/lang/String <init> ([C)V 20 0 6154 0 -1
ciMethod java/lang/String equals (Ljava/lang/Object;)Z 1024 0 8129 0 448
ciMethod java/lang/String checkIndex (II)V 0 0 5490 0 128
ciMethod java/lang/String coder ()B 1016 0 1404036 0 64
ciMethod java/lang/String encode (Ljava/nio/charset/Charset;B[B)[B 216 0 1577 0 0
ciMethod java/lang/String encodeUTF8 (B[BZ)[B 6 0 11 0 0
ciMethod java/lang/String encode8859_1 (B[B)[B 252 0 1427 0 -1
ciMethod java/lang/String encodeASCII (B[B)[B 0 0 32 0 -1
ciMethod java/lang/String encodeWithEncoder (Ljava/nio/charset/Charset;B[BZ)[B 214 0 107 0 -1
ciMethod java/lang/String encodeUTF8_UTF16 ([BZ)[B 0 0 1 0 -1
ciMethod java/lang/String isLatin1 ()Z 1024 0 2587571 0 96
ciMethod java/lang/String codePointAt (I)I 790 0 21598 0 320
ciMethod java/lang/String codePointBefore (I)I 812 0 119 0 -1
ciMethod java/lang/String getBytes (Ljava/nio/charset/Charset;)[B 0 0 1467 0 0
ciMethod java/lang/String getBytes ([BIIBI)V 530 0 12857 0 608
ciMethod java/lang/String substring (II)Ljava/lang/String; 518 0 17952 0 -1
ciMethod java/lang/String toLowerCase (Ljava/util/Locale;)Ljava/lang/String; 512 0 33021 0 2592
ciMethod java/util/ArrayList size ()I 266 0 133 0 0
ciMethod java/util/ArrayList isEmpty ()Z 512 0 11715 0 96
ciMethod java/util/ArrayList remove (I)Ljava/lang/Object; 1024 0 6690 0 0
ciMethod java/util/ArrayList add (Ljava/lang/Object;)Z 182 0 331301 0 2048
ciMethod java/util/ArrayList <init> ()V 42 0 147351 0 288
ciMethod java/util/ArrayList add (Ljava/lang/Object;[Ljava/lang/Object;I)V 182 0 331301 0 -1
ciMethod java/util/ArrayList fastRemove ([Ljava/lang/Object;I)V 1024 0 6691 0 -1
ciMethod java/lang/Enum ordinal ()I 270 0 135 0 0
ciMethod java/lang/Object <init> ()V 1024 0 3292161 0 128
ciInstanceKlass io/mola/galimatias/GalimatiasParseException 1 1 61 10 9 9 9 100 10 10 10 7 7 100 1 1 1 1 1 1 1 1 1 1 1 1 1 1 1 1 1 1 1 1 1 1 1 100 7 100 1 1 1 1 1 1 12 12 12 12 1 12 12 12 1 1 1 1 1 1 1 1 1
ciInstanceKlass io/mola/galimatias/URL 1 1 405 10 10 10 100 8 10 9 8 9 9 9 9 10 9 9 9 9 9 8 7 10 7 10 10 10 10 10 10 10 10 10 10 10 10 10 10 11 11 11 7 10 8 7 10 10 10 10 10 11 10 11 7 10 10 10 10 10 10 10 10 10 10 10 10 10 10 10 8 100 8 10 10 8 9 10 8 10 7 8 10 8 10 10 8 10 8 8 9 10 10 9 9 7 10 10 10 10 8 10 100 10 10 100 8 10 10 8 7 10 10 10 10 100 1 1 1 5 0 1 1 1 1 1 1 1 1 1 1 1 1 1 1 1 1 1 1 1 1 1 1 1 1 1 1 1 1 1 7 1 1 1 1 1 1 1 1 1 1 1 1 1 1 1 1 1 1 7 1 1 1 1 1 1 1 100 7 1 1 1 1 1 1 1 1 1 1 1 1 1 1 1 1 1 1 1 1 1 1 1 1 1 1 1 1 1 1 1 1 100 1 1 100 1 1 1 1 1 1 1 1 1 1 1 1 1 1 1 1 1 1 1 12 12 12 1 1 12 12 1 12 12 12 12 12 12 12 12 12 12 1 1 12 1 12 12 12 12 12 12 12 7 12 7 12 12 12 12 7 12 12 12 1 1 1 12 12 12 12 7 12 12 1 12 12 12 12 12 12 12 12 12 12 12 12 12 1 1 1 12 1 7 12 12 1 12 1 1 12 1 12 12 1 1 1 12 12 12 12 12 1 12 12 12 12 1 12 1 1 1 12 1 1 12 12 12 1 1 1 1 1 1 1 1 1 1 1 1 1 1 1 1 1 1 1 1 1 1 1 1 1 1 1 1 1 1 1 1 1 1 1 1 1 1 1 1 1 1 1 1 1 1 1 1 1 1 1 1 1 1 1 1 1 1 1 1 1 1 1 1 1 1 1 1 1
ciInstanceKlass io/mola/galimatias/URLParser 1 1 605 10 10 9 9 9 9 10 9 9 9 9 9 10 9 10 10 10 10 10 11 100 10 10 11 10 10 8 10 9 10 10 10 8 9 8 9 7 10 10 8 10 8 8 8 8 7 10 10 8 9 8 9 8 10 9 10 100 8 10 10 10 8 10 10 10 10 10 10 10 10 9 7 10 10 10 9 10 9 10 10 10 10 9 9 10 10 10 10 9 9 10 8 10 10 10 10 8 10 9 9 9 9 8 10 10 8 10 10 10 10 10 10 9 10 10 9 8 8 10 10 10 9 11 11 11 9 9 9 8 9 8 8 8 10 10 10 8 10 10 9 9 10 10 9 10 10 10 8 10 3 100 8 9 10 8 8 8 8 8 8 11 8 8 9 10 10 8 8 7 10 9 9 9 10 10 10 10 10 7 7 7 1 7 1 7 1 1 1 1 1 1 1 1 1 1 1 1 1 1 1 1 1 1 1 1 1 1 1 1 1 1 1 1 1 1 1 1 1 1 1 1 1 1 1 1 1 1 1 1 1 1 1 1 1 1 1 1 1 1 1 1 1 1 1 1 1 1 1 1 1 1 1 1 1 1 1 1 1 1 1 1 1 1 1 1 1 1 1 1 1 1 1 1 1 1 1 1 1 7 7 100 1 1 1 1 1 1 1 1 1 1 1 1 1 1 12 12 12 12 12 12 7 12 12 12 12 12 12 12 12 7 12 12 12 12 12 100 12 1 12 12 12 12 12 1 100 12 100 12 12 12 12 1 12 1 12 1 12 1 12 1 1 1 1 1 12 12 1 12 1 12 1 100 12 12 12 1 1 12 12 12 1 12 12 12 12 12 12 12 12 1 12 12 12 12 12 12 12 12 12 12 12 7 12 12 12 12 12 12 1 12 12 12 12 1 12 12 12 12 12 1 12 12 1 12 12 12 12 12 12 12 12 12 12 1 1 12 12 12 12 12 12 12 12 12 12 1 12 1 1 1 12 12 1 12 12 12 12 12 12 12 12 12 1 100 12 1 1 7 12 12 1 1 1 1 1 1 12 1 1 12 12 12 1 1 1 12 12 12 12 12 12 12 12 1 1 1 1 1 1 1 1 1 1 1 1 1 1 1 1 1 1 1 1 1 1 1 1 1 1 1 1 1 1 1 1 1 1 1 1 1 1 1 1 1 1 1 1 1 1 1 1 1 1 1 1 1 1 1 1 1 1 1 1 1 1 1 1 1 1 1 1 1 1 1 1 1 1 1 1 1 1 1 1 1 1 1 1 1 1 1 1 1 1 1 1 1 1 1 1 1 1 1 1 1 1 1 1 1 1 1 1 1 1 1 1 1 1 1 1 1 1 1 1 1 1 1 1 1 1 1 1 1 1
ciInstanceKlass io/mola/galimatias/URLParser$ParseURLState 1 1 116 9 10 7 7 10 10 8 10 9 8 9 8 9 8 9 8 9 8 9 8 9 8 9 8 9 8 9 8 9 8 9 8 9 8 9 8 9 8 9 8 9 8 9 7 1 1 1 1 1 1 1 1 1 1 1 1 1 1 1 1 1 1 1 1 1 1 1 1 1 1 1 1 1 1 1 1 1 1 1 1 1 1 1 1 1 12 7 12 100 1 12 12 12 12 12 12 12 12 12 12 12 12 12 12 12 12 12 12 12 12 1 1 1 1 1
staticfield io/mola/galimatias/URLParser$ParseURLState SCHEME_START Lio/mola/galimatias/URLParser$ParseURLState; io/mola/galimatias/URLParser$ParseURLState
staticfield io/mola/galimatias/URLParser$ParseURLState SCHEME Lio/mola/galimatias/URLParser$ParseURLState; io/mola/galimatias/URLParser$ParseURLState
staticfield io/mola/galimatias/URLParser$ParseURLState SCHEME_DATA Lio/mola/galimatias/URLParser$ParseURLState; io/mola/galimatias/URLParser$ParseURLState
staticfield io/mola/galimatias/URLParser$ParseURLState NO_SCHEME Lio/mola/galimatias/URLParser$ParseURLState; io/mola/galimatias/URLParser$ParseURLState
staticfield io/mola/galimatias/URLParser$ParseURLState RELATIVE_OR_AUTHORITY Lio/mola/galimatias/URLParser$ParseURLState; io/mola/galimatias/URLParser$ParseURLState
staticfield io/mola/galimatias/URLParser$ParseURLState RELATIVE Lio/mola/galimatias/URLParser$ParseURLState; io/mola/galimatias/URLParser$ParseURLState
staticfield io/mola/galimatias/URLParser$ParseURLState RELATIVE_SLASH Lio/mola/galimatias/URLParser$ParseURLState; io/mola/galimatias/URLParser$ParseURLState
staticfield io/mola/galimatias/URLParser$ParseURLState AUTHORITY_FIRST_SLASH Lio/mola/galimatias/URLParser$ParseURLState; io/mola/galimatias/URLParser$ParseURLState
staticfield io/mola/galimatias/URLParser$ParseURLState AUTHORITY_SECOND_SLASH Lio/mola/galimatias/URLParser$ParseURLState; io/mola/galimatias/URLParser$ParseURLState
staticfield io/mola/galimatias/URLParser$ParseURLState AUTHORITY_IGNORE_SLASHES Lio/mola/galimatias/URLParser$ParseURLState; io/mola/galimatias/URLParser$ParseURLState
staticfield io/mola/galimatias/URLParser$ParseURLState AUTHORITY Lio/mola/galimatias/URLParser$ParseURLState; io/mola/galimatias/URLParser$ParseURLState
staticfield io/mola/galimatias/URLParser$ParseURLState FILE_HOST Lio/mola/galimatias/URLParser$ParseURLState; io/mola/galimatias/URLParser$ParseURLState
staticfield io/mola/galimatias/URLParser$ParseURLState HOST Lio/mola/galimatias/URLParser$ParseURLState; io/mola/galimatias/URLParser$ParseURLState
staticfield io/mola/galimatias/URLParser$ParseURLState PORT Lio/mola/galimatias/URLParser$ParseURLState; io/mola/galimatias/URLParser$ParseURLState
staticfield io/mola/galimatias/URLParser$ParseURLState RELATIVE_PATH_START Lio/mola/galimatias/URLParser$ParseURLState; io/mola/galimatias/URLParser$ParseURLState
staticfield io/mola/galimatias/URLParser$ParseURLState RELATIVE_PATH Lio/mola/galimatias/URLParser$ParseURLState; io/mola/galimatias/URLParser$ParseURLState
staticfield io/mola/galimatias/URLParser$ParseURLState QUERY Lio/mola/galimatias/URLParser$ParseURLState; io/mola/galimatias/URLParser$ParseURLState
staticfield io/mola/galimatias/URLParser$ParseURLState FRAGMENT Lio/mola/galimatias/URLParser$ParseURLState; io/mola/galimatias/URLParser$ParseURLState
staticfield io/mola/galimatias/URLParser$ParseURLState $VALUES [Lio/mola/galimatias/URLParser$ParseURLState; 18 [Lio/mola/galimatias/URLParser$ParseURLState;
ciInstanceKlass io/mola/galimatias/URLParser$1 1 1 112 10 9 9 10 100 9 9 9 10 9 9 10 9 9 9 9 9 9 9 9 9 9 9 9 9 9 9 9 9 7 100 1 1 1 1 1 1 1 1 1 1 1 1 100 7 12 12 12 12 1 12 12 12 7 12 12 12 12 12 12 12 12 12 12 12 12 12 12 12 12 12 12 12 12 1 1 1 1 1 1 1 1 1 1 1 1 1 1 1 1 1 1 1 1 1 1 1 1 1 1 1 1 1 1 1 1 1 1 1 1 1
staticfield io/mola/galimatias/URLParser$1 $SwitchMap$io$mola$galimatias$URLParser$ParseURLState [I 18
staticfield io/mola/galimatias/URLParser$1 $SwitchMap$io$mola$galimatias$URLParser$EncodeSet [I 4
ciInstanceKlass io/mola/galimatias/URLParser$EncodeSet 1 1 60 9 10 7 7 10 10 8 10 9 8 9 8 9 8 9 7 1 1 1 1 1 1 1 1 1 1 1 1 1 1 1 1 1 1 1 1 1 1 1 1 1 1 1 12 7 12 100 1 12 12 12 12 12 12 1 1 1 1 1
staticfield io/mola/galimatias/URLParser$EncodeSet SIMPLE Lio/mola/galimatias/URLParser$EncodeSet; io/mola/galimatias/URLParser$EncodeSet
staticfield io/mola/galimatias/URLParser$EncodeSet DEFAULT Lio/mola/galimatias/URLParser$EncodeSet; io/mola/galimatias/URLParser$EncodeSet
staticfield io/mola/galimatias/URLParser$EncodeSet PASSWORD Lio/mola/galimatias/URLParser$EncodeSet; io/mola/galimatias/URLParser$EncodeSet
staticfield io/mola/galimatias/URLParser$EncodeSet USERNAME Lio/mola/galimatias/URLParser$EncodeSet; io/mola/galimatias/URLParser$EncodeSet
staticfield io/mola/galimatias/URLParser$EncodeSet $VALUES [Lio/mola/galimatias/URLParser$EncodeSet; 4 [Lio/mola/galimatias/URLParser$EncodeSet;
ciInstanceKlass io/mola/galimatias/URLUtils 1 1 378 10 10 7 10 10 10 10 7 10 10 9 10 10 10 10 10 10 10 10 100 100 10 10 10 7 10 7 10 9 10 10 10 10 10 10 11 11 11 100 9 10 8 8 8 8 8 8 8 8 8 8 8 8 8 8 8 8 100 10 11 10 10 10 10 10 3 3 3 3 3 3 3 3 3 3 3 3 3 3 3 3 3 3 3 3 3 3 3 3 3 3 3 3 3 3 3 3 3 3 3 3 3 9 10 10 10 9 11 8 10 8 8 8 8 8 8 8 8 8 8 8 10 7 10 8 10 10 7 100 100 1 1 1 1 1 1 1 1 1 1 1 1 1 1 1 1 1 1 1 1 1 1 1 1 1 1 1 1 1 1 1 1 1 1 1 1 1 1 1 1 1 1 1 1 1 1 1 1 1 1 1 1 1 1 1 1 7 1 1 1 1 1 1 1 1 1 1 1 1 1 1 1 1 1 1 1 1 1 1 1 1 1 1 1 12 12 1 12 12 12 1 100 12 12 12 12 12 12 12 12 12 12 12 1 1 12 100 12 12 1 1 12 12 12 12 12 12 12 7 12 12 12 1 12 12 1 1 1 1 1 1 1 1 1 1 1 1 1 1 1 1 1 12 100 12 12 12 12 12 12 12 12 100 12 12 12 7 12 1 12 1 1 1 1 1 1 1 1 1 1 1 7 12 1 12 1 12 7 12 1 1 1 1 1 1 1 1 1 1 1 1 1 1 1 1 1 1 1 1 1 1 1 1 1 1 1 1 1 1 1 1 1 1 1 1 1 1 1 1 1 1 1 1 1 1 1 1 1 1 1 1 1 1 1 1 1 1 1 1 1 1 1 1 1 1 1 1
staticfield io/mola/galimatias/URLUtils UTF_8 Ljava/nio/charset/Charset; sun/nio/cs/UTF_8
staticfield io/mola/galimatias/URLUtils idna Lcom/ibm/icu/text/IDNA; com/ibm/icu/impl/UTS46
staticfield io/mola/galimatias/URLUtils _hex [C 16
staticfield io/mola/galimatias/URLUtils RELATIVE_SCHEMES Ljava/util/List; java/util/Arrays$ArrayList
instanceKlass io/mola/galimatias/Domain
instanceKlass io/mola/galimatias/IPv4Address
instanceKlass io/mola/galimatias/IPv6Address
ciInstanceKlass io/mola/galimatias/Host 1 1 85 10 100 8 10 10 7 8 10 10 10 8 10 10 10 10 10 100 7 100 1 1 1 1 1 1 1 1 1 1 1 1 1 1 1 1 1 1 1 7 7 1 1 1 12 1 1 12 12 1 1 12 12 12 1 12 100 12 12 12 7 12 1 1 1 1 1 1 1 1 1 1 1 1 1 1 1 1 1 1 1 1 1 1 1
ciInstanceKlass io/mola/galimatias/IPv6Address 0 0 205 10 10 9 100 8 10 10 100 8 10 10 8 10 8 8 10 100 10 8 10 10 10 10 8 8 8 8 10 8 8 8 8 10 8 100 10 10 100 100 8 10 10 8 3 10 10 10 10 10 100 1 1 1 5 0 1 1 1 1 1 1 1 1 1 1 1 1 1 1 1 1 1 1 1 1 1 1 1 1 1 1 1 1 1 1 1 1 1 1 100 100 100 100 1 1 1 1 1 1 1 1 100 1 1 1 1 1 1 1 1 1 1 1 1 1 1 1 1 1 12 100 12 12 1 1 12 12 1 1 12 1 12 1 1 100 12 1 1 12 12 12 12 1 1 1 1 12 1 1 1 1 12 1 1 12 100 12 1 1 1 12 12 1 12 100 12 12 12 1 1 1 1 1 1 1 1 1 1 1 1 1 1 1 1 1 1 1 1 1 1 1 1 1 1 1 1 1 1 1 1 1 1 1 1
ciInstanceKlass io/mola/galimatias/IPv4Address 1 1 137 10 3 3 3 9 100 8 10 10 7 8 10 10 10 10 7 10 8 10 10 10 8 10 8 100 10 10 10 100 8 100 10 10 10 100 1 1 1 5 0 1 1 1 1 1 1 1 1 1 1 1 1 1 1 1 1 1 1 1 1 1 1 7 100 1 1 1 100 1 1 1 1 1 1 1 1 1 1 1 1 1 1 12 12 1 1 12 12 1 1 12 12 7 12 1 1 12 12 12 1 12 1 1 12 12 12 1 1 1 100 12 12 1 1 1 1 1 1 1 1 1 1 1 1 1 1 1 1 1 1 1 1 1 1 1 1
ciInstanceKlass io/mola/galimatias/Domain 1 1 237 10 9 9 10 8 10 10 10 10 100 10 10 100 8 10 10 10 10 10 10 8 100 10 10 8 10 8 8 8 8 7 10 10 8 11 7 10 10 100 10 100 10 10 10 10 10 100 10 10 10 11 10 11 11 100 7 1 1 1 5 0 1 1 1 1 1 1 1 1 1 1 1 1 1 1 1 1 1 1 1 1 1 1 1 1 1 1 1 1 1 1 1 1 1 1 7 100 1 1 1 1 1 1 1 1 1 1 1 1 1 1 1 1 1 1 1 1 1 1 1 1 1 1 1 1 1 1 1 1 1 100 1 1 12 12 12 12 1 12 100 12 12 12 1 12 1 1 12 12 7 12 12 12 12 1 1 12 1 12 1 1 1 1 1 100 12 12 1 12 1 12 12 1 1 12 12 7 12 12 12 1 12 12 12 12 12 12 1 1 1 1 1 1 1 1 1 1 1 1 1 1 1 1 1 1 1 1 1 1 1 1 1 1 1 1 1 1 1 1 1 1 1 1 1 1 1 1 1 1 1 1 1 1 1 1 1
ciInstanceKlass java/lang/AssertionError 0 0 62 1 100 1 100 1 1 5 0 1 1 12 10 1 12 10 1 1 100 1 1 12 10 10 1 100 1 1 12 10 1 100 1 1 12 10 1 1 12 10 1 1 12 10 1 1 12 10 1 1 12 10 1 1 12 10 1 12 10 1 1 1
ciInstanceKlass java/lang/NumberFormatException 0 0 61 1 100 1 100 1 1 5 0 1 1 12 10 1 12 10 1 1 1 100 10 1 8 1 1 12 10 1 8 1 8 1 100 1 8 1 12 10 1 1 12 10 10 1 1 1 8 1 8 1 100 1 1 12 11 1 12 10 1 1 1
ciInstanceKlass java/lang/StringIndexOutOfBoundsException 0 0 35 1 100 1 100 1 1 5 0 1 1 12 10 1 12 10 1 1 100 10 1 8 1 1 12 10 1 12 10 1 1 12 10 1 1
ciInstanceKlass java/lang/NegativeArraySizeException 0 0 18 1 100 1 100 1 1 5 0 1 1 12 10 1 12 10 1 1
ciMethodData java/lang/Object <init> ()V 2 3292161 orig 80 1 0 0 0 0 0 0 0 0 0 0 0 0 0 0 0 0 0 0 0 0 0 0 0 0 0 0 0 0 0 0 0 0 0 0 0 0 0 0 0 0 0 0 0 0 0 0 0 0 0 0 0 0 0 0 0 0 0 0 0 0 0 0 0 0 0 0 0 0 0 0 0 0 0 0 0 0 0 0 0 data 4 0x0 0x9 0x1 0x0 oops 0 methods 0
ciMethodData java/lang/String isLatin1 ()Z 2 2587646 orig 80 0 0 0 0 0 0 0 0 0 0 0 0 0 0 0 0 0 0 0 0 0 0 0 0 0 0 0 0 0 0 0 0 0 0 0 0 0 0 0 0 0 0 0 0 0 0 0 0 0 0 0 0 0 0 0 0 0 0 0 0 0 0 0 0 0 0 0 0 0 0 0 0 0 0 0 0 0 0 0 0 data 18 0x30007 0x0 0x58 0x2779fe 0xa0007 0xd19 0x38 0x276ce5 0xe0003 0x276ce5 0x18 0x0 0x0 0x0 0x0 0x9 0x1 0x0 oops 0 methods 0
ciMethodData java/lang/String equals (Ljava/lang/Object;)Z 2 8129 orig 80 0 0 0 0 0 0 0 0 0 0 0 0 0 0 0 0 0 0 0 0 0 0 0 0 0 0 0 0 0 0 0 0 0 0 0 0 0 0 0 0 0 0 0 0 0 0 0 0 0 0 0 0 0 0 0 0 0 0 0 0 0 0 0 0 0 0 0 0 0 0 0 0 0 0 0 0 0 0 0 0 data 49 0x20007 0x100c 0x20 0xdb6 0x80104 0x0 0x0 0x1ef9528c050 0xfdc 0x0 0x0 0xb0007 0x30 0xe0 0xfdc 0xf0004 0x0 0x0 0x1ef9528c050 0xfdc 0x0 0x0 0x160007 0x0 0x40 0xfdc 0x210007 0x0 0x68 0xfdc 0x2c0002 0xfdc 0x2f0007 0x796 0x38 0x846 0x330003 0x846 0x18 0x0 0x0 0x0 0x0 0x0 0x0 0x9 0x2 0x0 0x0 oops 2 7 java/lang/String 18 java/lang/String methods 0
ciMethodData java/lang/String coder ()B 2 1404054 orig 80 0 0 0 0 0 0 0 0 0 0 0 0 239 1 0 0 0 0 0 0 0 0 0 0 0 0 0 0 0 0 0 0 0 0 0 0 0 0 0 0 0 0 0 0 0 0 0 0 0 0 0 0 0 0 0 0 0 0 0 0 0 0 0 0 0 0 0 0 0 0 0 0 0 0 0 0 0 0 0 0 data 14 0x30007 0x0 0x38 0x156a9a 0xa0003 0x156a9a 0x18 0x0 0x0 0x0 0x0 0x9 0x1 0x0 oops 0 methods 0
ciMethodData java/lang/String length ()I 2 1199381 orig 80 0 0 0 0 0 0 0 0 0 0 0 0 239 1 0 0 0 0 0 0 0 0 0 0 0 0 0 0 0 0 0 0 0 0 0 0 0 0 0 0 0 0 0 0 0 0 0 0 0 0 0 0 0 0 0 0 0 0 0 0 0 0 0 0 0 0 0 0 0 0 0 0 0 0 0 0 0 0 0 0 data 16 0x60005 0x124bdc 0x0 0x0 0x0 0x0 0x0 0x0 0x0 0x0 0x0 0x0 0x0 0x9 0x1 0xffffffffffffffff oops 0 methods 0
ciMethodData java/lang/String charAt (I)C 2 2096139 orig 80 0 0 0 0 0 0 0 0 0 0 0 0 239 1 0 0 0 0 0 0 0 0 0 0 0 0 0 0 0 0 0 0 0 0 0 0 0 0 0 0 0 0 0 0 0 0 0 0 0 0 0 0 0 0 0 0 0 0 0 0 0 0 0 0 0 0 0 0 0 0 0 0 0 0 0 0 0 0 0 0 data 25 0x10005 0x1ffa58 0x0 0x0 0x0 0x0 0x0 0x40007 0x282 0x30 0x1ff7d6 0xc0002 0x1ff7d6 0x150002 0x282 0x0 0x0 0x0 0x0 0x0 0x0 0x9 0x2 0x0 0x0 oops 0 methods 0
ciMethodData java/lang/StringLatin1 charAt ([BI)C 2 2043287 orig 80 0 0 0 0 0 0 0 0 0 0 0 0 239 1 0 0 0 0 0 0 0 0 0 0 0 0 0 0 0 0 0 0 0 0 0 0 0 0 0 0 0 0 0 0 0 0 0 0 0 0 0 0 0 0 0 0 0 0 0 0 0 0 0 0 0 0 0 0 0 0 0 0 0 0 0 0 0 0 0 0 data 18 0x10007 0x0 0x40 0x1f2be5 0x70007 0x1f2be5 0x30 0x0 0xf0002 0x0 0x0 0x0 0x0 0x0 0x9 0x2 0x0 0x0 oops 0 methods 0
ciMethodData java/lang/StringUTF16 charAt ([BI)C 2 2082 orig 80 0 0 0 0 0 0 0 0 0 0 0 0 239 1 0 0 0 0 0 0 0 0 0 0 0 0 0 0 0 0 0 0 0 0 0 0 0 0 0 0 0 0 0 0 0 0 0 0 0 0 0 0 0 0 0 0 0 0 0 0 0 0 0 0 0 0 0 0 0 0 0 0 0 0 0 0 0 0 0 0 data 14 0x20002 0x822 0x70002 0x205 0x0 0x0 0x0 0x0 0x0 0x0 0x9 0x2 0x0 0x0 oops 0 methods 0
ciMethodData java/lang/StringUTF16 checkIndex (I[B)V 2 4946 orig 80 0 0 0 0 0 0 0 0 0 0 0 0 239 1 0 0 0 0 0 0 0 0 0 0 0 0 0 0 0 0 0 0 0 0 0 0 0 0 0 0 0 0 0 0 0 0 0 0 0 0 0 0 0 0 0 0 0 0 0 0 0 0 0 0 0 0 0 0 0 0 0 0 0 0 0 0 0 0 0 0 data 14 0x20002 0x1352 0x50002 0x1352 0x0 0x0 0x0 0x0 0x0 0x0 0x9 0x2 0x0 0x0 oops 0 methods 0
ciMethodData java/lang/StringUTF16 length ([B)I 2 5192 orig 80 0 0 0 0 0 0 0 0 0 0 0 0 239 1 0 0 0 0 0 0 0 0 0 0 0 0 0 0 0 0 0 0 0 0 0 0 0 0 0 0 0 0 0 0 0 0 0 0 0 0 0 0 0 0 0 0 0 0 0 0 0 0 0 0 0 0 0 0 0 0 0 0 0 0 0 0 0 0 0 0 data 6 0x0 0x0 0x0 0x9 0x1 0x0 oops 0 methods 0
ciMethodData java/lang/String checkIndex (II)V 2 5490 orig 80 0 0 0 0 0 0 0 0 0 0 0 0 239 1 0 0 0 0 0 0 0 0 0 0 0 0 0 0 0 0 0 0 0 0 0 0 0 0 0 0 0 0 0 0 0 0 0 0 0 0 0 0 0 0 0 0 0 0 0 0 0 0 0 0 0 0 0 0 0 0 0 0 0 0 0 0 0 0 0 0 data 57 0x10007 0x0 0x40 0x1572 0x60007 0x1572 0x158 0x0 0x110002 0x0 0x170005 0x0 0x0 0x0 0x0 0x0 0x0 0x1b0005 0x0 0x0 0x0 0x0 0x0 0x0 0x210005 0x0 0x0 0x0 0x0 0x0 0x0 0x250005 0x0 0x0 0x0 0x0 0x0 0x0 0x280005 0x0 0x0 0x0 0x0 0x0 0x0 0x2b0002 0x0 0x0 0x0 0x0 0x0 0x0 0x0 0x9 0x2 0x0 0x0 oops 0 methods 0
ciMethodData java/util/AbstractCollection <init> ()V 2 284177 orig 80 0 0 0 0 0 0 0 0 0 0 0 0 239 1 0 0 0 0 0 0 0 0 0 0 0 0 0 0 0 0 0 0 0 0 0 0 0 0 0 0 0 0 0 0 0 0 0 0 0 0 0 0 0 0 0 0 0 0 0 0 0 0 0 0 0 0 0 0 0 0 0 0 0 0 0 0 0 0 0 0 data 7 0x10002 0x454d6 0x0 0x0 0x9 0x1 0x0 oops 0 methods 0
ciMethodData java/lang/StringLatin1 canEncode (I)Z 2 49762 orig 80 0 0 0 0 0 0 0 0 0 0 0 0 239 1 0 0 0 0 0 0 0 0 0 0 0 0 0 0 0 0 0 0 0 0 0 0 0 0 0 2 0 0 0 0 0 0 0 0 0 0 0 0 0 0 0 0 0 0 0 0 0 0 0 0 0 0 0 0 0 0 0 0 0 0 0 0 0 0 0 0 data 11 0x8000000600040007 0x5 0x38 0xc11d 0x80003 0xc11d 0x18 0x0 0x9 0x1 0x0 oops 0 methods 0
ciMethodData java/lang/StringBuilder <init> ()V 2 129667 orig 80 0 0 0 0 0 0 0 0 0 0 0 0 239 1 0 0 0 0 0 0 0 0 0 0 0 0 0 0 0 0 0 0 0 0 0 0 0 0 0 0 0 0 0 0 0 0 0 0 0 0 0 0 0 0 0 0 0 0 0 0 0 0 0 0 0 0 0 0 0 0 0 0 0 0 0 0 0 0 0 0 data 7 0x30002 0x1fa4b 0x0 0x0 0x9 0x1 0xc oops 0 methods 0
ciMethodData java/lang/AbstractStringBuilder <init> (I)V 2 5203 orig 80 0 0 0 0 0 0 0 0 0 0 0 0 239 1 0 0 0 0 0 0 0 0 0 0 0 0 0 0 0 0 0 0 0 0 0 0 0 0 0 0 0 0 0 0 0 0 0 0 0 0 0 0 0 0 0 0 0 0 0 0 0 0 0 0 0 0 0 0 0 0 0 0 0 0 0 0 0 0 0 0 data 21 0x10002 0x1418 0x70007 0x0 0x38 0x1418 0x160003 0x1418 0x28 0x1b0002 0x0 0x0 0x0 0x0 0x0 0x0 0x0 0x9 0x2 0xc 0x0 oops 0 methods 0
ciMethodData java/lang/StringBuilder append (Ljava/lang/String;)Ljava/lang/StringBuilder; 2 211019 orig 80 0 0 0 0 0 0 0 0 0 0 0 0 239 1 0 0 0 0 0 0 0 0 0 0 0 0 0 0 0 0 0 0 0 0 0 0 0 0 0 0 0 0 0 0 0 0 0 0 0 0 0 0 0 0 0 0 0 0 0 0 0 0 0 0 0 0 0 0 0 0 0 0 0 0 0 0 0 0 0 0 data 9 0x20002 0x337e1 0x0 0x0 0x0 0x9 0x2 0xe 0xffffffffffffffff oops 0 methods 0
ciMethodData java/lang/AbstractStringBuilder append (Ljava/lang/String;)Ljava/lang/AbstractStringBuilder; 2 25000 orig 80 1 0 0 0 0 0 0 0 0 0 0 0 239 1 0 0 0 0 0 0 0 0 0 0 0 0 0 0 0 0 0 0 0 0 0 0 0 0 0 0 0 0 0 0 0 0 0 0 0 0 0 0 0 0 0 0 0 0 0 0 0 0 0 0 0 0 0 0 0 0 0 0 0 0 0 0 0 0 0 0 data 42 0x10007 0x613e 0x58 0x0 0x50005 0x0 0x0 0x0 0x0 0x0 0x0 0xa0005 0x613e 0x0 0x0 0x0 0x0 0x0 0x150005 0x613e 0x0 0x0 0x0 0x0 0x0 0x1e0005 0x613e 0x0 0x0 0x0 0x0 0x0 0x0 0x0 0x0 0x0 0x0 0x0 0x9 0x2 0xe 0xffffffffffffffff oops 0 methods 0
ciMethodData java/lang/StringBuilder toString ()Ljava/lang/String; 2 228889 orig 80 0 0 0 0 0 0 0 0 0 0 0 0 239 1 0 0 0 0 0 0 0 0 0 0 0 0 0 0 0 0 0 0 0 0 0 0 0 0 0 0 0 0 0 0 0 0 0 0 0 0 0 0 0 0 0 0 0 0 0 0 0 0 0 0 0 0 0 0 0 0 0 0 0 0 0 0 0 0 0 0 data 27 0x10005 0x37ddf 0x0 0x0 0x0 0x0 0x0 0x40007 0x2 0x48 0x37ddd 0x100002 0x37ddd 0x130003 0x37ddd 0x28 0x1f0002 0x2 0x0 0x0 0x0 0x0 0x0 0x0 0x9 0x1 0x0 oops 0 methods 0
ciMethodData java/lang/AbstractStringBuilder isLatin1 ()Z 2 276077 orig 80 1 0 0 0 0 0 0 0 0 0 0 0 239 1 0 0 0 0 0 0 0 0 0 0 0 0 0 0 0 0 0 0 0 0 0 0 0 0 0 1 0 0 0 0 0 0 0 0 0 0 0 0 0 0 0 0 0 0 0 0 0 0 0 0 0 0 0 0 0 0 0 0 0 0 0 0 0 0 0 0 data 18 0x30007 0x0 0x58 0x435ee 0x80000006000a0007 0x1833 0x38 0x41dbc 0xe0003 0x41dbc 0x18 0x0 0x0 0x0 0x0 0x9 0x1 0x0 oops 0 methods 0
ciMethodData java/lang/StringLatin1 newString ([BII)Ljava/lang/String; 2 6392 orig 80 0 0 0 0 0 0 0 0 0 0 0 0 239 1 0 0 0 0 0 0 0 0 0 0 0 0 0 0 0 0 0 0 0 0 0 0 0 0 0 0 0 0 0 0 0 0 0 0 0 0 0 0 0 0 0 0 0 0 0 0 0 0 0 0 0 0 0 0 0 0 0 0 0 0 0 0 0 0 0 0 data 19 0x10007 0x17fa 0x20 0x77 0x100002 0x17fa 0x140002 0x17fa 0x0 0x0 0x0 0x0 0x0 0x0 0x9 0x3 0x0 0x0 0x0 oops 0 methods 0
ciMethodData java/lang/StringUTF16 newString ([BII)Ljava/lang/String; 1 43 orig 80 0 0 0 0 0 0 0 0 0 0 0 0 239 1 0 0 0 0 0 0 0 0 0 0 0 0 0 0 0 0 0 0 0 0 0 0 0 0 0 0 0 0 0 0 0 0 0 0 0 0 0 0 0 0 0 0 0 0 0 0 0 0 0 0 0 0 0 0 0 0 0 0 0 0 0 0 0 0 0 0 data 31 0x10007 0x2b 0x20 0x0 0xb0007 0x0 0x60 0x2b 0x110002 0x2b 0x160007 0x2b 0x30 0x0 0x1f0002 0x0 0x320002 0x2b 0x360002 0x2b 0x0 0x0 0x0 0x0 0x0 0x0 0x9 0x3 0xffffffffffffffff 0x0 0x0 oops 0 methods 0
ciMethodData java/lang/AbstractStringBuilder ensureCapacityInternal (I)V 2 7250 orig 80 0 0 0 0 0 0 0 0 0 0 0 0 239 1 0 0 0 0 0 0 0 0 0 0 0 0 0 0 0 0 0 0 0 0 0 0 0 0 0 0 0 0 0 0 0 0 0 0 0 0 0 0 0 0 0 0 0 0 0 0 0 0 0 0 0 0 0 0 0 0 0 0 0 0 0 0 0 0 0 0 data 23 0xe0007 0x19d6 0x68 0x15f 0x180005 0x15f 0x0 0x0 0x0 0x0 0x0 0x200002 0x15f 0x0 0x0 0x0 0x0 0x0 0x0 0x9 0x2 0xc 0x0 oops 0 methods 0
ciMethodData java/lang/AbstractStringBuilder newCapacity (I)I 1 396 orig 80 0 0 0 0 0 0 0 0 0 0 0 0 239 1 0 0 0 0 0 0 0 0 0 0 0 0 0 0 0 0 0 0 0 0 0 0 0 0 0 0 0 0 0 0 0 0 0 0 0 0 0 0 0 0 0 0 0 0 0 0 0 0 0 0 0 0 0 0 0 0 0 0 0 0 0 0 0 0 0 0 data 18 0x1d0002 0x15f 0x260007 0x15f 0x30 0x0 0x2f0002 0x0 0x0 0x0 0x0 0x0 0x0 0x0 0x9 0x2 0x0 0x0 oops 0 methods 0
ciMethodData java/util/Arrays copyOf ([BI)[B 2 5184 orig 80 0 0 0 0 0 0 0 0 0 0 0 0 239 1 0 0 0 0 0 0 0 0 0 0 0 0 0 0 0 0 0 0 0 0 0 0 0 0 0 0 0 0 0 0 0 0 0 0 0 0 0 0 0 0 0 0 0 0 0 0 0 0 0 0 0 0 0 0 0 0 0 0 0 0 0 0 0 0 0 0 data 14 0xb0002 0x140a 0xe0002 0x140a 0x0 0x0 0x0 0x0 0x0 0x0 0x9 0x2 0xffffffffffffffff 0x0 oops 0 methods 0
ciMethodData java/lang/CharacterDataLatin1 getProperties (I)I 2 55723 orig 80 0 0 0 0 0 0 0 0 0 0 0 0 239 1 0 0 0 0 0 0 0 0 0 0 0 0 0 0 0 0 0 0 0 0 0 0 0 0 0 0 0 0 0 0 0 0 0 0 0 0 0 0 0 0 0 0 0 0 0 0 0 0 0 0 0 0 0 0 0 0 0 0 0 0 0 0 0 0 0 0 data 7 0x0 0x0 0x0 0x9 0x2 0x0 0x0 oops 0 methods 0
ciMethodData java/lang/StringCoding hasNegatives ([BII)Z 2 82224 orig 80 0 0 0 0 0 0 0 0 0 0 0 0 239 1 0 0 0 0 0 0 0 0 0 0 0 0 0 0 0 0 0 0 0 0 0 0 0 0 0 0 0 0 0 0 0 0 0 0 0 0 0 0 0 0 0 0 0 0 0 0 0 0 0 0 0 0 0 0 0 0 0 0 0 0 0 0 0 0 0 0 data 20 0x60007 0x3ff 0x58 0x100f1 0xc0007 0x100ed 0x20 0x4 0x140003 0x100ed 0xffffffffffffffc0 0x0 0x0 0x0 0x0 0x9 0x3 0x0 0x0 0x0 oops 0 methods 0
ciMethodData java/util/Arrays copyOfRange ([BII)[B 2 6575 orig 80 0 0 0 0 0 0 0 0 0 0 0 0 239 1 0 0 0 0 0 0 0 0 0 0 0 0 0 0 0 0 0 0 0 0 0 0 0 0 0 0 0 0 0 0 0 0 0 0 0 0 0 0 0 0 0 0 0 0 0 0 0 0 0 0 0 0 0 0 0 0 0 0 0 0 0 0 0 0 0 0 data 51 0x50007 0x187f 0x120 0x0 0x100002 0x0 0x140005 0x0 0x0 0x0 0x0 0x0 0x0 0x1a0005 0x0 0x0 0x0 0x0 0x0 0x0 0x1e0005 0x0 0x0 0x0 0x0 0x0 0x0 0x210005 0x0 0x0 0x0 0x0 0x0 0x0 0x240002 0x0 0x370002 0x187f 0x3a0002 0x187f 0x0 0x0 0x0 0x0 0x0 0x0 0x9 0x3 0xffffffffffffffff 0x0 0x0 oops 0 methods 0
ciMethodData java/lang/String <init> ([BB)V 2 23765 orig 80 0 0 0 0 0 0 0 0 0 0 0 0 239 1 0 0 0 0 0 0 0 0 0 0 0 0 0 0 0 0 0 0 0 0 0 0 0 0 0 0 0 0 0 0 0 0 0 0 0 0 0 0 0 0 0 0 0 0 0 0 0 0 0 0 0 0 0 0 0 0 0 0 0 0 0 0 0 0 0 0 data 11 0x10002 0x5b8c 0x0 0x0 0x0 0x0 0x9 0x3 0xc 0x0 0x0 oops 0 methods 0
ciMethodData java/lang/AbstractStringBuilder putStringAt (ILjava/lang/String;)V 2 23055 orig 80 1 0 0 0 0 0 0 0 0 0 0 0 239 1 0 0 0 0 0 0 0 0 0 0 0 0 0 0 0 0 0 0 0 0 0 0 0 0 0 0 0 0 0 0 0 0 0 0 0 0 0 0 0 0 0 0 0 0 0 0 0 0 0 0 0 0 0 0 0 0 0 0 0 0 0 0 0 0 0 0 data 25 0x50005 0x5907 0x0 0x0 0x0 0x0 0x0 0x80005 0x5907 0x0 0x0 0x0 0x0 0x0 0x0 0x0 0x0 0x0 0x0 0x0 0x9 0x3 0xc 0x0 0xffffffffffffffff oops 0 methods 0
ciMethodData java/lang/AbstractStringBuilder putStringAt (ILjava/lang/String;II)V 2 23055 orig 80 0 0 0 0 0 0 0 0 0 0 0 0 239 1 0 0 0 0 0 0 0 0 0 0 0 0 0 0 0 0 0 0 0 0 0 0 0 0 0 2 0 0 0 0 0 0 0 0 0 0 0 0 0 0 0 0 0 0 0 0 0 0 0 0 0 0 0 0 0 0 0 0 0 0 0 0 0 0 0 0 data 45 0x10005 0x5907 0x0 0x0 0x0 0x0 0x0 0x50005 0x5907 0x0 0x0 0x0 0x0 0x0 0x8000000600080007 0x586b 0x58 0x9e 0xc0005 0x9e 0x0 0x0 0x0 0x0 0x0 0x1e0005 0x5909 0x0 0x0 0x0 0x0 0x0 0x0 0x0 0x0 0x0 0x0 0x0 0x9 0x5 0xc 0x0 0x0 0x0 0x0 oops 0 methods 0
ciMethodData java/lang/AbstractStringBuilder getCoder ()B 2 31859 orig 80 0 0 0 0 0 0 0 0 0 0 0 0 239 1 0 0 0 0 0 0 0 0 0 0 0 0 0 0 0 0 0 0 0 0 0 0 0 0 0 0 0 0 0 0 0 0 0 0 0 0 0 0 0 0 0 0 0 0 0 0 0 0 0 0 0 0 0 0 0 0 0 0 0 0 0 0 0 0 0 0 data 14 0x30007 0x0 0x38 0x7b6a 0xa0003 0x7b6a 0x18 0x0 0x0 0x0 0x0 0x9 0x1 0x0 oops 0 methods 0
ciMethodData java/lang/AbstractStringBuilder inflate ()V 1 1610 orig 80 0 0 0 0 0 0 0 0 0 0 0 0 239 1 0 0 0 0 0 0 0 0 0 0 0 0 0 0 0 0 0 0 0 0 0 0 0 0 0 0 0 0 0 0 0 0 0 0 0 0 0 0 0 0 0 0 0 0 0 0 0 0 0 0 0 0 0 0 0 0 0 0 0 0 0 0 0 0 0 0 data 24 0x10005 0x1c1 0x0 0x0 0x0 0x0 0x0 0x40007 0xa 0x20 0x1b7 0xd0002 0xa 0x1c0002 0xa 0x0 0x0 0x0 0x0 0x0 0x0 0x9 0x1 0xc oops 0 methods 0
ciMethodData java/lang/String getBytes ([BIIBI)V 2 12857 orig 80 0 0 0 0 0 0 0 0 0 0 0 0 239 1 0 0 0 0 0 0 0 0 0 0 0 0 0 0 0 0 0 0 0 0 0 0 0 0 0 0 0 0 0 0 0 0 0 0 0 0 0 0 0 0 0 0 0 0 0 0 0 0 0 0 0 0 0 0 0 0 0 0 0 0 0 0 0 0 0 0 data 32 0x10005 0x3130 0x0 0x0 0x0 0x0 0x0 0x60007 0x9e 0x48 0x3092 0x1b0002 0x3092 0x1e0003 0x3092 0x28 0x2a0002 0x9e 0x0 0x0 0x0 0x0 0x0 0x0 0x9 0x6 0x0 0xffffffffffffffff 0x0 0x0 0x0 0x0 oops 0 methods 0
ciMethodData java/lang/StringBuilder append (C)Ljava/lang/StringBuilder; 2 426633 orig 80 1 0 0 0 0 0 0 0 0 0 0 0 239 1 0 0 0 0 0 0 0 0 0 0 0 0 0 0 0 0 0 0 0 0 0 0 0 0 0 0 0 0 0 0 0 0 0 0 0 0 0 0 0 0 0 0 0 0 0 0 0 0 0 0 0 0 0 0 0 0 0 0 0 0 0 0 0 0 0 0 data 9 0x20002 0x68107 0x0 0x0 0x0 0x9 0x2 0xe 0x0 oops 0 methods 0
ciMethodData java/lang/AbstractStringBuilder append (C)Ljava/lang/AbstractStringBuilder; 2 14392 orig 80 1 0 0 0 0 0 0 0 0 0 0 0 239 1 0 0 0 0 0 0 0 0 0 0 0 0 0 0 0 0 0 0 0 0 0 0 0 0 0 0 0 0 0 0 0 0 0 0 0 0 0 0 0 0 0 0 0 0 0 0 0 0 0 0 0 0 0 0 0 0 0 0 0 0 0 0 0 0 0 0 data 57 0x70005 0x36b6 0x0 0x0 0x0 0x0 0x0 0xb0005 0x36b6 0x0 0x0 0x0 0x0 0x0 0xe0007 0xb2b 0x68 0x2b8b 0x120002 0x2b8b 0x150007 0x5 0x38 0x2b88 0x2a0003 0x2b88 0xb8 0x2e0005 0xb30 0x0 0x0 0x0 0x0 0x0 0x310007 0xb2b 0x58 0x5 0x350005 0x5 0x0 0x0 0x0 0x0 0x0 0x480002 0xb30 0x0 0x0 0x0 0x0 0x0 0x0 0x9 0x2 0xe 0x0 oops 0 methods 0
ciMethodData java/lang/StringUTF16 putCharSB ([BII)V 2 2864 orig 80 0 0 0 0 0 0 0 0 0 0 0 0 239 1 0 0 0 0 0 0 0 0 0 0 0 0 0 0 0 0 0 0 0 0 0 0 0 0 0 0 0 0 0 0 0 0 0 0 0 0 0 0 0 0 0 0 0 0 0 0 0 0 0 0 0 0 0 0 0 0 0 0 0 0 0 0 0 0 0 0 data 15 0x20002 0xb30 0x80002 0x23c 0x0 0x0 0x0 0x0 0x0 0x0 0x9 0x3 0x0 0x0 0x0 oops 0 methods 0
ciMethodData jdk/internal/util/ArraysSupport newLength (III)I 2 1802 orig 80 0 0 0 0 0 0 0 0 0 0 0 0 239 1 0 0 0 0 0 0 0 0 0 0 0 0 0 0 0 0 0 0 0 0 0 0 0 0 0 0 0 0 0 0 0 0 0 0 0 0 0 0 0 0 0 0 0 0 0 0 0 0 0 0 0 0 0 0 0 0 0 0 0 0 0 0 0 0 0 0 data 23 0x30002 0x607 0xa0007 0x0 0x40 0x607 0x100007 0x0 0x20 0x607 0x170002 0x0 0x0 0x0 0x0 0x0 0x0 0x0 0x9 0x3 0x0 0x0 0x0 oops 0 methods 0
ciMethodData java/lang/CharacterData of (I)Ljava/lang/CharacterData; 2 35087 orig 80 1 0 0 0 0 0 0 0 0 0 0 0 239 1 0 0 0 0 0 0 0 0 0 0 0 0 0 0 0 0 0 0 0 0 0 0 0 0 0 1 0 0 0 0 0 0 0 0 0 0 0 0 0 0 0 0 0 0 0 0 0 0 0 0 0 0 0 0 0 0 0 0 0 0 0 0 0 0 0 0 data 67 0x8000000600040007 0x1 0x20 0x880a 0xf0008 0x24 0x0 0x1c0 0x1 0x130 0x0 0x148 0x0 0x160 0x0 0x178 0x0 0x1c0 0x0 0x1c0 0x0 0x1c0 0x0 0x1c0 0x0 0x1c0 0x0 0x1c0 0x0 0x1c0 0x0 0x1c0 0x0 0x1c0 0x0 0x1c0 0x0 0x190 0x0 0x1a8 0x0 0x1a8 0x630003 0x1 0x90 0x690003 0x0 0x78 0x6f0003 0x0 0x60 0x750003 0x0 0x48 0x7b0003 0x0 0x30 0x810003 0x0 0x18 0x0 0x0 0x0 0x0 0x9 0x1 0x0 oops 0 methods 0
ciMethodData java/lang/Character toLowerCase (I)I 2 29625 orig 80 0 0 0 0 0 0 0 0 0 0 0 0 239 1 0 0 0 0 0 0 0 0 0 0 0 0 0 0 0 0 0 0 0 0 0 0 0 0 0 0 0 0 0 0 0 0 0 0 0 0 0 0 0 0 0 0 0 0 0 0 0 0 0 0 0 0 0 0 0 0 0 0 0 0 0 0 0 0 0 0 data 18 0x10002 0x72b5 0x50005 0x0 0x0 0x1efddc60080 0x72b5 0x0 0x0 0x0 0x0 0x0 0x0 0x0 0x0 0x9 0x1 0x0 oops 1 5 java/lang/CharacterDataLatin1 methods 0
ciMethodData java/lang/StringUTF16 newBytesFor (I)[B 1 48 orig 80 0 0 0 0 0 0 0 0 0 0 0 0 239 1 0 0 0 0 0 0 0 0 0 0 0 0 0 0 0 0 0 0 0 0 0 0 0 0 0 0 0 0 0 0 0 0 0 0 0 0 0 0 0 0 0 0 0 0 0 0 0 0 0 0 0 0 0 0 0 0 0 0 0 0 0 0 0 0 0 0 data 58 0x10007 0x30 0x30 0x0 0x80002 0x0 0xf0007 0x30 0x158 0x0 0x1a0002 0x0 0x1f0005 0x0 0x0 0x0 0x0 0x0 0x0 0x230005 0x0 0x0 0x0 0x0 0x0 0x0 0x280005 0x0 0x0 0x0 0x0 0x0 0x0 0x2d0005 0x0 0x0 0x0 0x0 0x0 0x0 0x300005 0x0 0x0 0x0 0x0 0x0 0x0 0x330002 0x0 0x0 0x0 0x0 0x0 0x0 0x0 0x9 0x1 0x0 oops 0 methods 0
ciMethodData java/util/ArrayList add (Ljava/lang/Object;)Z 2 331483 orig 80 0 0 0 0 0 0 0 0 0 0 0 0 239 1 0 0 0 0 0 0 0 0 0 0 0 0 0 0 0 0 0 0 0 0 0 0 0 0 0 0 0 0 0 0 0 0 0 0 0 0 0 0 0 0 0 0 0 0 0 0 0 0 0 0 0 0 0 0 0 0 0 0 0 0 0 0 0 0 0 0 data 17 0x140005 0x50e80 0x0 0x0 0x0 0x0 0x0 0x0 0x0 0x0 0x0 0x0 0x0 0x9 0x2 0xe 0x0 oops 0 methods 0
ciMethodData java/lang/String toLowerCase (Ljava/util/Locale;)Ljava/lang/String; 2 35112 orig 80 0 0 0 0 0 0 0 0 0 0 0 0 239 1 0 0 0 0 0 0 0 0 0 0 0 0 0 0 0 0 0 0 0 0 0 0 0 0 0 0 0 0 0 0 0 0 0 0 0 0 0 0 0 0 0 0 0 0 0 0 0 0 0 0 0 0 0 0 0 0 0 0 0 0 0 0 0 0 0 0 data 28 0x10005 0x8828 0x0 0x0 0x0 0x0 0x0 0x40007 0x0 0x48 0x8828 0xd0002 0x8828 0x100003 0x8828 0x28 0x190002 0x0 0x0 0x0 0x0 0x0 0x0 0x0 0x9 0x2 0xffffffffffffffff 0xffffffffffffffff oops 0 methods 0
ciMethodData java/lang/StringUTF16 toLowerCase (Ljava/lang/String;[BLjava/util/Locale;)Ljava/lang/String; 1 0 orig 80 0 0 0 0 0 0 0 0 0 0 0 0 239 1 0 0 0 0 0 0 0 0 0 0 0 0 0 0 0 0 0 0 0 0 0 0 0 0 0 0 0 0 0 0 0 0 0 0 0 0 0 0 0 0 0 0 0 0 0 0 0 0 0 0 0 0 0 0 0 0 0 0 0 0 0 0 0 0 0 0 data 124 0x10007 0x0 0x30 0x0 0x80002 0x0 0x1a0007 0x0 0xd8 0x0 0x1f0002 0x0 0x270002 0x0 0x2a0007 0x0 0x38 0x0 0x300003 0x0 0x78 0x370002 0x0 0x3a0007 0x0 0x38 0x0 0x3d0003 0x0 0x30 0x430003 0x0 0xffffffffffffff40 0x490007 0x0 0x20 0x0 0x5c0002 0x0 0x600005 0x0 0x0 0x0 0x0 0x0 0x0 0x6a0007 0x0 0x60 0x0 0x720007 0x0 0x40 0x0 0x7a0007 0x0 0x30 0x0 0x840002 0x0 0x8a0007 0x0 0x30 0x0 0x940002 0x0 0xa20007 0x0 0x138 0x0 0xa80002 0x0 0xb20007 0x0 0x50 0x0 0xb80002 0x0 0xbb0007 0x0 0x30 0x0 0xc60002 0x0 0xcf0007 0x0 0x30 0x0 0xda0002 0x0 0xe00002 0x0 0xe70002 0x0 0xea0007 0x0 0x30 0x0 0xf50002 0x0 0x1060002 0x0 0x10c0003 0x0 0xfffffffffffffee0 0x1140007 0x0 0x30 0x0 0x11e0002 0x0 0x1270002 0x0 0x0 0x0 0x0 0x0 0x0 0x0 0x9 0x3 0x0 0x0 0x0 oops 0 methods 0
ciMethodData java/lang/StringBuilder setLength (I)V 2 27302 orig 80 0 0 0 0 0 0 0 0 0 0 0 0 239 1 0 0 0 0 0 0 0 0 0 0 0 0 0 0 0 0 0 0 0 0 0 0 0 0 0 0 0 0 0 0 0 0 0 0 0 0 0 0 0 0 0 0 0 0 0 0 0 0 0 0 0 0 0 0 0 0 0 0 0 0 0 0 0 0 0 0 data 8 0x20002 0x6aa1 0x0 0x0 0x9 0x2 0xe 0x0 oops 0 methods 0
ciMethodData java/util/ArrayList <init> ()V 2 147531 orig 80 0 0 0 0 0 0 0 0 0 0 0 0 239 1 0 0 0 0 0 0 0 0 0 0 0 0 0 0 0 0 0 0 0 0 0 0 0 0 0 0 0 0 0 0 0 0 0 0 0 0 0 0 0 0 0 0 0 0 0 0 0 0 0 0 0 0 0 0 0 0 0 0 0 0 0 0 0 0 0 0 data 9 0x10002 0x24036 0x0 0x0 0x0 0x0 0x9 0x1 0x0 oops 0 methods 0
ciMethodData java/util/AbstractList <init> ()V 2 241484 orig 80 0 0 0 0 0 0 0 0 0 0 0 0 239 1 0 0 0 0 0 0 0 0 0 0 0 0 0 0 0 0 0 0 0 0 0 0 0 0 0 0 0 0 0 0 0 0 0 0 0 0 0 0 0 0 0 0 0 0 0 0 0 0 0 0 0 0 0 0 0 0 0 0 0 0 0 0 0 0 0 0 data 9 0x10002 0x3af29 0x0 0x0 0x0 0x0 0x9 0x1 0x6 oops 0 methods 0
ciMethodData java/lang/String codePointAt (I)I 2 21598 orig 80 1 0 0 0 0 0 0 0 0 0 0 0 239 1 0 0 0 0 0 0 0 0 0 0 0 0 0 0 0 0 0 0 0 0 0 0 0 0 0 1 0 0 0 0 0 0 0 0 0 0 0 0 0 0 0 0 0 0 0 0 0 0 0 0 0 0 0 0 0 0 0 0 0 0 0 0 0 0 0 0 data 27 0x10005 0x52d3 0x0 0x0 0x0 0x0 0x0 0x8000000600040007 0xd1c 0x30 0x45b8 0xd0002 0x45b8 0x250002 0xd1c 0x2e0002 0xd1c 0x0 0x0 0x0 0x0 0x0 0x0 0x9 0x2 0x0 0x0 oops 0 methods 0
ciMethodData java/lang/StringUTF16 codePointAt ([BII)I 2 3356 orig 80 0 0 0 0 0 0 0 0 0 0 0 0 239 1 0 0 0 0 0 0 0 0 0 0 0 0 0 0 0 0 0 0 0 0 0 0 0 0 0 0 0 0 0 0 0 0 0 0 0 0 0 0 0 0 0 0 0 0 0 0 0 0 0 0 0 0 0 0 0 0 0 0 0 0 0 0 0 0 0 0 data 13 0x40002 0xd1c 0x0 0x0 0x0 0x0 0x0 0x0 0x9 0x3 0x0 0x0 0x0 oops 0 methods 0
ciMethodData java/lang/StringUTF16 codePointAt ([BIIZ)I 2 3356 orig 80 0 0 0 0 0 0 0 0 0 0 0 0 239 1 0 0 0 0 0 0 0 0 0 0 0 0 0 0 0 0 0 0 0 0 0 0 0 0 0 0 0 0 0 0 0 0 0 0 0 0 0 0 0 0 0 0 0 0 0 0 0 0 0 0 0 0 0 0 0 0 0 0 0 0 0 0 0 0 0 0 data 56 0x30007 0xd1c 0x50 0x0 0x80007 0x0 0x30 0x0 0xf0002 0x0 0x140007 0xd1c 0x30 0x0 0x190002 0x0 0x1e0002 0x2a3 0x250002 0xd1c 0x280007 0xd08 0xc0 0x14 0x300007 0x0 0xa0 0x14 0x340007 0x14 0x30 0x0 0x390002 0x0 0x3e0002 0x4 0x450002 0x14 0x480007 0x0 0x30 0x14 0x4f0002 0x14 0x0 0x0 0x0 0x0 0x0 0x0 0x9 0x4 0x0 0x0 0x0 0x0 oops 0 methods 0
ciMethodData java/lang/StringBuilder appendCodePoint (I)Ljava/lang/StringBuilder; 2 141911 orig 80 0 0 0 0 0 0 0 0 0 0 0 0 239 1 0 0 0 0 0 0 0 0 0 0 0 0 0 0 0 0 0 0 0 0 0 0 0 0 0 0 0 0 0 0 0 0 0 0 0 0 0 0 0 0 0 0 0 0 0 0 0 0 0 0 0 0 0 0 0 0 0 0 0 0 0 0 0 0 0 0 data 9 0x20002 0x228c4 0x0 0x0 0x0 0x9 0x2 0xffffffffffffffff 0x0 oops 0 methods 0
ciMethodData java/lang/AbstractStringBuilder appendCodePoint (I)Ljava/lang/AbstractStringBuilder; 2 141911 orig 80 0 0 0 0 0 0 0 0 0 0 0 0 239 1 0 0 0 0 0 0 0 0 0 0 0 0 0 0 0 0 0 0 0 0 0 0 0 0 0 0 0 0 0 0 0 0 0 0 0 0 0 0 0 0 0 0 0 0 0 0 0 0 0 0 0 0 0 0 0 0 0 0 0 0 0 0 0 0 0 0 data 32 0x10002 0x228c4 0x40007 0x0 0x58 0x228c4 0xa0005 0x228c4 0x0 0x0 0x0 0x0 0x0 0x100002 0x0 0x130005 0x0 0x0 0x0 0x0 0x0 0x0 0x0 0x0 0x0 0x0 0x0 0x0 0x9 0x2 0xffffffffffffffff 0x0 oops 0 methods 0
ciMethodData java/lang/Character isBmpCodePoint (I)Z 2 141913 orig 80 0 0 0 0 0 0 0 0 0 0 0 0 239 1 0 0 0 0 0 0 0 0 0 0 0 0 0 0 0 0 0 0 0 0 0 0 0 0 0 0 0 0 0 0 0 0 0 0 0 0 0 0 0 0 0 0 0 0 0 0 0 0 0 0 0 0 0 0 0 0 0 0 0 0 0 0 0 0 0 0 data 11 0x40007 0x0 0x38 0x228c6 0x80003 0x228c6 0x18 0x0 0x9 0x1 0x0 oops 0 methods 0
ciMethodData java/lang/StringBuilder append (C)Ljava/lang/AbstractStringBuilder; 2 141919 orig 80 0 0 0 0 0 0 0 0 0 0 0 0 239 1 0 0 0 0 0 0 0 0 0 0 0 0 0 0 0 0 0 0 0 0 0 0 0 0 0 0 0 0 0 0 0 0 0 0 0 0 0 0 0 0 0 0 0 0 0 0 0 0 0 0 0 0 0 0 0 0 0 0 0 0 0 0 0 0 0 0 data 17 0x20005 0x228cc 0x0 0x0 0x0 0x0 0x0 0x0 0x0 0x0 0x0 0x0 0x0 0x9 0x2 0x0 0x0 oops 0 methods 0
ciMethodData java/lang/String getBytes (Ljava/nio/charset/Charset;)[B 2 1467 orig 80 0 0 0 0 0 0 0 0 0 0 0 0 239 1 0 0 0 0 0 0 0 0 0 0 0 0 0 0 0 0 0 0 0 0 0 0 0 0 0 0 0 0 0 0 0 0 0 0 0 0 0 0 0 0 0 0 0 0 0 0 0 0 0 0 0 0 0 0 0 0 0 0 0 0 0 0 0 0 0 0 data 25 0x10007 0x5bb 0x30 0x0 0x80002 0x0 0xe0005 0x5bb 0x0 0x0 0x0 0x0 0x0 0x150002 0x5bb 0x0 0x0 0x0 0x0 0x0 0x0 0x9 0x2 0x0 0x0 oops 0 methods 0
ciMethodData java/lang/String encode (Ljava/nio/charset/Charset;B[B)[B 2 1577 orig 80 0 0 0 0 0 0 0 0 0 0 0 0 239 1 0 0 0 0 0 0 0 0 0 0 0 0 0 0 0 0 0 0 0 0 0 0 0 0 0 0 0 0 0 0 0 0 0 0 0 0 0 0 0 0 0 0 0 0 0 0 0 0 0 0 0 0 0 0 0 0 0 0 0 0 0 0 0 0 0 0 data 31 0x40007 0x5b4 0x30 0x9 0xa0002 0x9 0x120007 0x21 0x30 0x593 0x170002 0x593 0x1f0007 0x1 0x30 0x20 0x240002 0x20 0x2c0002 0x1 0x0 0x0 0x0 0x0 0x0 0x0 0x9 0x3 0x0 0x0 0x0 oops 0 methods 0
ciMethodData java/lang/StringBuilder <init> (I)V 2 39827 orig 80 0 0 0 0 0 0 0 0 0 0 0 0 239 1 0 0 0 0 0 0 0 0 0 0 0 0 0 0 0 0 0 0 0 0 0 0 0 0 0 0 0 0 0 0 0 0 0 0 0 0 0 0 0 0 0 0 0 0 0 0 0 0 0 0 0 0 0 0 0 0 0 0 0 0 0 0 0 0 0 0 data 8 0x20002 0x9a13 0x0 0x0 0x9 0x2 0xc 0x0 oops 0 methods 0
ciMethodData java/lang/Character digit (CI)I 2 40229 orig 80 1 0 0 0 0 0 0 0 0 0 0 0 239 1 0 0 0 0 0 0 0 0 0 0 0 0 0 0 0 0 0 0 0 0 0 0 0 0 0 0 0 0 0 0 0 0 0 0 0 0 0 0 0 0 0 0 0 0 0 0 0 0 0 0 0 0 0 0 0 0 0 0 0 0 0 0 0 0 0 0 data 12 0x20002 0x9ba3 0x0 0x0 0x0 0x0 0x0 0x0 0x9 0x2 0x0 0x0 oops 0 methods 0
ciMethodData java/lang/Character digit (II)I 2 40229 orig 80 0 0 0 0 0 0 0 0 0 0 0 0 239 1 0 0 0 0 0 0 0 0 0 0 0 0 0 0 0 0 0 0 0 0 0 0 0 0 0 0 0 0 0 0 0 0 0 0 0 0 0 0 0 0 0 0 0 0 0 0 0 0 0 0 0 0 0 0 0 0 0 0 0 0 0 0 0 0 0 0 data 19 0x10002 0x9ba3 0x60005 0x0 0x0 0x1efddc60080 0x9ba3 0x0 0x0 0x0 0x0 0x0 0x0 0x0 0x0 0x9 0x2 0x0 0x0 oops 1 5 java/lang/CharacterDataLatin1 methods 0
ciMethodData java/lang/CharacterDataLatin1 digit (II)I 2 5510 orig 80 0 0 0 0 0 0 0 0 0 0 0 0 239 1 0 0 0 0 0 0 0 0 0 0 0 0 0 0 0 0 0 0 0 0 0 0 0 0 0 0 0 0 0 0 0 0 0 0 0 0 0 0 0 0 0 0 0 0 0 0 0 0 0 0 0 0 0 0 0 0 0 0 0 0 0 0 0 0 0 0 data 27 0x70007 0x0 0x98 0x1401 0xc0007 0x0 0x78 0x1401 0x110007 0x0 0x58 0x1401 0x170007 0x0 0x38 0x1401 0x1b0003 0x1401 0x18 0x0 0x0 0x0 0x9 0x3 0x0 0x0 0x0 oops 0 methods 0
ciMethodData java/lang/StringBuilder charAt (I)C 2 10157 orig 80 0 0 0 0 0 0 0 0 0 0 0 0 239 1 0 0 0 0 0 0 0 0 0 0 0 0 0 0 0 0 0 0 0 0 0 0 0 0 0 0 0 0 0 0 0 0 0 0 0 0 0 0 0 0 0 0 0 0 0 0 0 0 0 0 0 0 0 0 0 0 0 0 0 0 0 0 0 0 0 0 data 8 0x20002 0x26ad 0x0 0x0 0x9 0x2 0x0 0x0 oops 0 methods 0
ciMethodData java/lang/StringBuilder length ()I 2 23923 orig 80 0 0 0 0 0 0 0 0 0 0 0 0 239 1 0 0 0 0 0 0 0 0 0 0 0 0 0 0 0 0 0 0 0 0 0 0 0 0 0 0 0 0 0 0 0 0 0 0 0 0 0 0 0 0 0 0 0 0 0 0 0 0 0 0 0 0 0 0 0 0 0 0 0 0 0 0 0 0 0 0 data 7 0x10002 0x5c72 0x0 0x0 0x9 0x1 0x0 oops 0 methods 0
ciMethodData java/lang/Integer parseInt (Ljava/lang/String;I)I 2 32661 orig 80 1 0 0 0 0 0 0 0 0 0 0 0 239 1 0 0 0 0 0 0 0 0 0 0 0 0 0 0 0 0 0 0 0 0 0 0 0 0 0 0 0 0 0 0 0 0 0 0 0 0 0 0 0 0 0 0 0 0 0 0 0 0 0 0 0 0 0 0 0 0 0 0 0 0 0 0 0 0 0 0 data 173 0x10007 0x1e8d 0x30 0x0 0xa0002 0x0 0x100007 0x1e8d 0x120 0x0 0x1b0002 0x0 0x200005 0x0 0x0 0x0 0x0 0x0 0x0 0x240005 0x0 0x0 0x0 0x0 0x0 0x0 0x290005 0x0 0x0 0x0 0x0 0x0 0x0 0x2c0005 0x0 0x0 0x0 0x0 0x0 0x0 0x2f0002 0x0 0x360007 0x1e8d 0x120 0x0 0x410002 0x0 0x460005 0x0 0x0 0x0 0x0 0x0 0x0 0x4a0005 0x0 0x0 0x0 0x0 0x0 0x0 0x4f0005 0x0 0x0 0x0 0x0 0x0 0x0 0x520005 0x0 0x0 0x0 0x0 0x0 0x0 0x550002 0x0 0x5e0005 0x1e8d 0x0 0x0 0x0 0x0 0x0 0x690007 0x0 0x248 0x1e8d 0x6e0005 0x1e8d 0x0 0x0 0x0 0x0 0x0 0x770007 0x1e8d 0xb8 0x0 0x7e0007 0x0 0x38 0x0 0x870003 0x0 0x48 0x8e0007 0x0 0x30 0x0 0x930002 0x0 0x9a0007 0x0 0x30 0x0 0x9f0002 0x0 0xb20007 0x1e8d 0x100 0x7c9d 0xba0005 0x7c9d 0x0 0x0 0x0 0x0 0x0 0xbe0002 0x7c9d 0xc50007 0x0 0x40 0x7c9d 0xcc0007 0x7c9d 0x30 0x0 0xd10002 0x0 0xe20007 0x7c9d 0x30 0x0 0xe70002 0x0 0xf20003 0x7c9d 0xffffffffffffff18 0xf60007 0x1e8d 0x38 0x0 0xfb0003 0x0 0x18 0x1040002 0x0 0x0 0x0 0x0 0x0 0x0 0x0 0x0 0x0 0x0 0x9 0x2 0x0 0x0 oops 0 methods 0
ciMethodData java/lang/Integer parseInt (Ljava/lang/String;)I 2 25671 orig 80 0 0 0 0 0 0 0 0 0 0 0 0 239 1 0 0 0 0 0 0 0 0 0 0 0 0 0 0 0 0 0 0 0 0 0 0 0 0 0 0 0 0 0 0 0 0 0 0 0 0 0 0 0 0 0 0 0 0 0 0 0 0 0 0 0 0 0 0 0 0 0 0 0 0 0 0 0 0 0 0 data 11 0x30002 0x6344 0x0 0x0 0x0 0x0 0x0 0x0 0x9 0x1 0x0 oops 0 methods 0
ciMethodData java/lang/StringBuilder <init> (Ljava/lang/String;)V 2 2659 orig 80 0 0 0 0 0 0 0 0 0 0 0 0 239 1 0 0 0 0 0 0 0 0 0 0 0 0 0 0 0 0 0 0 0 0 0 0 0 0 0 0 0 0 0 0 0 0 0 0 0 0 0 0 0 0 0 0 0 0 0 0 0 0 0 0 0 0 0 0 0 0 0 0 0 0 0 0 0 0 0 0 data 8 0x20002 0xa5d 0x0 0x0 0x9 0x2 0xffffffffffffffff 0xffffffffffffffff oops 0 methods 0
ciMethodData java/lang/AbstractStringBuilder <init> (Ljava/lang/String;)V 2 3892 orig 80 0 0 0 0 0 0 0 0 0 0 0 0 239 1 0 0 0 0 0 0 0 0 0 0 0 0 0 0 0 0 0 0 0 0 0 0 0 0 0 0 0 0 0 0 0 0 0 0 0 0 0 0 0 0 0 0 0 0 0 0 0 0 0 0 0 0 0 0 0 0 0 0 0 0 0 0 0 0 0 0 data 49 0x10002 0xeb9 0x50005 0xeb9 0x0 0x0 0x0 0x0 0x0 0xc0007 0x0 0x38 0xeb9 0x130003 0xeb9 0x18 0x1a0005 0xeb9 0x0 0x0 0x0 0x0 0x0 0x280007 0x6 0x38 0xeb3 0x2e0003 0xeb3 0x28 0x320002 0x6 0x3a0005 0x0 0x0 0x1ef9528e970 0x45a 0x1ef9528eab0 0xa5f 0x0 0x0 0x0 0x0 0x0 0x0 0x9 0x2 0xffffffffffffffff 0xffffffffffffffff oops 2 35 java/lang/StringBuffer 37 java/lang/StringBuilder methods 0
ciMethodData java/lang/Character isWhitespace (I)Z 2 18856 orig 80 0 0 0 0 0 0 0 0 0 0 0 0 239 1 0 0 0 0 0 0 0 0 0 0 0 0 0 0 0 0 0 0 0 0 0 0 0 0 0 0 0 0 0 0 0 0 0 0 0 0 0 0 0 0 0 0 0 0 0 0 0 0 0 0 0 0 0 0 0 0 0 0 0 0 0 0 0 0 0 0 data 18 0x10002 0x48b8 0x50005 0x0 0x0 0x1efddc60080 0x48b8 0x0 0x0 0x0 0x0 0x0 0x0 0x0 0x0 0x9 0x1 0x0 oops 1 5 java/lang/CharacterDataLatin1 methods 0
ciMethodData java/lang/Character isWhitespace (C)Z 2 10618 orig 80 0 0 0 0 0 0 0 0 0 0 0 0 239 1 0 0 0 0 0 0 0 0 0 0 0 0 0 0 0 0 0 0 0 0 0 0 0 0 0 0 0 0 0 0 0 0 0 0 0 0 0 0 0 0 0 0 0 0 0 0 0 0 0 0 0 0 0 0 0 0 0 0 0 0 0 0 0 0 0 0 data 11 0x10002 0x2902 0x0 0x0 0x0 0x0 0x0 0x0 0x9 0x1 0x0 oops 0 methods 0
ciMethodData java/lang/StringBuilder setCharAt (IC)V 1 0 orig 80 0 0 0 0 0 0 0 0 0 0 0 0 239 1 0 0 0 0 0 0 0 0 0 0 0 0 0 0 0 0 0 0 0 0 0 0 0 0 0 0 0 0 0 0 0 0 0 0 0 0 0 0 0 0 0 0 0 0 0 0 0 0 0 0 0 0 0 0 0 0 0 0 0 0 0 0 0 0 0 0 data 9 0x30002 0x0 0x0 0x0 0x9 0x3 0xc 0x0 0x0 oops 0 methods 0
ciMethodData java/util/ArrayList isEmpty ()Z 2 11715 orig 80 0 0 0 0 0 0 0 0 0 0 0 0 239 1 0 0 0 0 0 0 0 0 0 0 0 0 0 0 0 0 0 0 0 0 0 0 0 0 0 0 0 0 0 0 0 0 0 0 0 0 0 0 0 0 0 0 0 0 0 0 0 0 0 0 0 0 0 0 0 0 0 0 0 0 0 0 0 0 0 0 data 13 0x40007 0x139f 0x38 0x1924 0x80003 0x1924 0x18 0x0 0x0 0x0 0x9 0x1 0x0 oops 0 methods 0
ciMethodData java/lang/CharacterDataLatin1 isWhitespace (I)Z 2 17194 orig 80 0 0 0 0 0 0 0 0 0 0 0 0 0 0 0 0 0 0 0 0 0 0 0 0 0 0 0 0 0 0 0 0 0 0 0 0 0 0 0 0 0 0 0 0 0 0 0 0 0 0 0 0 0 0 0 0 0 0 0 0 0 0 0 0 0 0 0 0 0 0 0 0 0 0 0 0 0 0 0 0 data 24 0x20005 0x0 0x0 0x1efddc60080 0x412b 0x0 0x0 0xe0007 0x3f49 0x38 0x1e2 0x120003 0x1e2 0x18 0x0 0x0 0x0 0x0 0x0 0x0 0x9 0x2 0x0 0x0 oops 1 3 java/lang/CharacterDataLatin1 methods 0
ciMethodData java/util/ArrayList remove (I)Ljava/lang/Object; 2 7169 orig 80 0 0 0 0 0 0 0 0 0 0 0 0 0 0 0 0 0 0 0 0 0 0 0 0 0 0 0 0 0 0 0 0 0 0 0 0 0 0 0 0 0 0 0 0 0 0 0 0 0 0 0 0 0 0 0 0 0 0 0 0 0 0 0 0 0 0 0 0 0 0 0 0 0 0 0 0 0 0 0 0 data 19 0x50002 0x1a02 0x150005 0x1a02 0x0 0x0 0x0 0x0 0x0 0x0 0x0 0x0 0x0 0x0 0x0 0x9 0x2 0x6 0x0 oops 0 methods 0
ciMethodData java/lang/String encodeUTF8 (B[BZ)[B 1 11 orig 80 0 0 0 0 0 0 0 0 0 0 0 0 239 1 0 0 0 0 0 0 0 0 0 0 0 0 0 0 0 0 0 0 0 0 0 0 0 0 0 0 0 0 0 0 0 0 0 0 0 0 0 0 0 0 0 0 0 0 0 0 0 0 0 0 0 0 0 0 0 0 0 0 0 0 0 0 0 0 0 0 data 47 0x20007 0x8 0x30 0x0 0x70002 0x0 0xf0002 0x8 0x120007 0x0 0x30 0x8 0x180002 0x8 0x200002 0x0 0x340007 0x0 0x70 0x0 0x400007 0x0 0x38 0x0 0x690003 0x0 0x18 0x780003 0x0 0xffffffffffffffa8 0x7f0007 0x0 0x20 0x0 0x880002 0x0 0x0 0x0 0x0 0x0 0x0 0x0 0x9 0x3 0x0 0xffffffffffffffff 0x0 oops 0 methods 0
ciMethodData java/lang/Character isHighSurrogate (C)Z 2 18815 orig 80 0 0 0 0 0 0 0 0 0 0 0 0 239 1 0 0 0 0 0 0 0 0 0 0 0 0 0 0 0 0 0 0 0 0 0 0 0 0 0 0 0 0 0 0 0 0 0 0 0 0 0 0 0 0 0 0 0 0 0 0 0 0 0 0 0 0 0 0 0 0 0 0 0 0 0 0 0 0 0 0 data 17 0x30007 0x4839 0x58 0x1e 0x90007 0xa 0x38 0x14 0xd0003 0x14 0x18 0x0 0x0 0x0 0x9 0x1 0x0 oops 0 methods 0
ciMethodData java/lang/Character isLowSurrogate (C)Z 2 15666 orig 80 0 0 0 0 0 0 0 0 0 0 0 0 239 1 0 0 0 0 0 0 0 0 0 0 0 0 0 0 0 0 0 0 0 0 0 0 0 0 0 0 0 0 0 0 0 0 0 0 0 0 0 0 0 0 0 0 0 0 0 0 0 0 0 0 0 0 0 0 0 0 0 0 0 0 0 0 0 0 0 0 data 17 0x30007 0x3c8e 0x58 0x14 0x90007 0x0 0x38 0x14 0xd0003 0x14 0x18 0x0 0x0 0x0 0x9 0x1 0x0 oops 0 methods 0
ciMethodData java/lang/Character toCodePoint (CC)I 1 201 orig 80 0 0 0 0 0 0 0 0 0 0 0 0 239 1 0 0 0 0 0 0 0 0 0 0 0 0 0 0 0 0 0 0 0 0 0 0 0 0 0 0 0 0 0 0 0 0 0 0 0 0 0 0 0 0 0 0 0 0 0 0 0 0 0 0 0 0 0 0 0 0 0 0 0 0 0 0 0 0 0 0 data 6 0x0 0x0 0x9 0x2 0x0 0x0 oops 0 methods 0
ciMethodData java/lang/StringBuilder append (Ljava/lang/String;)Ljava/lang/AbstractStringBuilder; 2 6617 orig 80 0 0 0 0 0 0 0 0 0 0 0 0 239 1 0 0 0 0 0 0 0 0 0 0 0 0 0 0 0 0 0 0 0 0 0 0 0 0 0 0 0 0 0 0 0 0 0 0 0 0 0 0 0 0 0 0 0 0 0 0 0 0 0 0 0 0 0 0 0 0 0 0 0 0 0 0 0 0 0 0 data 17 0x20005 0x18d9 0x0 0x0 0x0 0x0 0x0 0x0 0x0 0x0 0x0 0x0 0x0 0x9 0x2 0x0 0x0 oops 0 methods 0
ciMethod io/mola/galimatias/GalimatiasParseException builder ()Lio/mola/galimatias/GalimatiasParseException$Builder; 0 0 1 0 -1
ciMethod io/mola/galimatias/GalimatiasParseException <init> (Ljava/lang/String;I)V 652 0 50 0 -1
ciMethod io/mola/galimatias/URL <init> (Ljava/lang/String;Ljava/lang/String;Ljava/lang/String;Ljava/lang/String;Lio/mola/galimatias/Host;ILjava/lang/Iterable;Ljava/lang/String;Ljava/lang/String;Z)V 246 0 6528 0 -1
ciMethod io/mola/galimatias/URL <init> (Ljava/lang/String;Ljava/lang/String;Ljava/lang/String;Ljava/lang/String;Lio/mola/galimatias/Host;ILjava/lang/String;Ljava/lang/String;Ljava/lang/String;Z)V 502 0 7820 0 -1
ciMethod io/mola/galimatias/URL scheme ()Ljava/lang/String; 264 0 132 0 0
ciMethod io/mola/galimatias/URL schemeData ()Ljava/lang/String; 186 0 93 0 0
ciMethod io/mola/galimatias/URL username ()Ljava/lang/String; 256 0 128 0 0
ciMethod io/mola/galimatias/URL password ()Ljava/lang/String; 258 0 129 0 0
ciMethod io/mola/galimatias/URL host ()Lio/mola/galimatias/Host; 258 0 129 0 0
ciMethod io/mola/galimatias/URL port ()I 234 0 7980 0 1920
ciMethod io/mola/galimatias/URL defaultPort (Ljava/lang/String;)I 516 0 21506 0 0
ciMethod io/mola/galimatias/URL defaultPort ()I 468 0 13627 0 0
ciMethod io/mola/galimatias/URL pathSegments ()Ljava/util/List; 234 0 5637 0 -1
ciMethod io/mola/galimatias/URL query ()Ljava/lang/String; 258 0 129 0 0
ciMethod io/mola/galimatias/URL fragment ()Ljava/lang/String; 258 0 129 0 0
ciMethod io/mola/galimatias/URL isHierarchical ()Z 320 0 160 0 0
ciMethod io/mola/galimatias/URL pathSegmentsToString (Ljava/lang/Iterable;)Ljava/lang/String; 502 1514 6528 0 -1
ciMethod io/mola/galimatias/URL pathStringToSegments (Ljava/lang/String;)Ljava/util/List; 234 0 5961 0 -1
ciMethod io/mola/galimatias/URLParser setIdx (I)V 632 0 43105 0 384
ciMethod io/mola/galimatias/URLParser incIdx ()V 620 0 491393 0 -1
ciMethod io/mola/galimatias/URLParser decrIdx ()V 6 0 397 0 0
ciMethod io/mola/galimatias/URLParser at (I)C 0 0 48 0 -1
ciMethod io/mola/galimatias/URLParser handleError (Ljava/lang/String;)V 0 0 1 0 0
ciMethod io/mola/galimatias/URLParser handleFatalError (Ljava/lang/String;)V 0 0 1 0 -1
ciMethod io/mola/galimatias/URLParser handleInvalidPercentEncodingError ()V 0 0 1 0 -1
ciMethod io/mola/galimatias/URLParser handleBackslashAsDelimiterError ()V 0 0 1 0 -1
ciMethod io/mola/galimatias/URLParser handleIllegalWhitespaceError ()V 0 0 1 0 -1
ciMethod io/mola/galimatias/URLParser handleIllegalCharacterError (Ljava/lang/String;I)V 0 0 1 0 -1
ciMethod io/mola/galimatias/URLParser handleFatalMissingSchemeError ()V 0 0 1 0 -1
ciMethod io/mola/galimatias/URLParser handleFatalIllegalCharacterError (Ljava/lang/String;I)V 0 0 1 0 -1
ciMethod io/mola/galimatias/URLParser handleFatalInvalidHostError (Ljava/lang/Exception;)V 0 0 1 0 0
ciMethod io/mola/galimatias/URLParser parse ()Lio/mola/galimatias/URL; 238 22662 8016 0 -1
ciMethod io/mola/galimatias/URLParser utf8PercentEncode (ILio/mola/galimatias/URLParser$EncodeSet;Ljava/lang/StringBuilder;)V 1024 0 5691 0 1920
ciMethod io/mola/galimatias/URLParser isInSimpleEncodeSet (I)Z 1024 0 5691 0 0
ciMethod io/mola/galimatias/URLParser isInDefaultEncodeSet (I)Z 1024 0 5691 0 0
ciMethod io/mola/galimatias/URLParser isInPasswordEncodeSet (I)Z 0 0 1 0 -1
ciMethod io/mola/galimatias/URLParser isInUsernameEncodeSet (I)Z 0 0 1 0 -1
ciMethod io/mola/galimatias/URLUtils isASCIIHexDigit (I)Z 0 0 1 0 -1
ciMethod io/mola/galimatias/URLUtils isASCIIDigit (I)Z 174 0 17297 0 -1
ciMethod io/mola/galimatias/URLUtils isASCIIAlphaUppercase (I)Z 912 0 76122 0 -1
ciMethod io/mola/galimatias/URLUtils isASCIIAlphaLowercase (I)Z 1024 0 83260 0 -1
ciMethod io/mola/galimatias/URLUtils isASCIIAlpha (I)Z 1024 0 82396 0 0
ciMethod io/mola/galimatias/URLUtils isASCIIAlphanumeric (I)Z 1018 0 76702 0 -1
ciMethod io/mola/galimatias/URLUtils isURLCodePoint (I)Z 952 0 52651 0 -1
ciMethod io/mola/galimatias/URLUtils percentEncode (BLjava/lang/StringBuilder;)V 0 0 1 0 -1
ciMethod io/mola/galimatias/URLUtils isRelativeScheme (Ljava/lang/String;)Z 240 0 5689 0 -1
ciMethod io/mola/galimatias/URLUtils getDefaultPortForScheme (Ljava/lang/String;)Ljava/lang/String; 516 0 18756 0 1696
ciMethodData io/mola/galimatias/URLParser setIdx (I)V 2 43105 orig 80 1 0 0 0 0 0 0 0 0 0 0 0 239 1 0 0 0 0 0 0 0 0 0 0 0 0 0 0 0 0 0 0 0 0 0 0 0 0 0 1 0 0 0 0 0 0 0 0 0 0 0 0 0 0 0 0 0 0 0 0 0 0 0 0 0 0 0 0 0 0 0 0 0 0 0 0 0 0 0 0 data 35 0xb0007 0x9fda 0x38 0x74b 0xf0003 0x74b 0x18 0x1b0007 0x74b 0x40 0x9fda 0x8000000600260007 0x9fd9 0x38 0x2 0x2a0003 0x74d 0x50 0x320005 0x9fd9 0x0 0x0 0x0 0x0 0x0 0x0 0x0 0x0 0x0 0x0 0x0 0x9 0x2 0x1c 0x0 oops 0 methods 0
ciMethodData io/mola/galimatias/URLParser incIdx ()V 2 568449 orig 80 0 0 0 0 0 0 0 0 0 0 0 0 239 1 0 0 0 0 0 0 0 0 0 0 0 0 0 0 0 0 0 0 0 0 0 0 0 0 0 0 0 0 0 0 0 0 0 0 0 0 0 0 0 0 0 0 0 0 0 0 0 0 0 0 0 0 0 0 0 0 0 0 0 0 0 0 0 0 0 0 data 13 0x40002 0x8ab4b 0xf0002 0x8ab4b 0x0 0x0 0x0 0x0 0x0 0x0 0x9 0x1 0x1c oops 0 methods 0
ciMethod io/mola/galimatias/Host parseHost (Ljava/lang/String;)Lio/mola/galimatias/Host; 2 0 51 0 0
ciMethod io/mola/galimatias/IPv4Address parseIPv4Address (Ljava/lang/String;)Lio/mola/galimatias/IPv4Address; 654 6 51 51 -1
ciMethod io/mola/galimatias/Domain parseDomain (Ljava/lang/String;)Lio/mola/galimatias/Domain; 648 0 51 0 -1
ciMethod io/mola/galimatias/Domain toString ()Ljava/lang/String; 260 0 130 0 -1
ciMethodData io/mola/galimatias/URLUtils isASCIIAlpha (I)Z 2 84328 orig 80 0 0 0 0 0 0 0 0 0 0 0 0 0 0 0 0 0 0 0 0 0 0 0 0 0 0 0 0 0 0 0 0 0 0 0 0 0 0 0 0 0 0 0 0 0 0 0 0 0 0 0 0 0 0 0 0 0 0 0 0 0 0 0 0 0 0 0 0 0 0 0 0 0 0 0 0 0 0 0 0 data 24 0x10002 0x14769 0x40007 0x1bb4 0x50 0x12bb5 0x80002 0x12bb5 0xb0007 0x4697 0x38 0xe51e 0xf0003 0x100d2 0x18 0x0 0x0 0x0 0x0 0x0 0x0 0x9 0x1 0x0 oops 0 methods 0
ciMethodData io/mola/galimatias/URLUtils isURLCodePoint (I)Z 2 52651 orig 80 2 0 0 0 0 0 0 0 0 0 0 0 239 1 0 0 0 0 0 0 0 0 0 0 0 0 0 0 0 0 0 0 0 0 0 0 0 0 0 2 0 0 0 0 0 0 0 0 0 0 0 0 0 0 0 0 0 0 0 0 0 0 0 0 0 0 0 0 0 0 0 0 0 0 0 0 0 0 0 0 data 251 0x10002 0xcbcf 0x40007 0xb194 0x740 0x1a3b 0xa0007 0x0 0x720 0x1a3b 0x100007 0x0 0x700 0x1a3b 0x160007 0x0 0x6e0 0x1a3b 0x1c0007 0x0 0x6c0 0x1a3b 0x220007 0x0 0x6a0 0x1a3b 0x280007 0x0 0x680 0x1a3b 0x2e0007 0x0 0x660 0x1a3b 0x340007 0x4 0x640 0x1a37 0x3a0007 0x0 0x620 0x1a37 0x400007 0xd1f 0x600 0xd18 0x460007 0x58f 0x5e0 0x789 0x4c0007 0x27e 0x5c0 0x50b 0x8000000600520007 0xc 0x5a0 0x500 0x580007 0x0 0x580 0x500 0x80000006005e0007 0x8 0x560 0x4f9 0x640007 0x0 0x540 0x4f9 0x6a0007 0xa 0x520 0x4ef 0x700007 0x4ef 0x500 0x0 0x760007 0x0 0x4e0 0x0 0x7d0007 0x0 0x40 0x0 0x830007 0x0 0x4a0 0x0 0x890007 0x0 0x40 0x0 0x8f0007 0x0 0x460 0x0 0x950007 0x0 0x40 0x0 0x9b0007 0x0 0x420 0x0 0xa10007 0x0 0x40 0x0 0xa70007 0x0 0x3e0 0x0 0xad0007 0x0 0x40 0x0 0xb30007 0x0 0x3a0 0x0 0xb90007 0x0 0x40 0x0 0xbf0007 0x0 0x360 0x0 0xc50007 0x0 0x40 0x0 0xcb0007 0x0 0x320 0x0 0xd10007 0x0 0x40 0x0 0xd70007 0x0 0x2e0 0x0 0xdd0007 0x0 0x40 0x0 0xe30007 0x0 0x2a0 0x0 0xe90007 0x0 0x40 0x0 0xef0007 0x0 0x260 0x0 0xf50007 0x0 0x40 0x0 0xfb0007 0x0 0x220 0x0 0x1010007 0x0 0x40 0x0 0x1070007 0x0 0x1e0 0x0 0x10d0007 0x0 0x40 0x0 0x1130007 0x0 0x1a0 0x0 0x1190007 0x0 0x40 0x0 0x11f0007 0x0 0x160 0x0 0x1250007 0x0 0x40 0x0 0x12b0007 0x0 0x120 0x0 0x1310007 0x0 0x40 0x0 0x1370007 0x0 0xe0 0x0 0x13d0007 0x0 0x40 0x0 0x1430007 0x0 0xa0 0x0 0x1490007 0x0 0x40 0x0 0x14f0007 0x0 0x60 0x0 0x1550007 0x0 0x58 0x0 0x15b0007 0x0 0x38 0x0 0x15f0003 0xcbd1 0x18 0x0 0x0 0x0 0x0 0x0 0x0 0x0 0x0 0x0 0x0 0x0 0x9 0x1 0x0 oops 0 methods 0
ciMethodData io/mola/galimatias/URLUtils isASCIIAlphanumeric (I)Z 2 77980 orig 80 0 0 0 0 0 0 0 0 0 0 0 0 239 1 0 0 0 0 0 0 0 0 0 0 0 0 0 0 0 0 0 0 0 0 0 0 0 0 0 0 0 0 0 0 0 0 0 0 0 0 0 0 0 0 0 0 0 0 0 0 0 0 0 0 0 0 0 0 0 0 0 0 0 0 0 0 0 0 0 0 data 24 0x10002 0x12e9f 0x40007 0xe92f 0x50 0x4570 0x80002 0x4570 0xb0007 0x315d 0x38 0x1413 0xf0003 0xfd42 0x18 0x0 0x0 0x0 0x0 0x0 0x0 0x9 0x1 0x0 oops 0 methods 0
ciMethodData io/mola/galimatias/URLParser utf8PercentEncode (ILio/mola/galimatias/URLParser$EncodeSet;Ljava/lang/StringBuilder;)V 2 5691 orig 80 0 0 0 0 0 0 0 0 0 0 0 0 0 0 0 0 0 0 0 0 0 0 0 0 0 0 0 0 0 0 0 0 0 0 0 0 0 0 0 0 0 0 0 0 0 0 0 0 0 0 0 0 0 0 0 0 0 0 0 0 0 0 0 0 0 0 0 0 0 0 0 0 0 0 0 0 0 0 0 0 data 107 0x10007 0x0 0x258 0x143c 0x80005 0x143c 0x0 0x0 0x0 0x0 0x0 0xc0008 0xa 0x0 0x200 0x0 0x60 0x143c 0xc8 0x0 0x130 0x0 0x198 0x2e0002 0x0 0x310007 0x0 0x190 0x0 0x360005 0x0 0x0 0x0 0x0 0x0 0x0 0x3d0002 0x143c 0x400007 0x0 0x128 0x143c 0x450005 0x143c 0x0 0x0 0x0 0x0 0x0 0x4c0002 0x0 0x4f0007 0x0 0xc0 0x0 0x540005 0x0 0x0 0x0 0x0 0x0 0x0 0x5b0002 0x0 0x5e0007 0x0 0x58 0x0 0x630005 0x0 0x0 0x0 0x0 0x0 0x0 0x6d0002 0x0 0x700002 0x0 0x760005 0x0 0x0 0x0 0x0 0x0 0x0 0x8b0007 0x0 0x48 0x0 0x980002 0x0 0x9e0003 0x0 0xffffffffffffffd0 0x0 0x0 0x0 0x0 0x0 0x0 0x9 0x4 0x0 0x0 0x0 0x0 oops 0 methods 0
ciMethodData io/mola/galimatias/URLParser isInDefaultEncodeSet (I)Z 2 5691 orig 80 0 0 0 0 0 0 0 0 0 0 0 0 0 0 0 0 0 0 0 0 0 0 0 0 0 0 0 0 0 0 0 0 0 0 0 0 0 0 0 0 0 0 0 0 0 0 0 0 0 0 0 0 0 0 0 0 0 0 0 0 0 0 0 0 0 0 0 0 0 0 0 0 0 0 0 0 0 0 0 0 data 43 0x20002 0x143c 0x50007 0x0 0x100 0x143c 0xb0007 0x0 0xe0 0x143c 0x110007 0x0 0xc0 0x143c 0x170007 0x0 0xa0 0x143c 0x1d0007 0x0 0x80 0x143c 0x230007 0x0 0x60 0x143c 0x290007 0x0 0x40 0x143c 0x2f0007 0x143c 0x38 0x0 0x330003 0x0 0x18 0x0 0x0 0x9 0x2 0x0 0x0 oops 0 methods 0
ciMethodData io/mola/galimatias/URLParser isInSimpleEncodeSet (I)Z 2 5691 orig 80 0 0 0 0 0 0 0 0 0 0 0 0 0 0 0 0 0 0 0 0 0 0 0 0 0 0 0 0 0 0 0 0 0 0 0 0 0 0 0 0 0 0 0 0 0 0 0 0 0 0 0 0 0 0 0 0 0 0 0 0 0 0 0 0 0 0 0 0 0 0 0 0 0 0 0 0 0 0 0 0 data 16 0x30007 0x0 0x40 0x143c 0x90007 0x143c 0x38 0x0 0xd0003 0x0 0x18 0x0 0x9 0x2 0x0 0x0 oops 0 methods 0
ciMethodData io/mola/galimatias/URL port ()I 2 8070 orig 80 0 0 0 0 0 0 0 0 0 0 0 0 239 1 0 0 0 0 0 0 0 0 0 0 0 0 0 0 0 0 0 0 0 0 0 0 0 0 0 0 0 0 0 0 0 0 0 0 0 0 0 0 0 0 0 0 0 0 0 0 0 0 0 0 0 0 0 0 0 0 0 0 0 0 0 0 0 0 0 0 data 23 0x50007 0x0 0x70 0x1f11 0x90005 0x0 0x0 0x1efdba9abd0 0x1f11 0x0 0x0 0xc0003 0x1f11 0x18 0x0 0x0 0x0 0x0 0x0 0x0 0x9 0x1 0x0 oops 1 7 io/mola/galimatias/URL methods 0
ciMethodData io/mola/galimatias/URL defaultPort (Ljava/lang/String;)I 2 21506 orig 80 0 0 0 0 0 0 0 0 0 0 0 0 239 1 0 0 0 0 0 0 0 0 0 0 0 0 0 0 0 0 0 0 0 0 0 0 0 0 0 0 0 0 0 0 0 0 0 0 0 0 0 0 0 0 0 0 0 0 0 0 0 0 0 0 0 0 0 0 0 0 0 0 0 0 0 0 0 0 0 0 data 17 0x10002 0x5300 0x60007 0x52ec 0x20 0x14 0xc0002 0x52ec 0x0 0x0 0x0 0x0 0x0 0x0 0x9 0x1 0x0 oops 0 methods 0
ciMethodData io/mola/galimatias/URLUtils getDefaultPortForScheme (Ljava/lang/String;)Ljava/lang/String; 2 18756 orig 80 0 0 0 0 0 0 0 0 0 0 0 0 239 1 0 0 0 0 0 0 0 0 0 0 0 0 0 0 0 0 0 0 0 0 0 0 0 0 0 0 0 0 0 0 0 0 0 0 0 0 0 0 0 0 0 0 0 0 0 0 0 0 0 0 0 0 0 0 0 0 0 0 0 0 0 0 0 0 0 0 data 88 0x30005 0x4842 0x0 0x0 0x0 0x0 0x0 0x60007 0x4842 0x20 0x0 0xf0005 0x4842 0x0 0x0 0x0 0x0 0x0 0x120007 0x482e 0x20 0x14 0x1a0005 0x482e 0x0 0x0 0x0 0x0 0x0 0x1d0007 0x482e 0x20 0x0 0x260005 0x482e 0x0 0x0 0x0 0x0 0x0 0x290007 0x482e 0x20 0x0 0x320005 0x482e 0x0 0x0 0x0 0x0 0x0 0x350007 0x0 0x20 0x482e 0x3e0005 0x0 0x0 0x0 0x0 0x0 0x0 0x410007 0x0 0x20 0x0 0x4a0005 0x0 0x0 0x0 0x0 0x0 0x0 0x4d0007 0x0 0x20 0x0 0x0 0x0 0x0 0x0 0x0 0x0 0x0 0x0 0x9 0x1 0x0 oops 0 methods 0
ciMethodData io/mola/galimatias/URLParser parse ()Lio/mola/galimatias/URL; 2 525549 orig 80 3 0 0 0 0 0 0 0 0 0 0 0 239 1 0 0 0 0 0 0 0 0 0 0 0 0 0 0 0 0 0 0 0 0 0 0 0 0 0 2 0 0 0 0 0 0 0 0 0 0 0 0 0 0 0 0 0 0 0 0 0 0 0 0 0 0 0 0 0 0 0 0 0 0 0 0 0 0 0 0 data 3048 0x40007 0x1ed9 0x30 0x0 0xd0002 0x0 0x190005 0x1ed9 0x0 0x0 0x0 0x0 0x0 0x1e0002 0x1ed9 0x290007 0x95a 0x38 0x157f 0x2d0003 0x157f 0x50 0x340005 0x0 0x0 0x1efdba9abd0 0x95a 0x0 0x0 0x3c0007 0x95a 0x48 0x157f 0x430002 0x157f 0x460003 0x157f 0x60 0x510005 0x0 0x0 0x1efdba9abd0 0x95a 0x0 0x0 0x540002 0x95a 0x5d0007 0x95a 0x38 0x157f 0x610003 0x157f 0x50 0x680005 0x0 0x0 0x1efdba9abd0 0x95a 0x0 0x0 0x710007 0x95a 0x38 0x157f 0x750003 0x157f 0x50 0x7c0005 0x0 0x0 0x1efdba9abd0 0x95a 0x0 0x0 0x850007 0x95a 0x38 0x157f 0x890003 0x157f 0x50 0x900005 0x0 0x0 0x1efdba9abd0 0x95a 0x0 0x0 0x990007 0x95a 0x38 0x157f 0x9d0003 0x157f 0x50 0xa40005 0x0 0x0 0x1efdba9abd0 0x95a 0x0 0x0 0xad0007 0x157f 0x90 0x95a 0xb40005 0x0 0x0 0x1efdba9abd0 0x95a 0x0 0x0 0xb70007 0x0 0x38 0x95a 0xbb0003 0x95a 0x18 0xcb0007 0x157f 0x40 0x95a 0xd50007 0x0 0x48 0x95a 0xdc0002 0x1ed9 0xdf0003 0x1ed9 0x50 0xe60005 0x0 0x0 0x0 0x0 0x0 0x0 0xef0007 0x157f 0x98 0x95a 0xf60005 0x0 0x0 0x1efdba9abd0 0x95a 0x0 0x0 0xf90007 0x952 0x40 0x8 0x1030007 0x8 0x38 0x0 0x1070003 0x1ed1 0x60 0x1120005 0x0 0x0 0x1efdba9abd0 0x8 0x0 0x0 0x1150002 0x8 0x11e0007 0x157f 0x98 0x95a 0x1250005 0x0 0x0 0x1efdba9abd0 0x95a 0x0 0x0 0x1280007 0x95a 0x40 0x0 0x1320007 0x0 0x38 0x0 0x1360003 0x1ed9 0x60 0x1410005 0x0 0x0 0x0 0x0 0x0 0x0 0x1440002 0x0 0x14e0005 0x1ed9 0x0 0x0 0x0 0x0 0x0 0x1510002 0x1ed9 0x15e0005 0x1ed9 0x0 0x0 0x0 0x0 0x0 0x1690002 0x1ed9 0x1700002 0x1ed9 0x1730007 0x1ed9 0x48 0x0 0x1770002 0x0 0x1840003 0x0 0xffffffffffffffc0 0x18f0007 0x2 0xa0 0x1ed7 0x19c0005 0x1ed7 0x0 0x0 0x0 0x0 0x0 0x19f0002 0x1ed7 0x1a20007 0x1ed7 0x38 0x0 0x1af0003 0x0 0xffffffffffffff78 0x1b60007 0x95a 0x38 0x157f 0x1bc0003 0x157f 0x18 0x1ca0007 0x0 0x4f08 0x7f6bf 0x1d50007 0x7d7e5 0x38 0x1eda 0x1d80003 0x1eda 0x4ec8 0x1e00005 0x7d7e5 0x0 0x0 0x0 0x0 0x0 0x1e40008 0x26 0x0 0x4e08 0x157f 0x140 0x5e6e 0x240 0x0 0x680 0x154e 0xa60 0x30 0xb10 0x154e 0xc90 0x0 0x1ab0 0x2 0x1d88 0x2 0x1df8 0x32 0x1e68 0x390 0x1ef8 0x0 0x2808 0x390 0x2c38 0x0 0x3018 0x98c 0x35b0 0x727b6 0x3648 0x94 0x4408 0x0 0x4a80 0x2400002 0x157f 0x2430007 0x115 0x80 0x146a 0x24b0002 0x146a 0x24e0005 0x146a 0x0 0x0 0x0 0x0 0x0 0x2570003 0x146a 0x4c50 0x25e0007 0x0 0x48 0x115 0x2670002 0x115 0x26a0003 0x115 0x4c08 0x2700002 0x0 0x2730003 0x0 0x4be0 0x27a0002 0x5e6e 0x27d0007 0x49ec 0x80 0x1482 0x2860007 0x0 0x60 0x1482 0x80000006028f0007 0x8 0x40 0x147b 0x2980007 0x146b 0x80 0x10 0x2a00002 0x4a04 0x2a30005 0x4a04 0x0 0x0 0x0 0x0 0x0 0x2a70003 0x4a04 0x4af0 0x2b00007 0x1439 0x280 0x32 0x2b40005 0x32 0x0 0x0 0x0 0x0 0x0 0x2ba0005 0x32 0x0 0x0 0x0 0x0 0x0 0x2c10007 0x32 0x38 0x0 0x2c70003 0x0 0x4a28 0x2cb0002 0x32 0x2d30005 0x32 0x0 0x0 0x0 0x0 0x0 0x2d60007 0x32 0x38 0x0 0x2de0003 0x0 0x49a8 0x2e30007 0x0 0xe8 0x32 0x2ea0007 0x2 0xc8 0x30 0x2f10005 0x0 0x0 0x1efdba9abd0 0x30 0x0 0x0 0x2f50005 0x30 0x0 0x0 0x0 0x0 0x0 0x2f80007 0x0 0x38 0x30 0x3000003 0x30 0x48c0 0x3050007 0x0 0x38 0x2 0x30d0003 0x2 0x4888 0x3150003 0x0 0x4870 0x31c0007 0x0 0x70 0x1439 0x3210005 0x1439 0x0 0x0 0x0 0x0 0x0 0x32e0003 0x1439 0x4800 0x3350007 0x0 0x38 0x0 0x33b0003 0x0 0x47c8 0x3450002 0x0 0x3480003 0x0 0x47a0 0x3510007 0x0 0x48 0x0 0x3580002 0x0 0x3620003 0x0 0x4758 0x36b0007 0x0 0x48 0x0 0x3720002 0x0 0x37c0003 0x0 0x4710 0x3830007 0x0 0x80 0x0 0x38c0007 0x0 0x60 0x0 0x3930002 0x0 0x3960007 0x0 0x30 0x0 0x3a00002 0x0 0x3a90007 0x0 0x228 0x0 0x3b30002 0x0 0x3b60002 0x0 0x3b90007 0x0 0x60 0x0 0x3c30002 0x0 0x3c60002 0x0 0x3c90007 0x0 0x48 0x0 0x3cd0002 0x0 0x3d00003 0x0 0x178 0x3da0005 0x0 0x0 0x0 0x0 0x0 0x0 0x3e70005 0x0 0x0 0x0 0x0 0x0 0x0 0x3ea0002 0x0 0x3ed0005 0x0 0x0 0x0 0x0 0x0 0x0 0x3fa0005 0x0 0x0 0x0 0x0 0x0 0x0 0x3fd0002 0x0 0x4000005 0x0 0x0 0x0 0x0 0x0 0x0 0x40b0002 0x0 0x40e0003 0x0 0x4468 0x4150007 0x0 0x4450 0x0 0x41e0007 0x0 0x4430 0x0 0x4270007 0x0 0x4410 0x0 0x4300007 0x0 0x43f0 0x0 0x43d0002 0x0 0x4400003 0x0 0x43c0 0x4470007 0x0 0x88 0x154e 0x44e0005 0x0 0x0 0x1efdba9abd0 0x154e 0x0 0x0 0x4510002 0x154e 0x4540007 0x154e 0x30 0x0 0x4580002 0x0 0x46a0003 0x154e 0x4310 0x4730007 0x0 0x68 0x30 0x47d0002 0x30 0x4820007 0x0 0x38 0x30 0x4940003 0x30 0x42a8 0x49c0002 0x0 0x4a10005 0x0 0x0 0x0 0x0 0x0 0x0 0x4a50005 0x0 0x0 0x0 0x0 0x0 0x0 0x4aa0005 0x0 0x0 0x0 0x0 0x0 0x0 0x4ad0005 0x0 0x0 0x0 0x0 0x0 0x0 0x4b00002 0x0 0x4c20003 0x0 0x4190 0x4cb0005 0x154e 0x0 0x0 0x0 0x0 0x0 0x4ce0007 0x0 0x90 0x154e 0x4d50007 0x154e 0x38 0x0 0x4d90003 0x0 0x50 0x4e00005 0x0 0x0 0x1efdba9abd0 0x154e 0x0 0x0 0x4e80007 0x154c 0x2f0 0x2 0x4ef0007 0x2 0x38 0x0 0x4f30003 0x0 0x50 0x4fa0005 0x0 0x0 0x1efdba9abd0 0x2 0x0 0x0 0x5030007 0x0 0xb0 0x2 0x50a0005 0x0 0x0 0x1efdba9abd0 0x2 0x0 0x0 0x5110005 0x0 0x0 0x1efdba9abd0 0x2 0x0 0x0 0x5140007 0x0 0x38 0x2 0x5180003 0x2 0x50 0x51f0005 0x0 0x0 0x0 0x0 0x0 0x0 0x5280007 0x2 0x38 0x0 0x52c0003 0x0 0x50 0x5330005 0x0 0x0 0x1efdba9abd0 0x2 0x0 0x0 0x53c0007 0x0 0x78 0x2 0x5430005 0x0 0x0 0x1efdba9abd0 0x2 0x0 0x0 0x5460007 0x0 0x38 0x2 0x54a0003 0x2 0x60 0x5550005 0x0 0x0 0x0 0x0 0x0 0x0 0x5580002 0x0 0x55d0003 0x2 0x3dd8 0x5660007 0x0 0x40 0x154c 0x56f0007 0x154c 0x68 0x0 0x5780007 0x0 0x30 0x0 0x57c0002 0x0 0x5840003 0x0 0x3d50 0x58d0007 0x154c 0x228 0x0 0x5940007 0x0 0x38 0x0 0x5980003 0x0 0x50 0x59f0005 0x0 0x0 0x0 0x0 0x0 0x0 0x5a80007 0x0 0xb0 0x0 0x5af0005 0x0 0x0 0x0 0x0 0x0 0x0 0x5b60005 0x0 0x0 0x0 0x0 0x0 0x0 0x5b90007 0x0 0x38 0x0 0x5bd0003 0x0 0x50 0x5c40005 0x0 0x0 0x0 0x0 0x0 0x0 0x5cd0007 0x0 0x38 0x0 0x5d10003 0x0 0x50 0x5d80005 0x0 0x0 0x0 0x0 0x0 0x0 0x5e10002 0x0 0x5eb0003 0x0 0x3b28 0x5f40007 0x154c 0x300 0x0 0x5fb0007 0x0 0x38 0x0 0x5ff0003 0x0 0x50 0x6060005 0x0 0x0 0x0 0x0 0x0 0x0 0x60f0007 0x0 0xb0 0x0 0x6160005 0x0 0x0 0x0 0x0 0x0 0x0 0x61d0005 0x0 0x0 0x0 0x0 0x0 0x0 0x6200007 0x0 0x38 0x0 0x6240003 0x0 0x50 0x62b0005 0x0 0x0 0x0 0x0 0x0 0x0 0x6340007 0x0 0x38 0x0 0x6380003 0x0 0x50 0x63f0005 0x0 0x0 0x0 0x0 0x0 0x0 0x6480007 0x0 0x78 0x0 0x64f0005 0x0 0x0 0x0 0x0 0x0 0x0 0x6520007 0x0 0x38 0x0 0x6560003 0x0 0x60 0x6610005 0x0 0x0 0x0 0x0 0x0 0x0 0x6640002 0x0 0x66d0002 0x0 0x6770003 0x0 0x3828 0x67d0005 0x154c 0x0 0x0 0x0 0x0 0x0 0x6800007 0x154c 0x1b0 0x0 0x6870002 0x0 0x68a0007 0x0 0x180 0x0 0x6940002 0x0 0x6990007 0x0 0x50 0x0 0x6a30002 0x0 0x6a80007 0x0 0x120 0x0 0x6b70007 0x0 0x100 0x0 0x6c40007 0x0 0x398 0x0 0x6ce0002 0x0 0x6d30007 0x0 0x368 0x0 0x6dd0002 0x0 0x6e20007 0x0 0x338 0x0 0x6ec0002 0x0 0x6f10007 0x0 0x308 0x0 0x6fb0002 0x0 0x7000007 0x0 0x2d8 0x0 0x7070007 0x154c 0x38 0x0 0x70b0003 0x0 0x50 0x7120005 0x0 0x0 0x1efdba9abd0 0x154c 0x0 0x0 0x71b0007 0x0 0xb0 0x154c 0x7220005 0x0 0x0 0x1efdba9abd0 0x154c 0x0 0x0 0x7290005 0x0 0x0 0x1efdba9abd0 0x154c 0x0 0x0 0x72c0007 0x0 0x38 0x154c 0x7300003 0x154c 0x50 0x7370005 0x0 0x0 0x0 0x0 0x0 0x0 0x7400007 0x154c 0x48 0x0 0x7470002 0x0 0x74a0003 0x0 0x50 0x7510005 0x0 0x0 0x1efdba9abd0 0x154c 0x0 0x0 0x7580005 0x0 0x0 0x1ef9528f360 0x154c 0x0 0x0 0x75d0007 0x0 0x90 0x154c 0x7640005 0x0 0x0 0x1ef9528f360 0x154c 0x0 0x0 0x76b0005 0x0 0x0 0x1ef9528f360 0x154c 0x0 0x0 0x7800003 0x154c 0x3370 0x7890007 0x0 0x40 0x0 0x7920007 0x0 0xd8 0x0 0x79b0007 0x0 0x30 0x0 0x79f0002 0x0 0x7a50005 0x0 0x0 0x0 0x0 0x0 0x0 0x7a80007 0x0 0x38 0x0 0x7b00003 0x0 0x3290 0x7b80003 0x0 0x3278 0x7be0005 0x0 0x0 0x0 0x0 0x0 0x0 0x7c10007 0x0 0x190 0x0 0x7c80007 0x0 0x38 0x0 0x7cc0003 0x0 0x50 0x7d30005 0x0 0x0 0x0 0x0 0x0 0x0 0x7dc0007 0x0 0xb0 0x0 0x7e30005 0x0 0x0 0x0 0x0 0x0 0x0 0x7ea0005 0x0 0x0 0x0 0x0 0x0 0x0 0x7ed0007 0x0 0x38 0x0 0x7f10003 0x0 0x50 0x7f80005 0x0 0x0 0x0 0x0 0x0 0x0 0x80c0003 0x0 0x3098 0x8150007 0x0 0x38 0x2 0x81d0003 0x2 0x3060 0x8230002 0x0 0x82c0002 0x0 0x82f0003 0x0 0x3028 0x8380007 0x0 0x38 0x2 0x8400003 0x2 0x2ff0 0x8460002 0x0 0x84f0002 0x0 0x8520003 0x0 0x2fb8 0x85b0007 0x0 0x68 0x32 0x8640007 0x0 0x48 0x32 0x86d0002 0x32 0x8700003 0x32 0x2f50 0x8760002 0x0 0x8790003 0x0 0x2f28 0x8820007 0x390 0x6d8 0x0 0x8870007 0x0 0x68 0x0 0x88d0002 0x0 0x8940005 0x0 0x0 0x0 0x0 0x0 0x0 0x8a10005 0x0 0x0 0x0 0x0 0x0 0x0 0x8a40007 0x0 0x5c8 0x0 0x8aa0005 0x0 0x0 0x0 0x0 0x0 0x0 0x8b30007 0x0 0x60 0x0 0x8ba0007 0x0 0x40 0x0 0x8c10007 0x0 0x48 0x0 0x8c50002 0x0 0x8c80003 0x0 0x4e8 0x8cd0002 0x0 0x8d00007 0x0 0x88 0x0 0x8d70007 0x0 0x68 0x0 0x8e00005 0x0 0x0 0x0 0x0 0x0 0x0 0x8e30002 0x0 0x8ea0007 0x0 0x340 0x0 0x8f20005 0x0 0x0 0x0 0x0 0x0 0x0 0x8f50007 0x0 0xf0 0x0 0x8fd0005 0x0 0x0 0x0 0x0 0x0 0x0 0x9000002 0x0 0x9030007 0x0 0x88 0x0 0x90b0005 0x0 0x0 0x0 0x0 0x0 0x0 0x90e0002 0x0 0x9110007 0x0 0x48 0x0 0x9150002 0x0 0x9180003 0x0 0x1e8 0x9200005 0x0 0x0 0x0 0x0 0x0 0x0 0x9230002 0x0 0x9260007 0x0 0x188 0x0 0x92e0005 0x0 0x0 0x0 0x0 0x0 0x0 0x9310002 0x0 0x9340007 0x0 0x120 0x0 0x9410005 0x0 0x0 0x0 0x0 0x0 0x0 0x9440002 0x0 0x9470005 0x0 0x0 0x0 0x0 0x0 0x0 0x9540005 0x0 0x0 0x0 0x0 0x0 0x0 0x9570002 0x0 0x95a0005 0x0 0x0 0x0 0x0 0x0 0x0 0x9610007 0x0 0xa0 0x0 0x9660007 0x0 0x80 0x0 0x96e0005 0x0 0x0 0x0 0x0 0x0 0x0 0x9740002 0x0 0x9790003 0x0 0x70 0x97e0007 0x0 0x48 0x0 0x9890002 0x0 0x98c0003 0x0 0x28 0x9970002 0x0 0x99d0003 0x0 0xfffffffffffffa18 0x9a20005 0x0 0x0 0x0 0x0 0x0 0x0 0x9a50003 0x0 0x2850 0x9ac0007 0x10 0xa0 0x380 0x9b50007 0x22 0x80 0x35e 0x9be0007 0x0 0x60 0x35e 0x9c70007 0x0 0x40 0x35e 0x9d00007 0x35e 0x168 0x0 0x9d90005 0x32 0x0 0x0 0x0 0x0 0x0 0x9df0002 0x32 0x9e40007 0x32 0xb0 0x0 0x9e90005 0x0 0x0 0x0 0x0 0x0 0x0 0x9f00007 0x0 0x58 0x0 0x9f50005 0x0 0x0 0x0 0x0 0x0 0x0 0x9fc0005 0x32 0x0 0x0 0x0 0x0 0x0 0xa040003 0x32 0x2668 0xa0c0005 0x35e 0x0 0x0 0x0 0x0 0x0 0xa100003 0x35e 0x2618 0xa170007 0x0 0xa0 0x0 0xa200007 0x0 0x80 0x0 0xa290007 0x0 0x60 0x0 0xa320007 0x0 0x40 0x0 0xa3b0007 0x0 0x2d8 0x0 0xa490005 0x0 0x0 0x0 0x0 0x0 0x0 0xa4d0007 0x0 0x150 0x0 0xa520005 0x0 0x0 0x0 0x0 0x0 0x0 0xa550002 0x0 0xa580007 0x0 0xe8 0x0 0xa5d0005 0x0 0x0 0x0 0x0 0x0 0x0 0xa620007 0x0 0x78 0x0 0xa670005 0x0 0x0 0x0 0x0 0x0 0x0 0xa6c0007 0x0 0x38 0x0 0xa740003 0x0 0x23f0 0xa780005 0x0 0x0 0x0 0x0 0x0 0x0 0xa7b0007 0x0 0x38 0x0 0xa830003 0x0 0x2380 0xa870005 0x0 0x0 0x0 0x0 0x0 0x0 0xa8a0002 0x0 0xa8f0003 0x0 0x28 0xa970002 0x0 0xa9c0005 0x0 0x0 0x0 0x0 0x0 0x0 0xaa40003 0x0 0x22c0 0xaad0007 0x0 0x60 0x0 0xab60007 0x0 0x40 0x0 0xabf0007 0x0 0x48 0x0 0xac30002 0x0 0xac60003 0x0 0x2238 0xace0005 0x0 0x0 0x0 0x0 0x0 0x0 0xad20003 0x0 0x21e8 0xadb0007 0x390 0x120 0x0 0xae00007 0x0 0x100 0x0 0xae40005 0x0 0x0 0x0 0x0 0x0 0x0 0xae70002 0x0 0xaec0003 0x0 0x28 0xaf40002 0x0 0xaf90005 0x0 0x0 0x0 0x0 0x0 0x0 0xb080007 0x0 0x20e8 0x0 0xb0e0003 0x0 0x20c8 0xb150007 0x10 0xa0 0x380 0xb1e0007 0x22 0x80 0x35e 0xb270007 0x0 0x60 0x35e 0xb300007 0x0 0x40 0x35e 0xb390007 0x35e 0x110 0x0 0xb3d0002 0x32 0xb410005 0x32 0x0 0x0 0x0 0x0 0x0 0xb440002 0x32 0xb490003 0x32 0x28 0xb510002 0x0 0xb560005 0x32 0x0 0x0 0x0 0x0 0x0 0xb620007 0x32 0x1f58 0x0 0xb680003 0x0 0x1f38 0xb710007 0x0 0x60 0x35e 0xb7a0007 0x0 0x40 0x35e 0xb830007 0x35e 0x48 0x0 0xb870002 0x0 0xb8a0003 0x0 0x1eb0 0xb930007 0x35e 0x38 0x0 0xb990003 0x0 0x38 0xba20007 0x35e 0x20 0x0 0xbad0005 0x35e 0x0 0x0 0x0 0x0 0x0 0xbb10003 0x35e 0x1e08 0xbb80002 0x0 0xbbb0007 0x0 0x70 0x0 0xbc30005 0x0 0x0 0x0 0x0 0x0 0x0 0xbc70003 0x0 0x1d88 0xbce0007 0x0 0xa0 0x0 0xbd70007 0x0 0x80 0x0 0xbe00007 0x0 0x60 0x0 0xbe90007 0x0 0x40 0x0 0xbf20007 0x0 0x3e8 0x0 0xbf60005 0x0 0x0 0x0 0x0 0x0 0x0 0xbf90007 0x0 0x120 0x0 0xbfe0005 0x0 0x0 0x0 0x0 0x0 0x0 0xc030007 0x0 0xc8 0x0 0xc070005 0x0 0x0 0x0 0x0 0x0 0x0 0xc0b0007 0x0 0x70 0x0 0xc100005 0x0 0x0 0x0 0x0 0x0 0x0 0xc140003 0x0 0xfffffffffffffec0 0xc180005 0x0 0x0 0x0 0x0 0x0 0x0 0xc1c0002 0x0 0xc1f0005 0x0 0x0 0x0 0x0 0x0 0x0 0xc220007 0x0 0x58 0x0 0xc270005 0x0 0x0 0x0 0x0 0x0 0x0 0xc2b0005 0x0 0x0 0x0 0x0 0x0 0x0 0xc2e0007 0x0 0x38 0x0 0xc340003 0x0 0xb8 0xc3c0005 0x0 0x0 0x0 0x0 0x0 0x0 0xc3f0002 0x0 0xc480007 0x0 0x30 0x0 0xc4e0002 0x0 0xc510003 0x0 0x28 0xc590002 0x0 0xc600007 0x0 0x38 0x0 0xc660003 0x0 0x1970 0xc6b0005 0x0 0x0 0x0 0x0 0x0 0x0 0xc7d0003 0x0 0x1920 0xc860007 0x0 0x60 0x0 0xc8f0007 0x0 0x40 0x0 0xc980007 0x0 0x48 0x0 0xc9c0002 0x0 0xc9f0003 0x0 0x1898 0xca90002 0x0 0xcac0003 0x0 0x1870 0xcb50007 0x98c 0x30 0x0 0xcb90002 0x0 0xcc70007 0x97c 0x1828 0x10 0xcd00007 0x0 0x1808 0x10 0xcd40002 0x10 0xcd70003 0x10 0x17d8 0xcde0007 0x1ed0 0xc0 0x708e6 0xce70007 0x29ba 0xa0 0x6df2c 0xcf00007 0x0 0x80 0x6df2c 0xcf70007 0x23142 0xa28 0x4adea 0xd000007 0x8 0x40 0x4ade2 0xd090007 0x4ade2 0x9e8 0x0 0xd120007 0x4892 0x30 0x0 0xd160002 0x0 0xd1a0005 0x4892 0x0 0x0 0x0 0x0 0x0 0xd200005 0x4892 0x0 0x0 0x0 0x0 0x0 0xd290005 0x4892 0x0 0x0 0x0 0x0 0x0 0xd2c0007 0x4892 0xa8 0x0 0xd310005 0x0 0x0 0x0 0x0 0x0 0x0 0xd370005 0x0 0x0 0x0 0x0 0x0 0x0 0xd3b0003 0x0 0x190 0xd420005 0x4892 0x0 0x0 0x0 0x0 0x0 0xd450007 0x0 0xd0 0x4892 0xd4c0005 0x4892 0x0 0x0 0x0 0x0 0x0 0xd4f0007 0x0 0x78 0x4892 0xd560005 0x4892 0x0 0x0 0x0 0x0 0x0 0xd590007 0x4892 0x90 0x0 0xd5e0005 0x0 0x0 0x0 0x0 0x0 0x0 0xd640005 0x0 0x0 0x0 0x0 0x0 0x0 0xd6b0005 0x4892 0x0 0x0 0x0 0x0 0x0 0xd6e0005 0x4892 0x0 0x0 0x0 0x0 0x0 0x800000060d710007 0x477f 0x178 0x114 0xd760005 0x0 0x0 0x1ef9528f360 0x114 0x0 0x0 0xd7b0007 0x0 0x90 0x114 0xd820005 0x0 0x0 0x1ef9528f360 0x114 0x0 0x0 0xd890005 0x0 0x0 0x1ef9528f360 0x114 0x0 0x0 0xd950007 0x114 0x4b0 0x0 0xd9e0007 0x0 0x490 0x0 0xda50005 0x0 0x0 0x0 0x0 0x0 0x0 0xdab0003 0x0 0x438 0xdb10005 0x477f 0x0 0x0 0x0 0x0 0x0 0xdb40005 0x477f 0x0 0x0 0x0 0x0 0x0 0xdb70007 0x477f 0xb0 0x0 0xdc00007 0x0 0x90 0x0 0xdc90007 0x0 0x70 0x0 0xdd00005 0x0 0x0 0x0 0x0 0x0 0x0 0xdd60003 0x0 0x318 0xddc0005 0x477f 0x0 0x0 0x0 0x0 0x0 0xddf0005 0x477f 0x0 0x0 0x0 0x0 0x0 0xde20007 0x0 0x290 0x477f 0xde80005 0x477f 0x0 0x0 0x0 0x0 0x0 0xdeb0007 0x4747 0x1c8 0x38 0xdf00005 0x0 0x0 0x1ef9528f360 0x38 0x0 0x0 0xdf50007 0x30 0x170 0x8 0xdf90005 0x8 0x0 0x0 0x0 0x0 0x0 0xdfd0007 0x0 0x118 0x8 0xe020005 0x8 0x0 0x0 0x0 0x0 0x0 0xe050002 0x8 0xe080007 0x0 0xb0 0x8 0xe0d0005 0x8 0x0 0x0 0x0 0x0 0x0 0xe120007 0x8 0x58 0x0 0xe190005 0x0 0x0 0x0 0x0 0x0 0x0 0xe1f0005 0x477f 0x0 0x0 0x0 0x0 0x0 0xe220005 0x0 0x0 0x1ef9528f360 0x477f 0x0 0x0 0xe2a0005 0x4893 0x0 0x0 0x0 0x0 0x0 0xe330007 0x488b 0x48 0x8 0xe3a0002 0x8 0xe440003 0x8 0x48 0xe4d0007 0x488b 0x30 0x0 0xe540002 0x0 0xe5e0003 0x4893 0xd50 0xe670007 0x0 0x60 0x6df24 0xe700007 0x0 0x40 0x6df24 0xe790007 0x6df24 0x48 0x0 0xe7d0002 0x0 0xe800003 0x0 0xcc8 0xe870002 0x6df24 0xe8a0007 0x6df24 0x50 0x0 0xe930007 0x0 0x30 0x0 0xe9d0002 0x0 0xea60007 0x6df24 0x228 0x0 0xeb00002 0x0 0xeb30002 0x0 0xeb60007 0x0 0x60 0x0 0xec00002 0x0 0xec30002 0x0 0xec60007 0x0 0x48 0x0 0xeca0002 0x0 0xecd0003 0x0 0x178 0xed60005 0x0 0x0 0x0 0x0 0x0 0x0 0xee30005 0x0 0x0 0x0 0x0 0x0 0x0 0xee60002 0x0 0xee90005 0x0 0x0 0x0 0x0 0x0 0x0 0xef60005 0x0 0x0 0x0 0x0 0x0 0x0 0xef90002 0x0 0xefc0005 0x0 0x0 0x0 0x0 0x0 0x0 0xf070002 0x0 0xf0a0003 0x0 0xa40 0xf160002 0x6df24 0xf190003 0x6df24 0xa18 0xf1e0007 0x94 0x30 0x0 0xf250002 0x0 0xf2e0007 0x8 0x60 0x8c 0xf350007 0x0 0x2c8 0x8c 0xf3e0007 0x8c 0x2a8 0x0 0xf430007 0x0 0x20 0x8 0xf4a0005 0x8 0x0 0x0 0x0 0x0 0x0 0xf500005 0x8 0x0 0x0 0x0 0x0 0x0 0xf5d0007 0x8 0x178 0x8c 0xf6b0007 0x0 0xe0 0x8c 0xf720007 0x0 0xc0 0x8c 0xf790007 0x0 0xa0 0x8c 0xf800007 0x0 0x80 0x8c 0xf870007 0x0 0x60 0x8c 0xf8e0007 0x0 0x40 0x8c 0xf950007 0x8c 0x48 0x0 0xf9c0002 0x0 0xf9f0003 0x0 0x50 0xfa70005 0x8c 0x0 0x0 0x0 0x0 0x0 0xfae0003 0x8c 0xfffffffffffffea0 0xfb30005 0x8 0x0 0x0 0x0 0x0 0x0 0xfbc0007 0x8 0x30 0x0 0xfc30002 0x0 0xfcd0003 0x8 0x700 0xfd60007 0x0 0x60 0x8c 0xfdf0007 0x0 0x40 0x8c 0xfe80007 0x8c 0x48 0x0 0xfec0002 0x0 0xfef0003 0x0 0x678 0xff60002 0x8c 0xff90007 0x8c 0x50 0x0 0x10020007 0x0 0x30 0x0 0x100c0002 0x0 0x10150007 0x8c 0x228 0x0 0x101f0002 0x0 0x10220002 0x0 0x10250007 0x0 0x60 0x0 0x102f0002 0x0 0x10320002 0x0 0x10350007 0x0 0x48 0x0 0x10390002 0x0 0x103c0003 0x0 0x178 0x10450005 0x0 0x0 0x0 0x0 0x0 0x0 0x10520005 0x0 0x0 0x0 0x0 0x0 0x0 0x10550002 0x0 0x10580005 0x0 0x0 0x0 0x0 0x0 0x0 0x10650005 0x0 0x0 0x0 0x0 0x0 0x0 0x10680002 0x0 0x106b0005 0x0 0x0 0x0 0x0 0x0 0x0 0x10760002 0x0 0x10790003 0x0 0x3f0 0x10810005 0x8c 0x0 0x0 0x0 0x0 0x0 0x10850003 0x8c 0x3a0 0x108a0007 0x0 0x30 0x0 0x10910002 0x0 0x109a0007 0x0 0x38 0x0 0x109d0003 0x0 0x338 0x10a60007 0x0 0x60 0x0 0x10af0007 0x0 0x40 0x0 0x10b80007 0x0 0x48 0x0 0x10bc0002 0x0 0x10bf0003 0x0 0x2b0 0x10c60002 0x0 0x10c90007 0x0 0x50 0x0 0x10d20007 0x0 0x30 0x0 0x10dc0002 0x0 0x10e50007 0x0 0x228 0x0 0x10ef0002 0x0 0x10f20002 0x0 0x10f50007 0x0 0x60 0x0 0x10ff0002 0x0 0x11020002 0x0 0x11050007 0x0 0x48 0x0 0x11090002 0x0 0x110c0003 0x0 0x178 0x11160005 0x0 0x0 0x0 0x0 0x0 0x0 0x11230005 0x0 0x0 0x0 0x0 0x0 0x0 0x11260002 0x0 0x11290005 0x0 0x0 0x0 0x0 0x0 0x0 0x11360005 0x0 0x0 0x0 0x0 0x0 0x0 0x11390002 0x0 0x113c0005 0x0 0x0 0x0 0x0 0x0 0x0 0x11470002 0x0 0x114a0003 0x0 0x28 0x11570002 0x0 0x115f0007 0x797ff 0x48 0x3fe8 0x11670002 0x3fe8 0x116a0003 0x3fe8 0xffffffffffffb138 0x116e0002 0x797ff 0x11710003 0x797ff 0xffffffffffffb110 0x117b0005 0x1eda 0x0 0x0 0x0 0x0 0x0 0x118a0007 0x10 0x38 0x1eca 0x118e0003 0x1eca 0x50 0x11930005 0x10 0x0 0x0 0x0 0x0 0x0 0x11980007 0x0 0x38 0x1eda 0x119c0003 0x1eda 0x50 0x11a10005 0x0 0x0 0x0 0x0 0x0 0x0 0x11a60002 0x1eda 0x0 0x0 0x0 0x0 0x0 0x0 0x0 0x0 0x0 0x0 0x0 0x0 0x0 0x0 0x0 0x0 0x0 0x0 0x0 0x0 0x0 0x0 0x0 0x0 0x0 0x0 0x0 0x0 0x0 0x0 0x0 0x0 0x0 0x0 0x0 0x0 0x0 0x0 0x0 0x0 0x0 0x0 0x0 0x0 0x0 0x0 0x0 0x0 0x0 0x0 0x0 0x0 0x0 0x0 0x0 0x0 0x0 0x0 0x0 0x0 0x0 0x0 0x0 0x0 0x0 0x0 0x0 0x0 0x0 0x0 0x0 0x0 0x0 0x0 0x0 0x0 0x0 0x0 0x0 0x0 0x0 0x0 0x0 0x0 0x0 0x0 0x0 0x0 0x0 0x0 0x0 0x0 0x0 0x0 0x0 0x0 0x0 0x0 0x0 0x0 0x0 0x0 0x0 0x0 0x0 0x0 0x0 0x0 0x0 0x0 0x0 0x0 0x0 0x0 0x0 0x0 0x0 0x0 0x0 0x0 0x0 0x0 0x0 0x0 0x0 0x0 0x0 0x0 0x0 0x0 0x0 0x0 0x0 0x0 0x0 0x0 0x0 0x0 0x0 0x0 0x0 0x0 0x0 0x0 0x0 0x0 0x0 0x0 0x0 0x0 0x0 0x0 0x0 0x0 0x0 0x0 0x0 0x0 0x0 0x0 0x0 0x0 0x0 0x0 0x0 0x0 0x0 0x0 0x0 0x0 0x0 0x0 0x0 0x0 0x0 0x0 0x0 0x0 0x0 0x0 0x0 0x0 0x0 0x0 0x0 0x0 0x0 0x0 0x0 0x0 0x0 0x0 0x0 0x0 0x0 0x0 0x0 0x0 0x0 0x0 0x0 0x0 0x0 0x0 0x0 0x0 0x0 0x0 0x0 0x0 0x0 0x0 0x0 0x0 0x0 0x0 0x0 0x0 0x0 0x0 0x9 0x1 0x0 oops 30 25 io/mola/galimatias/URL 41 io/mola/galimatias/URL 57 io/mola/galimatias/URL 71 io/mola/galimatias/URL 85 io/mola/galimatias/URL 99 io/mola/galimatias/URL 110 io/mola/galimatias/URL 148 io/mola/galimatias/URL 166 io/mola/galimatias/URL 179 io/mola/galimatias/URL 431 io/mola/galimatias/URL 616 io/mola/galimatias/URL 700 io/mola/galimatias/URL 718 io/mola/galimatias/URL 729 io/mola/galimatias/URL 736 io/mola/galimatias/URL 764 io/mola/galimatias/URL 775 io/mola/galimatias/URL 1051 io/mola/galimatias/URL 1062 io/mola/galimatias/URL 1069 io/mola/galimatias/URL 1099 io/mola/galimatias/URL 1106 java/util/ArrayList 1117 java/util/ArrayList 1124 java/util/ArrayList 2154 java/util/ArrayList 2165 java/util/ArrayList 2172 java/util/ArrayList 2262 java/util/ArrayList 2322 java/util/ArrayList methods 0
ciMethodData io/mola/galimatias/URL defaultPort ()I 2 13763 orig 80 0 0 0 0 0 0 0 0 0 0 0 0 239 1 0 0 0 0 0 0 0 0 0 0 0 0 0 0 0 0 0 0 0 0 0 0 0 0 0 0 0 0 0 0 0 0 0 0 0 0 0 0 0 0 0 0 0 0 0 0 0 0 0 0 0 0 0 0 0 0 0 0 0 0 0 0 0 0 0 0 data 11 0x40002 0x34d9 0x0 0x0 0x0 0x0 0x0 0x0 0x9 0x1 0x0 oops 0 methods 0
ciMethodData io/mola/galimatias/URL pathSegments ()Ljava/util/List; 2 6285 orig 80 0 0 0 0 0 0 0 0 0 0 0 0 239 1 0 0 0 0 0 0 0 0 0 0 0 0 0 0 0 0 0 0 0 0 0 0 0 0 0 0 0 0 0 0 0 0 0 0 0 0 0 0 0 0 0 0 0 0 0 0 0 0 0 0 0 0 0 0 0 0 0 0 0 0 0 0 0 0 0 0 data 15 0x40007 0x1818 0x20 0x0 0xd0002 0x1818 0x0 0x0 0x0 0x0 0x0 0x0 0x9 0x1 0x0 oops 0 methods 0
ciMethodData io/mola/galimatias/URLParser decrIdx ()V 1 413 orig 80 0 0 0 0 0 0 0 0 0 0 0 0 239 1 0 0 0 0 0 0 0 0 0 0 0 0 0 0 0 0 0 0 0 0 0 0 0 0 0 0 0 0 0 0 0 0 0 0 0 0 0 0 0 0 0 0 0 0 0 0 0 0 0 0 0 0 0 0 0 0 0 0 0 0 0 0 0 0 0 0 data 26 0x80007 0x74 0x30 0x126 0x120002 0x126 0x1e0005 0x74 0x0 0x0 0x0 0x0 0x0 0x210002 0x74 0x2c0002 0x74 0x0 0x0 0x0 0x0 0x0 0x0 0x9 0x1 0x1c oops 0 methods 0
ciMethodData io/mola/galimatias/URLUtils isRelativeScheme (Ljava/lang/String;)Z 2 6338 orig 80 0 0 0 0 0 0 0 0 0 0 0 0 239 1 0 0 0 0 0 0 0 0 0 0 0 0 0 0 0 0 0 0 0 0 0 0 0 0 0 0 0 0 0 0 0 0 0 0 0 0 0 0 0 0 0 0 0 0 0 0 0 0 0 0 0 0 0 0 0 0 0 0 0 0 0 0 0 0 0 0 data 16 0x40005 0x0 0x0 0x1efddfead20 0x184a 0x0 0x0 0x0 0x0 0x0 0x0 0x0 0x0 0x9 0x1 0xffffffffffffffff oops 1 3 java/util/Arrays$ArrayList methods 0
ciMethodData io/mola/galimatias/URLParser at (I)C 1 48 orig 80 0 0 0 0 0 0 0 0 0 0 0 0 239 1 0 0 0 0 0 0 0 0 0 0 0 0 0 0 0 0 0 0 0 0 0 0 0 0 0 0 0 0 0 0 0 0 0 0 0 0 0 0 0 0 0 0 0 0 0 0 0 0 0 0 0 0 0 0 0 0 0 0 0 0 0 0 0 0 0 0 data 21 0x50007 0x30 0x20 0x0 0xf0005 0x30 0x0 0x0 0x0 0x0 0x0 0x0 0x0 0x0 0x0 0x0 0x0 0x9 0x2 0x0 0x0 oops 0 methods 0
ciMethodData io/mola/galimatias/URLParser handleError (Ljava/lang/String;)V 1 0 orig 80 0 0 0 0 0 0 0 0 0 0 0 0 239 1 0 0 0 0 0 0 0 0 0 0 0 0 0 0 0 0 0 0 0 0 0 0 0 0 0 0 0 0 0 0 0 0 0 0 0 0 0 0 0 0 0 0 0 0 0 0 0 0 0 0 0 0 0 0 0 0 0 0 0 0 0 0 0 0 0 0 data 12 0xa0002 0x0 0xd0002 0x0 0x0 0x0 0x0 0x0 0x9 0x2 0x0 0x0 oops 0 methods 0
ciMethodData io/mola/galimatias/Host parseHost (Ljava/lang/String;)Lio/mola/galimatias/Host; 1 51 orig 80 0 0 0 0 0 0 0 0 0 0 0 0 239 1 0 0 0 0 0 0 0 0 0 0 0 0 0 0 0 0 0 0 0 0 0 0 0 0 0 0 0 0 0 0 0 0 0 0 0 0 0 0 0 0 0 0 0 0 0 0 0 0 0 0 0 0 0 0 0 0 0 0 0 0 0 0 0 0 0 0 data 86 0x10007 0x32 0x30 0x0 0xa0002 0x0 0xf0005 0x32 0x0 0x0 0x0 0x0 0x0 0x120007 0x32 0x30 0x0 0x1c0002 0x0 0x220005 0x32 0x0 0x0 0x0 0x0 0x0 0x270007 0x32 0x140 0x0 0x2c0005 0x0 0x0 0x0 0x0 0x0 0x0 0x310005 0x0 0x0 0x0 0x0 0x0 0x0 0x360007 0x0 0x30 0x0 0x400002 0x0 0x470005 0x0 0x0 0x0 0x0 0x0 0x0 0x4c0005 0x0 0x0 0x0 0x0 0x0 0x0 0x4f0002 0x0 0x540002 0x32 0x590005 0x0 0x0 0x1efde507470 0x32 0x0 0x0 0x5c0002 0x32 0x0 0x0 0x0 0x0 0x0 0x0 0x9 0x1 0xffffffffffffffff oops 1 71 io/mola/galimatias/Domain methods 0
ciMethodData io/mola/galimatias/URLParser handleFatalInvalidHostError (Ljava/lang/Exception;)V 1 0 orig 80 0 0 0 0 0 0 0 0 0 0 0 0 239 1 0 0 0 0 0 0 0 0 0 0 0 0 0 0 0 0 0 0 0 0 0 0 0 0 0 0 0 0 0 0 0 0 0 0 0 0 0 0 0 0 0 0 0 0 0 0 0 0 0 0 0 0 0 0 0 0 0 0 0 0 0 0 0 0 0 0 data 79 0x10002 0x0 0x80002 0x0 0xd0005 0x0 0x0 0x0 0x0 0x0 0x0 0x110005 0x0 0x0 0x0 0x0 0x0 0x0 0x140005 0x0 0x0 0x0 0x0 0x0 0x0 0x170005 0x0 0x0 0x0 0x0 0x0 0x0 0x1a0005 0x0 0x0 0x0 0x0 0x0 0x0 0x200005 0x0 0x0 0x0 0x0 0x0 0x0 0x270005 0x0 0x0 0x0 0x0 0x0 0x0 0x2b0005 0x0 0x0 0x0 0x0 0x0 0x0 0x2e0005 0x0 0x0 0x0 0x0 0x0 0x0 0x310002 0x0 0x0 0x0 0x0 0x0 0x0 0x0 0x9 0x2 0x0 0xffffffffffffffff oops 0 methods 0
ciMethodData io/mola/galimatias/URL <init> (Ljava/lang/String;Ljava/lang/String;Ljava/lang/String;Ljava/lang/String;Lio/mola/galimatias/Host;ILjava/lang/Iterable;Ljava/lang/String;Ljava/lang/String;Z)V 2 6528 orig 80 0 0 0 0 0 0 0 0 0 0 0 0 239 1 0 0 0 0 0 0 0 0 0 0 0 0 0 0 0 0 0 0 0 0 0 0 0 0 0 0 0 0 0 0 0 0 0 0 0 0 0 0 0 0 0 0 0 0 0 0 0 0 0 0 0 0 0 0 0 0 0 0 0 0 0 0 0 0 0 0 data 23 0xc0002 0x1905 0x150002 0x1905 0x0 0x0 0x0 0x0 0x0 0x0 0x9 0xb 0x7e 0x0 0x0 0x0 0x0 0x0 0x0 0xffffffffffffffff 0x0 0x0 0x0 oops 0 methods 0
compile io/mola/galimatias/URLParser parse ()Lio/mola/galimatias/URL; -1 4 inline 202 0 -1 io/mola/galimatias/URLParser parse ()Lio/mola/galimatias/URL; 1 25 java/lang/String length ()I 2 6 java/lang/String coder ()B 1 30 java/lang/StringBuilder <init> (I)V 2 2 java/lang/AbstractStringBuilder <init> (I)V 3 1 java/lang/Object <init> ()V 1 52 io/mola/galimatias/URL scheme ()Ljava/lang/String; 1 67 java/lang/StringBuilder <init> ()V 2 3 java/lang/AbstractStringBuilder <init> (I)V 3 1 java/lang/Object <init> ()V 1 81 io/mola/galimatias/URL schemeData ()Ljava/lang/String; 1 84 java/lang/StringBuilder <init> (Ljava/lang/String;)V 2 2 java/lang/AbstractStringBuilder <init> (Ljava/lang/String;)V 3 1 java/lang/Object <init> ()V 3 5 java/lang/String length ()I 4 6 java/lang/String coder ()B 3 26 java/lang/String coder ()B 3 58 java/lang/StringBuilder append (Ljava/lang/String;)Ljava/lang/AbstractStringBuilder; 4 2 java/lang/StringBuilder append (Ljava/lang/String;)Ljava/lang/StringBuilder; 5 2 java/lang/AbstractStringBuilder append (Ljava/lang/String;)Ljava/lang/AbstractStringBuilder; 6 10 java/lang/String length ()I 7 6 java/lang/String coder ()B 6 21 java/lang/AbstractStringBuilder ensureCapacityInternal (I)V 7 24 java/lang/AbstractStringBuilder newCapacity (I)I 8 29 jdk/internal/util/ArraysSupport newLength (III)I 7 32 java/util/Arrays copyOf ([BI)[B 6 30 java/lang/AbstractStringBuilder putStringAt (ILjava/lang/String;)V 7 5 java/lang/String length ()I 8 6 java/lang/String coder ()B 7 8 java/lang/AbstractStringBuilder putStringAt (ILjava/lang/String;II)V 8 1 java/lang/AbstractStringBuilder getCoder ()B 8 5 java/lang/String coder ()B 8 12 java/lang/AbstractStringBuilder inflate ()V 9 1 java/lang/AbstractStringBuilder isLatin1 ()Z 8 30 java/lang/String getBytes ([BIIBI)V 9 1 java/lang/String coder ()B 1 104 io/mola/galimatias/URL username ()Ljava/lang/String; 1 124 io/mola/galimatias/URL password ()Ljava/lang/String; 1 144 io/mola/galimatias/URL host ()Lio/mola/galimatias/Host; 1 164 io/mola/galimatias/URL port ()I 2 9 io/mola/galimatias/URL defaultPort ()I 3 4 io/mola/galimatias/URL defaultPort (Ljava/lang/String;)I 4 1 io/mola/galimatias/URLUtils getDefaultPortForScheme (Ljava/lang/String;)Ljava/lang/String; 5 3 java/lang/String equals (Ljava/lang/Object;)Z 5 15 java/lang/String equals (Ljava/lang/Object;)Z 5 26 java/lang/String equals (Ljava/lang/Object;)Z 5 38 java/lang/String equals (Ljava/lang/Object;)Z 5 50 java/lang/String equals (Ljava/lang/Object;)Z 4 12 java/lang/Integer parseInt (Ljava/lang/String;)I 5 3 java/lang/Integer parseInt (Ljava/lang/String;I)I 6 94 java/lang/String length ()I 7 6 java/lang/String coder ()B 6 110 java/lang/String charAt (I)C 7 1 java/lang/String isLatin1 ()Z 7 12 java/lang/StringLatin1 charAt ([BI)C 7 21 java/lang/StringUTF16 charAt ([BI)C 8 2 java/lang/StringUTF16 checkIndex (I[B)V 9 2 java/lang/StringUTF16 length ([B)I 9 5 java/lang/String checkIndex (II)V 6 186 java/lang/String charAt (I)C 7 1 java/lang/String isLatin1 ()Z 7 12 java/lang/StringLatin1 charAt ([BI)C 7 21 java/lang/StringUTF16 charAt ([BI)C 8 2 java/lang/StringUTF16 checkIndex (I[B)V 9 2 java/lang/StringUTF16 length ([B)I 9 5 java/lang/String checkIndex (II)V 6 190 java/lang/Character digit (CI)I 7 2 java/lang/Character digit (II)I 8 1 java/lang/CharacterData of (I)Ljava/lang/CharacterData; 8 6 java/lang/CharacterDataLatin1 digit (II)I 1 180 io/mola/galimatias/URL isHierarchical ()Z 1 220 java/util/ArrayList <init> ()V 2 1 java/util/AbstractList <init> ()V 3 1 java/util/AbstractCollection <init> ()V 4 1 java/lang/Object <init> ()V 1 246 io/mola/galimatias/URL query ()Ljava/lang/String; 1 274 io/mola/galimatias/URL query ()Ljava/lang/String; 1 277 java/lang/StringBuilder <init> (Ljava/lang/String;)V 2 2 java/lang/AbstractStringBuilder <init> (Ljava/lang/String;)V 3 1 java/lang/Object <init> ()V 3 5 java/lang/String length ()I 4 6 java/lang/String coder ()B 3 26 java/lang/String coder ()B 3 58 java/lang/StringBuilder append (Ljava/lang/String;)Ljava/lang/AbstractStringBuilder; 4 2 java/lang/StringBuilder append (Ljava/lang/String;)Ljava/lang/StringBuilder; 5 2 java/lang/AbstractStringBuilder append (Ljava/lang/String;)Ljava/lang/AbstractStringBuilder; 6 10 java/lang/String length ()I 7 6 java/lang/String coder ()B 6 21 java/lang/AbstractStringBuilder ensureCapacityInternal (I)V 7 24 java/lang/AbstractStringBuilder newCapacity (I)I 8 29 jdk/internal/util/ArraysSupport newLength (III)I 7 32 java/util/Arrays copyOf ([BI)[B 6 30 java/lang/AbstractStringBuilder putStringAt (ILjava/lang/String;)V 7 5 java/lang/String length ()I 8 6 java/lang/String coder ()B 7 8 java/lang/AbstractStringBuilder putStringAt (ILjava/lang/String;II)V 8 1 java/lang/AbstractStringBuilder getCoder ()B 8 5 java/lang/String coder ()B 8 12 java/lang/AbstractStringBuilder inflate ()V 9 1 java/lang/AbstractStringBuilder isLatin1 ()Z 8 30 java/lang/String getBytes ([BIIBI)V 9 1 java/lang/String coder ()B 1 293 io/mola/galimatias/URL fragment ()Ljava/lang/String; 1 334 java/lang/StringBuilder length ()I 2 1 java/lang/AbstractStringBuilder length ()I 1 337 java/lang/StringBuilder <init> (I)V 2 2 java/lang/AbstractStringBuilder <init> (I)V 3 1 java/lang/Object <init> ()V 1 350 java/lang/String length ()I 2 6 java/lang/String coder ()B 1 361 io/mola/galimatias/URLParser setIdx (I)V 2 50 java/lang/String codePointAt (I)I 3 1 java/lang/String isLatin1 ()Z 3 13 java/lang/String checkIndex (II)V 3 37 java/lang/String checkIndex (II)V 3 46 java/lang/StringUTF16 codePointAt ([BII)I 4 4 java/lang/StringUTF16 codePointAt ([BIIZ)I 5 37 java/lang/Character isHighSurrogate (C)Z 5 69 java/lang/Character isLowSurrogate (C)Z 1 368 java/lang/Character isWhitespace (I)Z 2 1 java/lang/CharacterData of (I)Ljava/lang/CharacterData; 2 5 java/lang/CharacterDataLatin1 isWhitespace (I)Z 3 2 java/lang/CharacterDataLatin1 getProperties (I)I 1 412 java/lang/String charAt (I)C 2 1 java/lang/String isLatin1 ()Z 2 12 java/lang/StringLatin1 charAt ([BI)C 2 21 java/lang/StringUTF16 charAt ([BI)C 3 2 java/lang/StringUTF16 checkIndex (I[B)V 4 2 java/lang/StringUTF16 length ([B)I 4 5 java/lang/String checkIndex (II)V 1 415 java/lang/Character isWhitespace (C)Z 2 1 java/lang/Character isWhitespace (I)Z 3 1 java/lang/CharacterData of (I)Ljava/lang/CharacterData; 3 5 java/lang/CharacterDataLatin1 isWhitespace (I)Z 4 2 java/lang/CharacterDataLatin1 getProperties (I)I 1 480 java/lang/Enum ordinal ()I 1 4225 java/lang/StringBuilder appendCodePoint (I)Ljava/lang/StringBuilder; 2 2 java/lang/AbstractStringBuilder appendCodePoint (I)Ljava/lang/AbstractStringBuilder; 3 1 java/lang/Character isBmpCodePoint (I)Z 3 10 java/lang/StringBuilder append (C)Ljava/lang/AbstractStringBuilder; 4 2 java/lang/StringBuilder append (C)Ljava/lang/StringBuilder; 5 2 java/lang/AbstractStringBuilder append (C)Ljava/lang/AbstractStringBuilder; 6 7 java/lang/AbstractStringBuilder ensureCapacityInternal (I)V 7 24 java/lang/AbstractStringBuilder newCapacity (I)I 8 29 jdk/internal/util/ArraysSupport newLength (III)I 7 32 java/util/Arrays copyOf ([BI)[B 6 11 java/lang/AbstractStringBuilder isLatin1 ()Z 6 18 java/lang/StringLatin1 canEncode (I)Z 6 46 java/lang/AbstractStringBuilder isLatin1 ()Z 6 72 java/lang/StringUTF16 putCharSB ([BII)V 7 2 java/lang/StringUTF16 checkIndex (I[B)V 8 2 java/lang/StringUTF16 length ([B)I 8 5 java/lang/String checkIndex (II)V 1 3920 java/lang/String getBytes (Ljava/nio/charset/Charset;)[B 2 14 java/lang/String coder ()B 2 21 java/lang/String encode (Ljava/nio/charset/Charset;B[B)[B 1 4007 java/lang/StringBuilder append (C)Ljava/lang/StringBuilder; 2 2 java/lang/AbstractStringBuilder append (C)Ljava/lang/AbstractStringBuilder; 3 7 java/lang/AbstractStringBuilder ensureCapacityInternal (I)V 4 24 java/lang/AbstractStringBuilder newCapacity (I)I 5 29 jdk/internal/util/ArraysSupport newLength (III)I 4 32 java/util/Arrays copyOf ([BI)[B 3 11 java/lang/AbstractStringBuilder isLatin1 ()Z 3 18 java/lang/StringLatin1 canEncode (I)Z 3 46 java/lang/AbstractStringBuilder isLatin1 ()Z 3 72 java/lang/StringUTF16 putCharSB ([BII)V 4 2 java/lang/StringUTF16 checkIndex (I[B)V 5 2 java/lang/StringUTF16 length ([B)I 5 5 java/lang/String checkIndex (II)V 1 3862 io/mola/galimatias/URLParser utf8PercentEncode (ILio/mola/galimatias/URLParser$EncodeSet;Ljava/lang/StringBuilder;)V 2 8 java/lang/Enum ordinal ()I 2 61 io/mola/galimatias/URLParser isInDefaultEncodeSet (I)Z 3 2 io/mola/galimatias/URLParser isInSimpleEncodeSet (I)Z 2 69 java/lang/StringBuilder appendCodePoint (I)Ljava/lang/StringBuilder; 3 2 java/lang/AbstractStringBuilder appendCodePoint (I)Ljava/lang/AbstractStringBuilder; 4 1 java/lang/Character isBmpCodePoint (I)Z 4 10 java/lang/StringBuilder append (C)Ljava/lang/AbstractStringBuilder; 5 2 java/lang/StringBuilder append (C)Ljava/lang/StringBuilder; 6 2 java/lang/AbstractStringBuilder append (C)Ljava/lang/AbstractStringBuilder; 7 7 java/lang/AbstractStringBuilder ensureCapacityInternal (I)V 8 24 java/lang/AbstractStringBuilder newCapacity (I)I 9 29 jdk/internal/util/ArraysSupport newLength (III)I 8 32 java/util/Arrays copyOf ([BI)[B 7 11 java/lang/AbstractStringBuilder isLatin1 ()Z 7 18 java/lang/StringLatin1 canEncode (I)Z 7 46 java/lang/AbstractStringBuilder isLatin1 ()Z 7 72 java/lang/StringUTF16 putCharSB ([BII)V 8 2 java/lang/StringUTF16 checkIndex (I[B)V 9 2 java/lang/StringUTF16 length ([B)I 9 5 java/lang/String checkIndex (II)V 1 3354 java/lang/StringBuilder toString ()Ljava/lang/String; 2 1 java/lang/AbstractStringBuilder isLatin1 ()Z 2 16 java/lang/StringLatin1 newString ([BII)Ljava/lang/String; 3 16 java/util/Arrays copyOfRange ([BII)[B 3 20 java/lang/String <init> ([BB)V 4 1 java/lang/Object <init> ()V 1 3369 java/lang/String equals (Ljava/lang/Object;)Z 1 3446 java/util/ArrayList isEmpty ()Z 1 3458 java/util/ArrayList size ()I 1 3577 java/lang/StringBuilder length ()I 2 1 java/lang/AbstractStringBuilder length ()I 1 1248 io/mola/galimatias/URL scheme ()Ljava/lang/String;
